id_estudiante,nombre,carrera,edad,genero,semestre,id_nota,materia,nota,asistencia
2,Carlos Gómez,Educación,35,Masculino,10,1347,Python,9.91,98
2,Carlos Gómez,Educación,35,Masculino,10,1534,Base de Datos,8.3,88
3,Pedro Pérez,Sistemas,20,Masculino,4,3482,Estadística,6.26,95
3,Pedro Pérez,Sistemas,20,Masculino,4,3827,Python,8.1,60
3,Pedro Pérez,Sistemas,20,Masculino,4,4743,Programación,9.84,74
4,Andrés Ruiz,Sistemas,35,Masculino,9,4753,Administración,5.93,75
5,Pedro López,Derecho,26,Masculino,3,36,Auditoría,6.62,61
6,Pedro Díaz,Contabilidad,22,Masculino,6,861,Administración,9.59,72
6,Pedro Díaz,Contabilidad,22,Masculino,6,3445,Contabilidad,7.38,76
7,Luis Gómez,Derecho,21,Femenino,6,3208,Base de Datos,6.0,71
9,Luis Vega,Contabilidad,29,Masculino,2,4413,Python,8.34,92
12,Camila López,Educación,26,Masculino,10,4189,Estadística,7.03,72
13,Carlos Vega,Educación,25,Masculino,8,1470,Estadística,5.12,100
13,Carlos Vega,Educación,25,Masculino,8,2335,Estadística,5.35,86
17,Pedro Ramírez,Administración,26,Masculino,4,2109,Auditoría,7.38,60
18,Andrés Vega,Contabilidad,31,Femenino,6,1037,Administración,6.78,100
18,Andrés Vega,Contabilidad,31,Femenino,6,2060,Estadística,7.74,64
18,Andrés Vega,Contabilidad,31,Femenino,6,4868,Python,5.32,93
22,Ana Gómez,Educación,35,Femenino,6,796,Python,9.29,60
23,Luis Castillo,Derecho,23,Femenino,1,4290,Contabilidad,9.43,84
24,José Vega,Administración,34,Masculino,5,298,Contabilidad,9.29,69
24,José Vega,Administración,34,Masculino,5,4919,Auditoría,5.71,83
26,Andrés Vega,Sistemas,28,Femenino,1,1889,Investigación,6.0,79
26,Andrés Vega,Sistemas,28,Femenino,1,2356,Administración,5.08,83
26,Andrés Vega,Sistemas,28,Femenino,1,2801,Estadística,5.93,99
27,Luis Díaz,Contabilidad,25,Masculino,4,3051,Investigación,5.34,95
28,Sofía Gómez,Sistemas,33,Masculino,9,4135,Matemáticas,5.33,77
29,Carlos Torres,Educación,33,Masculino,5,577,Python,9.89,89
30,Andrés Ruiz,Derecho,24,Masculino,5,85,Administración,8.86,100
32,María López,Sistemas,28,Masculino,10,3719,Investigación,8.96,74
36,Carlos Ruiz,Psicología,33,Masculino,8,1786,Estadística,9.62,92
37,Pedro López,Sistemas,21,Femenino,6,702,Matemáticas,6.03,64
39,Pedro Díaz,Sistemas,25,Masculino,4,2755,Inglés,6.42,85
40,Andrés Ramírez,Administración,31,Masculino,5,1124,Administración,6.23,74
41,Daniela López,Sistemas,32,Masculino,1,3212,Inglés,5.8,66
41,Daniela López,Sistemas,32,Masculino,1,4372,Programación,9.93,72
41,Daniela López,Sistemas,32,Masculino,1,4613,Auditoría,7.08,90
42,Andrés Pérez,Sistemas,25,Masculino,7,2833,Investigación,6.76,60
42,Andrés Pérez,Sistemas,25,Masculino,7,3260,Investigación,6.04,86
42,Andrés Pérez,Sistemas,25,Masculino,7,4926,Python,5.44,93
43,Daniela Ramírez,Administración,30,Masculino,3,533,Programación,9.89,70
44,Pedro Pérez,Derecho,26,Femenino,5,2418,Programación,7.24,80
44,Pedro Pérez,Derecho,26,Femenino,5,4182,Programación,9.38,96
47,Ana Pérez,Psicología,33,Masculino,1,1076,Administración,7.33,69
47,Ana Pérez,Psicología,33,Masculino,1,3896,Investigación,8.88,71
48,Andrés Gómez,Administración,20,Masculino,4,1970,Investigación,5.58,70
48,Andrés Gómez,Administración,20,Masculino,4,2483,Administración,9.42,72
50,Luis Morales,Educación,34,Femenino,5,2300,Estadística,9.35,64
54,José Torres,Contabilidad,20,Masculino,6,7,Base de Datos,8.49,81
54,José Torres,Contabilidad,20,Masculino,6,1349,Contabilidad,9.92,73
54,José Torres,Contabilidad,20,Masculino,6,2013,Matemáticas,9.17,90
57,Carlos Castillo,Sistemas,21,Masculino,5,3302,Python,8.41,86
59,Andrés Ramírez,Contabilidad,19,Masculino,7,3808,Administración,8.51,97
59,Andrés Ramírez,Contabilidad,19,Masculino,7,4563,Contabilidad,8.12,63
60,José Pérez,Sistemas,28,Masculino,5,2347,Investigación,8.01,77
60,José Pérez,Sistemas,28,Masculino,5,2462,Investigación,8.51,82
61,Carlos Ramírez,Psicología,31,Masculino,2,946,Programación,10.0,83
61,Carlos Ramírez,Psicología,31,Masculino,2,4102,Base de Datos,9.77,86
64,Camila Pérez,Contabilidad,24,Masculino,2,344,Inglés,8.74,71
65,Camila Vega,Derecho,22,Masculino,3,79,Programación,6.5,66
66,Carlos Morales,Sistemas,23,Femenino,7,805,Administración,6.0,96
66,Carlos Morales,Sistemas,23,Femenino,7,2646,Base de Datos,9.27,78
67,María Castillo,Administración,21,Femenino,1,758,Administración,9.09,87
67,María Castillo,Administración,21,Femenino,1,1539,Auditoría,9.93,85
68,Daniela López,Administración,32,Femenino,5,1289,Matemáticas,5.45,60
69,María López,Sistemas,24,Femenino,6,1388,Estadística,6.94,77
69,María López,Sistemas,24,Femenino,6,4338,Python,9.56,73
70,José Gómez,Contabilidad,29,Femenino,9,942,Matemáticas,6.26,79
70,José Gómez,Contabilidad,29,Femenino,9,2619,Administración,8.76,85
70,José Gómez,Contabilidad,29,Femenino,9,4073,Base de Datos,7.7,91
74,María Castillo,Sistemas,31,Masculino,9,1305,Python,7.91,90
75,Andrés López,Contabilidad,31,Masculino,6,2398,Administración,8.63,96
77,José Morales,Contabilidad,30,Femenino,9,74,Inglés,8.11,96
77,José Morales,Contabilidad,30,Femenino,9,991,Contabilidad,7.1,66
79,Sofía Castillo,Derecho,35,Masculino,5,810,Administración,5.01,84
80,José López,Derecho,28,Femenino,8,2807,Auditoría,6.76,90
81,Daniela López,Psicología,33,Masculino,2,3121,Administración,7.08,69
83,José López,Administración,22,Masculino,1,2933,Matemáticas,7.07,94
86,María Torres,Educación,18,Masculino,7,2541,Administración,6.1,77
87,María Torres,Educación,34,Femenino,1,4978,Base de Datos,9.3,63
88,Andrés López,Sistemas,32,Masculino,8,3150,Matemáticas,7.21,93
88,Andrés López,Sistemas,32,Masculino,8,3704,Auditoría,5.1,84
92,José Ramírez,Sistemas,27,Masculino,5,1109,Programación,9.37,69
92,José Ramírez,Sistemas,27,Masculino,5,3913,Administración,5.3,60
93,Camila Díaz,Psicología,20,Masculino,3,787,Base de Datos,7.48,82
94,María Morales,Educación,22,Masculino,2,552,Contabilidad,8.27,75
95,Pedro Morales,Contabilidad,35,Femenino,7,30,Estadística,8.41,94
97,Pedro Ramírez,Sistemas,29,Femenino,7,1231,Matemáticas,6.9,66
98,Pedro Vega,Educación,35,Masculino,8,1585,Contabilidad,9.64,88
98,Pedro Vega,Educación,35,Masculino,8,2213,Inglés,8.27,69
99,María Castillo,Derecho,33,Masculino,7,3735,Estadística,6.59,83
100,Camila Morales,Educación,23,Femenino,3,3334,Programación,9.49,72
100,Camila Morales,Educación,23,Femenino,3,4988,Matemáticas,8.45,97
101,Sofía Vega,Sistemas,30,Masculino,2,1446,Inglés,7.49,91
102,Pedro Torres,Derecho,23,Masculino,5,659,Contabilidad,7.07,65
102,Pedro Torres,Derecho,23,Masculino,5,1016,Programación,8.84,96
104,Pedro Castillo,Derecho,26,Masculino,8,3577,Python,6.63,79
105,Ana Vega,Sistemas,29,Masculino,2,999,Estadística,9.53,96
105,Ana Vega,Sistemas,29,Masculino,2,1060,Programación,5.53,84
105,Ana Vega,Sistemas,29,Masculino,2,2805,Inglés,7.14,61
106,Ana Pérez,Administración,24,Masculino,10,2317,Programación,8.65,83
106,Ana Pérez,Administración,24,Masculino,10,3504,Estadística,8.57,91
107,Carlos López,Administración,33,Masculino,10,1069,Contabilidad,6.02,88
107,Carlos López,Administración,33,Masculino,10,3153,Auditoría,6.37,77
107,Carlos López,Administración,33,Masculino,10,4997,Python,6.99,87
110,Luis Ruiz,Sistemas,27,Femenino,7,4626,Base de Datos,7.28,79
112,Sofía Gómez,Psicología,19,Femenino,9,2491,Matemáticas,5.26,81
112,Sofía Gómez,Psicología,19,Femenino,9,2511,Programación,8.85,68
112,Sofía Gómez,Psicología,19,Femenino,9,2815,Administración,6.51,81
112,Sofía Gómez,Psicología,19,Femenino,9,3078,Python,9.23,93
113,Pedro Díaz,Sistemas,34,Femenino,1,777,Contabilidad,6.08,63
115,Carlos Morales,Administración,34,Femenino,10,277,Contabilidad,7.68,89
115,Carlos Morales,Administración,34,Femenino,10,4452,Base de Datos,8.2,91
116,Andrés Ramírez,Derecho,31,Femenino,6,186,Programación,5.63,62
116,Andrés Ramírez,Derecho,31,Femenino,6,1902,Programación,7.18,89
117,María Gómez,Contabilidad,32,Masculino,8,2670,Base de Datos,9.48,69
117,María Gómez,Contabilidad,32,Masculino,8,4128,Investigación,5.4,75
118,Sofía Ruiz,Educación,30,Femenino,1,1631,Base de Datos,8.16,79
121,María Gómez,Administración,31,Femenino,9,58,Estadística,9.63,75
122,María Ramírez,Educación,33,Femenino,1,4468,Administración,7.7,88
123,Luis Castillo,Administración,30,Masculino,5,4406,Programación,7.41,87
123,Luis Castillo,Administración,30,Masculino,5,4809,Estadística,7.37,93
126,José López,Sistemas,24,Femenino,2,244,Base de Datos,7.05,69
128,Sofía Vega,Psicología,27,Masculino,4,2831,Inglés,5.2,78
128,Sofía Vega,Psicología,27,Masculino,4,3611,Python,9.61,73
129,José López,Contabilidad,23,Femenino,1,581,Matemáticas,6.03,66
131,José Torres,Educación,33,Masculino,1,1975,Matemáticas,9.3,73
131,José Torres,Educación,33,Masculino,1,3529,Estadística,5.95,79
131,José Torres,Educación,33,Masculino,1,3697,Auditoría,9.46,86
133,Carlos Pérez,Contabilidad,33,Masculino,2,611,Contabilidad,7.77,97
133,Carlos Pérez,Contabilidad,33,Masculino,2,2678,Contabilidad,9.48,92
134,Pedro Ramírez,Sistemas,19,Masculino,3,421,Administración,8.94,82
134,Pedro Ramírez,Sistemas,19,Masculino,3,749,Estadística,9.65,70
134,Pedro Ramírez,Sistemas,19,Masculino,3,1348,Programación,5.68,79
136,Pedro Ruiz,Psicología,25,Femenino,8,2786,Inglés,5.94,61
137,Daniela Castillo,Psicología,31,Femenino,10,3473,Matemáticas,8.67,82
138,Sofía Pérez,Psicología,21,Masculino,4,4180,Inglés,6.09,68
141,Daniela Castillo,Sistemas,25,Femenino,5,2587,Administración,7.79,68
143,María Morales,Sistemas,35,Masculino,3,3970,Base de Datos,5.46,99
143,María Morales,Sistemas,35,Masculino,3,4671,Auditoría,7.18,82
144,José Torres,Sistemas,19,Masculino,5,1755,Contabilidad,5.81,63
144,José Torres,Sistemas,19,Masculino,5,3644,Auditoría,8.6,80
144,José Torres,Sistemas,19,Masculino,5,4399,Contabilidad,9.14,82
148,José Pérez,Sistemas,25,Masculino,5,4377,Auditoría,9.11,92
149,Sofía Pérez,Administración,33,Femenino,5,2928,Programación,7.41,84
151,Camila Morales,Contabilidad,28,Masculino,3,1395,Administración,8.42,82
153,Andrés Pérez,Derecho,20,Femenino,5,2073,Estadística,8.29,94
156,Daniela Ramírez,Sistemas,24,Femenino,9,1987,Investigación,7.88,95
156,Daniela Ramírez,Sistemas,24,Femenino,9,4680,Python,5.29,77
161,Andrés Castillo,Derecho,33,Femenino,4,138,Auditoría,6.9,60
161,Andrés Castillo,Derecho,33,Femenino,4,4685,Contabilidad,7.93,94
161,Andrés Castillo,Derecho,33,Femenino,4,4884,Python,7.18,84
162,Daniela Vega,Administración,30,Masculino,10,988,Python,8.45,86
163,Andrés Torres,Sistemas,26,Femenino,6,2311,Investigación,7.14,65
163,Andrés Torres,Sistemas,26,Femenino,6,3649,Inglés,9.69,84
163,Andrés Torres,Sistemas,26,Femenino,6,3691,Inglés,9.73,96
164,Andrés Castillo,Sistemas,27,Femenino,10,3689,Auditoría,8.44,83
165,Sofía Ramírez,Administración,32,Femenino,6,3174,Base de Datos,8.94,73
165,Sofía Ramírez,Administración,32,Femenino,6,4261,Matemáticas,7.03,84
166,Camila Vega,Psicología,30,Femenino,6,3084,Python,8.71,94
167,María López,Psicología,30,Masculino,7,152,Auditoría,5.76,68
168,Ana Díaz,Educación,33,Femenino,7,1834,Inglés,7.94,80
169,Carlos Ramírez,Sistemas,22,Femenino,2,3902,Programación,9.49,83
170,Daniela Gómez,Psicología,32,Masculino,3,4007,Programación,7.52,63
172,Sofía Morales,Educación,20,Femenino,9,2180,Base de Datos,6.89,67
172,Sofía Morales,Educación,20,Femenino,9,3656,Investigación,9.03,69
173,Pedro Díaz,Educación,33,Masculino,10,1876,Auditoría,5.17,63
174,Luis López,Educación,27,Masculino,2,2490,Base de Datos,5.78,92
175,Pedro Gómez,Educación,21,Femenino,3,294,Python,8.93,75
175,Pedro Gómez,Educación,21,Femenino,3,4244,Contabilidad,5.96,70
175,Pedro Gómez,Educación,21,Femenino,3,4357,Administración,6.19,85
176,José Pérez,Sistemas,28,Masculino,5,1706,Contabilidad,5.95,61
176,José Pérez,Sistemas,28,Masculino,5,3404,Investigación,7.87,60
177,Camila Díaz,Derecho,22,Masculino,9,2179,Base de Datos,9.21,66
177,Camila Díaz,Derecho,22,Masculino,9,2390,Programación,6.96,87
179,Luis Ruiz,Derecho,25,Femenino,10,568,Investigación,6.27,60
179,Luis Ruiz,Derecho,25,Femenino,10,835,Estadística,5.99,88
180,Carlos López,Derecho,26,Femenino,5,264,Investigación,6.37,96
180,Carlos López,Derecho,26,Femenino,5,3387,Base de Datos,8.86,64
182,Daniela Díaz,Psicología,27,Femenino,5,3554,Programación,7.24,63
184,María Morales,Psicología,29,Femenino,5,1156,Matemáticas,5.22,96
185,Ana Morales,Contabilidad,18,Masculino,10,1499,Auditoría,8.79,100
186,Daniela Castillo,Administración,29,Masculino,4,696,Administración,8.24,70
187,Sofía Castillo,Educación,22,Masculino,1,3293,Auditoría,9.42,84
187,Sofía Castillo,Educación,22,Masculino,1,4431,Investigación,9.68,94
188,José Ramírez,Sistemas,29,Masculino,2,2659,Investigación,6.35,100
188,José Ramírez,Sistemas,29,Masculino,2,3291,Administración,8.05,70
189,José Díaz,Educación,31,Masculino,4,2726,Programación,7.56,69
189,José Díaz,Educación,31,Masculino,4,3711,Base de Datos,9.03,66
189,José Díaz,Educación,31,Masculino,4,3968,Programación,7.92,74
193,Pedro Pérez,Contabilidad,35,Masculino,8,3242,Programación,6.34,78
193,Pedro Pérez,Contabilidad,35,Masculino,8,3871,Python,5.16,67
194,Camila Castillo,Psicología,30,Femenino,2,3374,Administración,7.14,84
195,María Ramírez,Sistemas,35,Femenino,10,2624,Auditoría,8.98,90
195,María Ramírez,Sistemas,35,Femenino,10,3306,Inglés,7.4,63
196,María Gómez,Educación,32,Femenino,7,809,Matemáticas,7.71,100
197,Luis Torres,Sistemas,19,Femenino,8,2565,Matemáticas,7.14,69
197,Luis Torres,Sistemas,19,Femenino,8,3011,Base de Datos,9.95,68
198,Luis Gómez,Administración,35,Masculino,7,3516,Administración,5.49,86
198,Luis Gómez,Administración,35,Masculino,7,4037,Inglés,7.02,99
199,Daniela Díaz,Educación,35,Femenino,10,3801,Python,8.21,74
199,Daniela Díaz,Educación,35,Femenino,10,3986,Auditoría,6.22,64
199,Daniela Díaz,Educación,35,Femenino,10,4277,Python,5.42,70
200,Carlos Morales,Educación,21,Femenino,10,1683,Inglés,7.32,68
200,Carlos Morales,Educación,21,Femenino,10,3843,Contabilidad,9.82,72
201,Pedro Castillo,Sistemas,29,Masculino,8,120,Python,6.22,90
203,Camila Pérez,Derecho,26,Masculino,2,2984,Administración,8.03,83
205,Camila López,Administración,24,Masculino,9,1721,Investigación,9.66,69
206,María Ruiz,Administración,25,Femenino,3,280,Auditoría,9.42,95
208,José Torres,Sistemas,18,Masculino,1,1622,Auditoría,6.19,84
208,José Torres,Sistemas,18,Masculino,1,2135,Matemáticas,9.89,87
208,José Torres,Sistemas,18,Masculino,1,3640,Inglés,5.35,75
208,José Torres,Sistemas,18,Masculino,1,3781,Python,8.26,86
210,José Pérez,Administración,31,Masculino,2,4738,Contabilidad,7.27,79
211,Daniela Ramírez,Contabilidad,34,Masculino,8,894,Matemáticas,5.85,78
211,Daniela Ramírez,Contabilidad,34,Masculino,8,4719,Contabilidad,7.7,86
212,Andrés López,Psicología,19,Femenino,8,4281,Base de Datos,9.94,80
213,Ana Pérez,Derecho,30,Femenino,2,1936,Contabilidad,8.41,67
213,Ana Pérez,Derecho,30,Femenino,2,2956,Auditoría,8.77,81
213,Ana Pérez,Derecho,30,Femenino,2,3318,Matemáticas,9.4,96
215,Carlos Gómez,Administración,26,Femenino,7,4487,Auditoría,7.26,84
216,Sofía Vega,Contabilidad,32,Femenino,2,657,Estadística,6.77,65
216,Sofía Vega,Contabilidad,32,Femenino,2,3538,Inglés,6.12,74
218,María Morales,Contabilidad,32,Femenino,7,5,Programación,5.99,94
218,María Morales,Contabilidad,32,Femenino,7,4339,Python,7.93,81
219,Luis Díaz,Derecho,28,Femenino,6,509,Auditoría,7.37,97
219,Luis Díaz,Derecho,28,Femenino,6,2255,Estadística,8.19,89
221,Pedro Gómez,Educación,29,Masculino,9,676,Inglés,9.71,73
221,Pedro Gómez,Educación,29,Masculino,9,4243,Estadística,9.9,96
224,Sofía Castillo,Contabilidad,21,Masculino,3,4363,Investigación,5.77,89
227,José Pérez,Administración,26,Femenino,6,1857,Matemáticas,8.99,79
227,José Pérez,Administración,26,Femenino,6,2849,Programación,5.13,86
227,José Pérez,Administración,26,Femenino,6,3578,Auditoría,7.82,64
229,Carlos Pérez,Sistemas,34,Masculino,7,2138,Inglés,7.16,61
229,Carlos Pérez,Sistemas,34,Masculino,7,2271,Python,6.69,72
230,Pedro Ramírez,Contabilidad,23,Femenino,5,2057,Base de Datos,5.71,97
230,Pedro Ramírez,Contabilidad,23,Femenino,5,2613,Matemáticas,6.41,94
230,Pedro Ramírez,Contabilidad,23,Femenino,5,2876,Contabilidad,7.29,96
232,Carlos Ruiz,Sistemas,20,Femenino,8,2325,Base de Datos,6.31,89
233,Pedro Ramírez,Psicología,32,Femenino,5,3517,Inglés,9.25,76
234,María Vega,Sistemas,29,Femenino,2,1751,Estadística,8.82,91
234,María Vega,Sistemas,29,Femenino,2,3439,Inglés,5.17,69
235,José Ruiz,Derecho,34,Femenino,1,1266,Python,8.32,80
236,María Morales,Psicología,19,Masculino,4,170,Inglés,9.25,71
236,María Morales,Psicología,19,Masculino,4,1772,Estadística,6.11,69
236,María Morales,Psicología,19,Masculino,4,1908,Contabilidad,9.88,75
237,José López,Administración,26,Femenino,6,2090,Investigación,8.17,61
237,José López,Administración,26,Femenino,6,3815,Inglés,8.02,92
238,Luis Pérez,Derecho,31,Masculino,3,142,Investigación,6.68,85
238,Luis Pérez,Derecho,31,Masculino,3,329,Base de Datos,6.37,79
238,Luis Pérez,Derecho,31,Masculino,3,1508,Inglés,9.52,63
239,Pedro Vega,Educación,25,Femenino,2,1477,Base de Datos,5.97,81
240,Pedro Pérez,Derecho,18,Femenino,2,1781,Estadística,5.73,77
242,Luis Morales,Sistemas,28,Masculino,10,1398,Programación,9.75,74
242,Luis Morales,Sistemas,28,Masculino,10,1409,Administración,9.4,86
242,Luis Morales,Sistemas,28,Masculino,10,2728,Administración,5.69,65
242,Luis Morales,Sistemas,28,Masculino,10,4412,Base de Datos,7.39,74
244,Pedro Ruiz,Derecho,34,Masculino,7,2344,Auditoría,6.17,91
244,Pedro Ruiz,Derecho,34,Masculino,7,4674,Matemáticas,5.6,60
245,José Díaz,Administración,28,Masculino,2,4496,Administración,8.78,84
246,Andrés Gómez,Psicología,34,Masculino,6,2917,Python,6.69,76
246,Andrés Gómez,Psicología,34,Masculino,6,4276,Python,8.83,61
247,Camila Torres,Administración,21,Masculino,5,2219,Administración,5.69,68
248,María Torres,Psicología,22,Masculino,3,2595,Base de Datos,6.83,65
249,Daniela Ramírez,Psicología,32,Femenino,6,476,Inglés,9.44,94
249,Daniela Ramírez,Psicología,32,Femenino,6,3584,Auditoría,5.19,94
251,José Ruiz,Sistemas,29,Masculino,5,934,Matemáticas,6.86,98
251,José Ruiz,Sistemas,29,Masculino,5,4713,Estadística,9.85,85
252,Daniela Ramírez,Sistemas,19,Femenino,5,332,Estadística,8.73,73
254,Sofía Vega,Educación,19,Femenino,10,886,Investigación,9.71,70
256,Daniela Gómez,Contabilidad,20,Masculino,1,441,Base de Datos,9.24,88
256,Daniela Gómez,Contabilidad,20,Masculino,1,1131,Auditoría,7.89,97
258,Camila Castillo,Derecho,31,Femenino,10,4248,Estadística,8.63,73
258,Camila Castillo,Derecho,31,Femenino,10,4990,Matemáticas,7.14,92
259,Ana Díaz,Sistemas,28,Masculino,9,513,Auditoría,9.74,67
259,Ana Díaz,Sistemas,28,Masculino,9,3878,Inglés,6.6,61
261,Sofía Torres,Contabilidad,27,Femenino,3,2362,Base de Datos,7.49,65
262,Sofía Gómez,Contabilidad,35,Femenino,6,2001,Estadística,6.69,67
262,Sofía Gómez,Contabilidad,35,Femenino,6,4622,Inglés,5.68,81
265,María López,Administración,22,Masculino,5,1419,Investigación,8.82,60
266,Luis Vega,Psicología,34,Masculino,6,2616,Matemáticas,6.35,96
266,Luis Vega,Psicología,34,Masculino,6,4650,Matemáticas,5.29,61
268,Carlos Ruiz,Administración,32,Masculino,7,4572,Administración,5.71,65
269,Camila López,Derecho,27,Femenino,4,4937,Inglés,5.35,87
274,Luis Castillo,Sistemas,23,Femenino,8,269,Auditoría,6.82,68
274,Luis Castillo,Sistemas,23,Femenino,8,882,Contabilidad,5.1,76
274,Luis Castillo,Sistemas,23,Femenino,8,2144,Investigación,6.57,64
278,Ana Díaz,Sistemas,28,Masculino,3,1883,Contabilidad,9.33,91
278,Ana Díaz,Sistemas,28,Masculino,3,3192,Administración,8.51,100
283,Pedro Ruiz,Derecho,20,Masculino,8,3791,Contabilidad,6.62,96
284,Sofía Vega,Sistemas,34,Masculino,3,842,Auditoría,8.1,75
286,Pedro Torres,Educación,20,Femenino,2,442,Base de Datos,5.34,83
286,Pedro Torres,Educación,20,Femenino,2,3225,Contabilidad,9.79,86
286,Pedro Torres,Educación,20,Femenino,2,4880,Python,5.99,61
288,Daniela Pérez,Educación,30,Femenino,5,4252,Programación,5.88,86
291,Camila Torres,Educación,32,Femenino,3,2472,Inglés,9.46,91
291,Camila Torres,Educación,32,Femenino,3,4948,Contabilidad,6.66,69
292,Carlos Gómez,Educación,32,Masculino,5,3046,Python,6.23,97
293,María Pérez,Administración,19,Femenino,5,2796,Auditoría,6.33,64
293,María Pérez,Administración,19,Femenino,5,3317,Base de Datos,5.74,78
294,Andrés Morales,Psicología,33,Femenino,1,1030,Programación,7.75,65
294,Andrés Morales,Psicología,33,Femenino,1,2948,Matemáticas,8.49,89
295,María Castillo,Contabilidad,19,Femenino,5,3807,Matemáticas,6.15,91
298,José Gómez,Educación,31,Masculino,7,538,Investigación,8.94,71
298,José Gómez,Educación,31,Masculino,7,3993,Investigación,6.82,74
299,Sofía Torres,Psicología,27,Femenino,2,4355,Contabilidad,5.65,94
300,Luis Díaz,Educación,27,Femenino,8,3245,Programación,8.69,75
300,Luis Díaz,Educación,27,Femenino,8,4233,Contabilidad,5.06,97
301,Sofía Morales,Administración,32,Femenino,8,1453,Base de Datos,9.27,96
303,Luis Morales,Contabilidad,34,Masculino,1,426,Contabilidad,6.01,72
304,Carlos Ruiz,Educación,32,Masculino,3,1625,Administración,5.28,62
304,Carlos Ruiz,Educación,32,Masculino,3,2022,Base de Datos,9.51,63
304,Carlos Ruiz,Educación,32,Masculino,3,2756,Programación,9.59,62
307,Camila Ramírez,Sistemas,22,Femenino,7,1832,Inglés,8.29,87
309,Daniela Vega,Derecho,35,Masculino,5,1646,Auditoría,5.9,91
310,José Ramírez,Administración,27,Femenino,4,388,Administración,9.38,99
310,José Ramírez,Administración,27,Femenino,4,1610,Investigación,6.33,81
311,Luis Torres,Sistemas,32,Masculino,8,1097,Estadística,5.37,71
311,Luis Torres,Sistemas,32,Masculino,8,2293,Matemáticas,9.62,98
312,Luis Díaz,Educación,29,Masculino,9,3630,Investigación,5.92,64
314,Andrés López,Sistemas,24,Masculino,4,103,Estadística,7.98,82
315,Daniela Pérez,Contabilidad,35,Femenino,8,2500,Contabilidad,9.95,69
317,Pedro Ramírez,Psicología,31,Femenino,10,2965,Auditoría,6.37,77
317,Pedro Ramírez,Psicología,31,Femenino,10,3882,Inglés,8.8,65
318,Luis Torres,Contabilidad,20,Femenino,8,4118,Matemáticas,8.34,97
320,Pedro Vega,Sistemas,21,Masculino,5,3111,Investigación,7.48,100
322,José Gómez,Contabilidad,24,Femenino,3,1158,Auditoría,5.73,70
323,José Ruiz,Psicología,20,Masculino,10,3792,Programación,5.28,68
323,José Ruiz,Psicología,20,Masculino,10,4297,Inglés,5.27,73
323,José Ruiz,Psicología,20,Masculino,10,4547,Python,5.78,79
324,Sofía Torres,Administración,28,Masculino,1,4079,Auditoría,5.0,72
325,Luis Pérez,Educación,26,Masculino,10,2295,Programación,8.96,86
327,José Castillo,Derecho,25,Femenino,5,1144,Administración,5.52,93
327,José Castillo,Derecho,25,Femenino,5,3239,Estadística,9.34,89
328,Daniela Gómez,Educación,19,Masculino,8,1077,Base de Datos,9.64,98
328,Daniela Gómez,Educación,19,Masculino,8,2631,Investigación,6.2,99
330,Carlos Díaz,Educación,28,Femenino,7,151,Python,9.75,72
330,Carlos Díaz,Educación,28,Femenino,7,2055,Programación,5.77,83
331,Carlos Díaz,Psicología,35,Masculino,6,4371,Estadística,6.21,95
332,María Ramírez,Sistemas,26,Femenino,4,1954,Programación,6.71,89
332,María Ramírez,Sistemas,26,Femenino,4,4077,Base de Datos,9.46,81
333,Carlos Gómez,Sistemas,27,Femenino,10,1793,Estadística,6.64,67
335,Carlos Ramírez,Psicología,32,Femenino,5,1691,Administración,6.83,95
337,María Ruiz,Contabilidad,19,Masculino,5,161,Administración,7.66,83
337,María Ruiz,Contabilidad,19,Masculino,5,3961,Estadística,6.39,95
338,Daniela Ruiz,Educación,33,Femenino,9,474,Python,5.41,96
341,Andrés López,Contabilidad,35,Femenino,2,3592,Administración,5.29,90
342,Pedro Vega,Derecho,35,Femenino,10,2924,Estadística,5.18,92
343,Sofía Gómez,Administración,21,Femenino,6,90,Contabilidad,6.82,62
343,Sofía Gómez,Administración,21,Femenino,6,4763,Programación,7.71,60
344,Camila Vega,Contabilidad,22,Masculino,10,427,Administración,9.67,92
344,Camila Vega,Contabilidad,22,Masculino,10,4151,Python,7.26,60
344,Camila Vega,Contabilidad,22,Masculino,10,4890,Programación,8.08,83
345,Andrés Morales,Psicología,19,Masculino,1,3509,Auditoría,5.54,66
347,Sofía Vega,Administración,28,Femenino,3,1224,Inglés,6.86,80
347,Sofía Vega,Administración,28,Femenino,3,3080,Base de Datos,6.42,61
349,Andrés Vega,Derecho,27,Femenino,1,1776,Matemáticas,5.54,92
349,Andrés Vega,Derecho,27,Femenino,1,3657,Inglés,7.05,94
349,Andrés Vega,Derecho,27,Femenino,1,4176,Inglés,9.05,85
351,José Pérez,Psicología,33,Femenino,10,1142,Matemáticas,7.59,83
351,José Pérez,Psicología,33,Femenino,10,3856,Administración,7.53,100
354,Sofía Gómez,Administración,18,Femenino,6,1653,Python,8.22,78
355,Pedro Torres,Derecho,24,Femenino,9,1778,Estadística,6.51,60
356,Sofía Ramírez,Educación,19,Masculino,9,306,Programación,6.51,61
357,María Vega,Contabilidad,33,Femenino,6,420,Investigación,9.91,76
357,María Vega,Contabilidad,33,Femenino,6,1386,Contabilidad,5.85,78
358,Carlos Ramírez,Psicología,28,Femenino,5,240,Administración,8.72,84
358,Carlos Ramírez,Psicología,28,Femenino,5,4935,Administración,6.14,88
359,Sofía Ramírez,Administración,25,Femenino,9,3634,Auditoría,5.07,69
359,Sofía Ramírez,Administración,25,Femenino,9,4754,Contabilidad,6.61,92
360,José López,Contabilidad,27,Masculino,8,2176,Python,6.0,78
361,Camila Ramírez,Contabilidad,35,Femenino,5,4271,Investigación,7.45,73
361,Camila Ramírez,Contabilidad,35,Femenino,5,4730,Inglés,9.5,75
362,Luis Ruiz,Educación,35,Femenino,7,1921,Base de Datos,7.5,77
363,Camila Torres,Contabilidad,19,Femenino,2,3222,Matemáticas,6.51,65
365,María Vega,Contabilidad,35,Femenino,3,3168,Contabilidad,8.04,92
365,María Vega,Contabilidad,35,Femenino,3,4114,Contabilidad,6.66,86
365,María Vega,Contabilidad,35,Femenino,3,4777,Administración,5.57,90
367,Andrés López,Educación,25,Masculino,2,2061,Investigación,7.41,79
367,Andrés López,Educación,25,Masculino,2,2427,Matemáticas,5.18,69
370,María Castillo,Contabilidad,27,Masculino,2,1825,Base de Datos,9.18,82
371,Sofía López,Psicología,19,Masculino,7,4735,Auditoría,9.63,100
372,Carlos Pérez,Derecho,33,Masculino,5,4870,Python,7.54,100
373,Ana Pérez,Contabilidad,21,Femenino,5,341,Matemáticas,6.98,98
373,Ana Pérez,Contabilidad,21,Femenino,5,1915,Python,6.27,99
374,Daniela Vega,Psicología,33,Masculino,9,1637,Auditoría,5.87,64
374,Daniela Vega,Psicología,33,Masculino,9,2534,Programación,6.19,62
374,Daniela Vega,Psicología,33,Masculino,9,3068,Contabilidad,7.24,74
375,Daniela Castillo,Administración,21,Femenino,3,610,Auditoría,9.32,69
375,Daniela Castillo,Administración,21,Femenino,3,2357,Administración,8.39,74
375,Daniela Castillo,Administración,21,Femenino,3,2618,Python,6.57,79
376,Daniela Castillo,Educación,23,Masculino,6,14,Matemáticas,8.87,65
376,Daniela Castillo,Educación,23,Masculino,6,1039,Base de Datos,7.46,86
376,Daniela Castillo,Educación,23,Masculino,6,1630,Matemáticas,8.51,68
377,José Ruiz,Educación,24,Masculino,10,252,Administración,8.98,78
377,José Ruiz,Educación,24,Masculino,10,748,Estadística,8.13,89
386,Daniela Vega,Educación,24,Masculino,10,1999,Python,6.79,76
388,Sofía Gómez,Sistemas,35,Masculino,10,1713,Base de Datos,6.77,89
389,Andrés Torres,Administración,28,Femenino,2,4960,Administración,6.67,88
391,Daniela Torres,Psicología,31,Femenino,10,1243,Investigación,5.49,70
392,Ana Vega,Derecho,27,Masculino,7,2763,Python,5.69,80
394,Pedro Díaz,Educación,20,Masculino,2,3456,Matemáticas,9.9,60
394,Pedro Díaz,Educación,20,Masculino,2,4820,Inglés,7.77,100
398,Andrés Morales,Psicología,22,Masculino,1,620,Python,7.06,100
399,Ana Castillo,Derecho,35,Femenino,9,987,Auditoría,9.97,66
401,José López,Educación,21,Masculino,7,1452,Base de Datos,5.74,82
402,Sofía Pérez,Administración,24,Masculino,2,265,Auditoría,8.73,78
402,Sofía Pérez,Administración,24,Masculino,2,1455,Estadística,7.08,71
404,Pedro Ramírez,Administración,35,Masculino,1,1429,Matemáticas,6.46,85
404,Pedro Ramírez,Administración,35,Masculino,1,4774,Estadística,5.62,68
407,María Morales,Contabilidad,26,Masculino,9,938,Base de Datos,9.27,73
407,María Morales,Contabilidad,26,Masculino,9,1287,Programación,5.11,66
407,María Morales,Contabilidad,26,Masculino,9,2975,Matemáticas,5.57,62
408,Sofía Torres,Educación,31,Femenino,1,4921,Estadística,8.16,74
409,Camila Morales,Psicología,28,Femenino,7,2834,Contabilidad,5.69,78
411,María Castillo,Educación,22,Femenino,1,3995,Contabilidad,5.4,76
416,Sofía Vega,Administración,33,Masculino,6,4267,Programación,9.29,94
417,José Pérez,Administración,24,Masculino,8,1078,Auditoría,9.22,79
418,María Ruiz,Educación,24,Femenino,4,2502,Investigación,7.04,79
421,Luis Ramírez,Contabilidad,24,Femenino,6,4059,Auditoría,6.5,76
423,José Vega,Psicología,31,Femenino,3,599,Contabilidad,6.89,98
423,José Vega,Psicología,31,Femenino,3,1690,Estadística,6.91,89
423,José Vega,Psicología,31,Femenino,3,2536,Matemáticas,9.95,73
425,Andrés Díaz,Contabilidad,33,Femenino,8,754,Investigación,8.13,74
425,Andrés Díaz,Contabilidad,33,Femenino,8,2086,Matemáticas,6.2,98
427,Andrés Pérez,Psicología,19,Masculino,1,150,Administración,6.12,64
427,Andrés Pérez,Psicología,19,Masculino,1,1888,Base de Datos,8.15,68
428,Ana Morales,Administración,25,Masculino,3,398,Inglés,9.37,95
428,Ana Morales,Administración,25,Masculino,3,2148,Contabilidad,9.25,85
428,Ana Morales,Administración,25,Masculino,3,3999,Auditoría,8.27,71
429,Ana López,Psicología,32,Femenino,1,2955,Contabilidad,5.16,82
430,Sofía Ruiz,Derecho,33,Masculino,1,3606,Investigación,8.69,93
431,Andrés Vega,Derecho,18,Masculino,9,1581,Base de Datos,7.32,90
434,Sofía Vega,Contabilidad,29,Femenino,7,3563,Administración,7.94,64
436,José Gómez,Educación,19,Masculino,7,1541,Python,8.52,82
437,Pedro Morales,Psicología,33,Masculino,1,403,Investigación,7.51,75
437,Pedro Morales,Psicología,33,Masculino,1,4936,Auditoría,5.68,62
438,Carlos Gómez,Derecho,31,Femenino,10,4376,Estadística,8.34,88
438,Carlos Gómez,Derecho,31,Femenino,10,4915,Contabilidad,8.61,83
439,Luis Vega,Sistemas,25,Masculino,10,4619,Estadística,8.03,65
439,Luis Vega,Sistemas,25,Masculino,10,4817,Matemáticas,7.64,74
440,Daniela Castillo,Sistemas,20,Femenino,9,645,Estadística,7.19,64
440,Daniela Castillo,Sistemas,20,Femenino,9,716,Administración,9.76,91
440,Daniela Castillo,Sistemas,20,Femenino,9,963,Auditoría,7.9,99
440,Daniela Castillo,Sistemas,20,Femenino,9,4799,Python,8.47,87
441,Sofía Pérez,Administración,28,Masculino,4,4642,Investigación,5.62,99
443,Carlos Ruiz,Administración,30,Femenino,7,966,Base de Datos,5.69,72
446,Ana Castillo,Derecho,33,Masculino,6,1116,Programación,7.31,95
446,Ana Castillo,Derecho,33,Masculino,6,1580,Contabilidad,8.78,67
446,Ana Castillo,Derecho,33,Masculino,6,2141,Administración,7.6,75
447,Andrés Morales,Derecho,23,Femenino,2,187,Programación,6.46,68
447,Andrés Morales,Derecho,23,Femenino,2,892,Administración,5.02,65
448,Sofía Castillo,Administración,20,Masculino,5,1022,Python,8.22,70
448,Sofía Castillo,Administración,20,Masculino,5,1926,Matemáticas,5.92,90
448,Sofía Castillo,Administración,20,Masculino,5,2164,Investigación,6.72,72
449,Carlos Morales,Educación,22,Femenino,6,342,Python,6.02,73
449,Carlos Morales,Educación,22,Femenino,6,2146,Contabilidad,8.05,87
452,Pedro Ramírez,Psicología,35,Femenino,2,3601,Programación,9.16,72
454,Sofía Díaz,Derecho,18,Femenino,7,3371,Investigación,6.77,68
454,Sofía Díaz,Derecho,18,Femenino,7,4361,Programación,9.42,83
455,Pedro Gómez,Educación,35,Masculino,10,793,Inglés,9.3,70
458,Carlos Morales,Contabilidad,31,Femenino,8,2591,Base de Datos,5.59,69
459,Luis Díaz,Contabilidad,25,Femenino,10,20,Matemáticas,9.11,80
459,Luis Díaz,Contabilidad,25,Femenino,10,1481,Programación,6.5,80
460,Sofía López,Derecho,21,Masculino,5,1293,Contabilidad,8.88,64
460,Sofía López,Derecho,21,Masculino,5,3161,Inglés,8.19,63
466,María Ruiz,Psicología,23,Masculino,8,951,Auditoría,7.02,80
468,Carlos Castillo,Administración,26,Masculino,7,2645,Matemáticas,8.5,95
468,Carlos Castillo,Administración,26,Masculino,7,2959,Estadística,7.77,78
470,Andrés Morales,Psicología,19,Femenino,9,2163,Matemáticas,7.54,95
472,Sofía Pérez,Psicología,30,Femenino,7,2473,Administración,5.03,89
472,Sofía Pérez,Psicología,30,Femenino,7,4324,Contabilidad,6.19,73
473,Luis Pérez,Sistemas,26,Masculino,9,931,Matemáticas,5.17,63
475,Pedro Ramírez,Educación,34,Masculino,6,784,Matemáticas,5.43,87
475,Pedro Ramírez,Educación,34,Masculino,6,2932,Matemáticas,6.16,97
479,Daniela Ramírez,Contabilidad,20,Femenino,1,3647,Investigación,8.84,67
480,Luis Pérez,Contabilidad,21,Masculino,4,64,Auditoría,8.68,63
480,Luis Pérez,Contabilidad,21,Masculino,4,851,Inglés,7.65,97
482,Pedro Ramírez,Administración,30,Masculino,3,1913,Python,6.66,75
482,Pedro Ramírez,Administración,30,Masculino,3,2387,Administración,5.76,73
486,Camila López,Derecho,21,Femenino,8,736,Contabilidad,9.34,68
488,Luis Díaz,Contabilidad,32,Masculino,5,863,Python,5.74,69
489,Sofía Ruiz,Sistemas,22,Femenino,2,1667,Contabilidad,5.68,89
489,Sofía Ruiz,Sistemas,22,Femenino,2,3924,Investigación,5.21,80
491,Andrés Morales,Derecho,22,Femenino,7,3964,Python,5.56,99
492,Carlos Ramírez,Educación,35,Masculino,9,1244,Matemáticas,9.07,90
492,Carlos Ramírez,Educación,35,Masculino,9,2600,Python,8.02,71
493,Carlos Ramírez,Contabilidad,22,Masculino,6,4534,Auditoría,8.66,68
494,Daniela Ruiz,Sistemas,29,Masculino,8,2776,Matemáticas,5.07,73
494,Daniela Ruiz,Sistemas,29,Masculino,8,3394,Programación,6.87,96
496,Daniela Morales,Educación,32,Femenino,3,2158,Base de Datos,6.56,87
498,José López,Psicología,27,Masculino,8,1331,Administración,7.79,86
498,José López,Psicología,27,Masculino,8,4835,Estadística,8.03,84
499,Sofía Ramírez,Psicología,34,Masculino,10,307,Inglés,9.24,87
499,Sofía Ramírez,Psicología,34,Masculino,10,2978,Contabilidad,9.88,61
499,Sofía Ramírez,Psicología,34,Masculino,10,3064,Programación,8.86,76
499,Sofía Ramírez,Psicología,34,Masculino,10,3575,Programación,5.3,83
500,Luis Castillo,Psicología,29,Masculino,8,4854,Contabilidad,9.97,80
502,Ana Ramírez,Contabilidad,29,Masculino,8,3432,Auditoría,9.01,78
502,Ana Ramírez,Contabilidad,29,Masculino,8,4247,Inglés,6.13,68
503,Luis López,Administración,29,Femenino,3,2504,Programación,7.14,63
504,Sofía Torres,Administración,24,Masculino,10,4645,Inglés,8.59,65
509,Sofía Castillo,Educación,31,Femenino,8,553,Estadística,7.33,70
511,Daniela Ramírez,Contabilidad,18,Masculino,8,817,Investigación,8.31,68
511,Daniela Ramírez,Contabilidad,18,Masculino,8,2920,Matemáticas,7.47,96
512,Camila Gómez,Psicología,30,Masculino,7,1602,Investigación,6.94,63
513,María Ramírez,Contabilidad,28,Femenino,6,4415,Python,5.58,84
516,Carlos Ramírez,Derecho,18,Femenino,4,3939,Contabilidad,8.15,77
516,Carlos Ramírez,Derecho,18,Femenino,4,4214,Auditoría,9.79,66
516,Carlos Ramírez,Derecho,18,Femenino,4,4562,Base de Datos,6.0,69
517,Carlos Castillo,Administración,26,Masculino,6,1623,Programación,8.22,91
518,José Gómez,Contabilidad,23,Masculino,7,2272,Matemáticas,9.79,66
518,José Gómez,Contabilidad,23,Masculino,7,3760,Python,7.24,86
519,José López,Derecho,20,Masculino,1,1102,Auditoría,5.23,64
519,José López,Derecho,20,Masculino,1,3838,Base de Datos,6.08,85
521,Daniela Pérez,Sistemas,28,Masculino,7,1988,Contabilidad,9.46,86
521,Daniela Pérez,Sistemas,28,Masculino,7,2413,Programación,5.92,61
522,Carlos Ramírez,Sistemas,25,Femenino,2,3342,Base de Datos,7.61,63
522,Carlos Ramírez,Sistemas,25,Femenino,2,3564,Programación,7.07,70
523,Luis Gómez,Contabilidad,29,Femenino,3,1261,Inglés,7.74,61
523,Luis Gómez,Contabilidad,29,Femenino,3,3556,Administración,5.33,77
524,Pedro Torres,Educación,22,Masculino,9,1633,Estadística,5.57,98
527,Luis Torres,Sistemas,30,Femenino,7,2738,Inglés,5.84,62
529,Andrés Ruiz,Psicología,27,Masculino,5,2652,Administración,6.71,98
532,María Ramírez,Educación,20,Masculino,6,2191,Base de Datos,7.54,92
532,María Ramírez,Educación,20,Masculino,6,4653,Administración,7.21,82
537,Andrés Vega,Psicología,22,Femenino,2,3590,Administración,6.23,69
538,José Gómez,Psicología,24,Masculino,9,1700,Matemáticas,9.46,89
539,Camila Morales,Psicología,20,Femenino,7,310,Base de Datos,6.38,100
539,Camila Morales,Psicología,20,Femenino,7,2147,Estadística,8.39,95
539,Camila Morales,Psicología,20,Femenino,7,4688,Administración,8.92,62
540,María Pérez,Administración,20,Femenino,2,376,Administración,5.47,84
541,Daniela Ruiz,Psicología,19,Femenino,3,3680,Administración,8.12,80
542,Luis Pérez,Educación,22,Masculino,3,783,Contabilidad,8.49,75
542,Luis Pérez,Educación,22,Masculino,3,4051,Matemáticas,7.34,70
545,Camila Morales,Contabilidad,34,Masculino,5,3624,Base de Datos,7.68,70
546,Sofía Gómez,Derecho,32,Femenino,1,3954,Matemáticas,9.06,76
547,Daniela Ruiz,Administración,29,Masculino,5,1324,Python,9.18,68
547,Daniela Ruiz,Administración,29,Masculino,5,1752,Auditoría,8.73,97
548,Luis Ruiz,Educación,21,Masculino,9,3910,Base de Datos,7.91,67
549,Ana Pérez,Sistemas,25,Masculino,8,1692,Programación,8.55,73
549,Ana Pérez,Sistemas,25,Masculino,8,3753,Administración,8.53,98
549,Ana Pérez,Sistemas,25,Masculino,8,3770,Inglés,6.95,72
549,Ana Pérez,Sistemas,25,Masculino,8,3905,Estadística,5.44,82
549,Ana Pérez,Sistemas,25,Masculino,8,4702,Contabilidad,5.83,87
549,Ana Pérez,Sistemas,25,Masculino,8,4843,Investigación,6.73,71
550,Camila Morales,Administración,23,Masculino,9,318,Estadística,9.16,65
550,Camila Morales,Administración,23,Masculino,9,3397,Estadística,7.83,95
550,Camila Morales,Administración,23,Masculino,9,3873,Contabilidad,7.26,67
550,Camila Morales,Administración,23,Masculino,9,4013,Investigación,5.68,78
551,Pedro López,Contabilidad,25,Femenino,6,2863,Python,5.77,67
552,José Gómez,Psicología,29,Masculino,9,4804,Investigación,5.14,65
555,Andrés Ramírez,Sistemas,29,Masculino,5,1460,Investigación,9.22,64
557,Sofía Ramírez,Administración,35,Masculino,3,1592,Python,7.06,93
557,Sofía Ramírez,Administración,35,Masculino,3,2913,Base de Datos,9.84,64
559,Camila Pérez,Educación,30,Femenino,2,1808,Inglés,8.39,71
562,Pedro Díaz,Derecho,20,Masculino,9,4134,Estadística,9.91,67
565,Camila Ramírez,Contabilidad,25,Masculino,4,162,Programación,8.24,60
565,Camila Ramírez,Contabilidad,25,Masculino,4,3693,Base de Datos,5.67,79
566,Carlos Ruiz,Sistemas,22,Masculino,3,571,Inglés,5.16,86
572,Ana Morales,Derecho,35,Masculino,2,233,Contabilidad,8.86,86
577,Ana Ramírez,Sistemas,23,Femenino,7,3715,Base de Datos,7.91,89
578,Daniela Pérez,Derecho,31,Masculino,6,3488,Matemáticas,9.82,77
581,Pedro Vega,Derecho,19,Masculino,5,1329,Python,9.65,73
581,Pedro Vega,Derecho,19,Masculino,5,4347,Estadística,9.35,100
582,Pedro Torres,Derecho,24,Masculino,9,47,Python,6.14,62
584,Daniela Díaz,Psicología,34,Femenino,7,964,Inglés,9.45,92
584,Daniela Díaz,Psicología,34,Femenino,7,2320,Investigación,9.42,67
585,José Torres,Sistemas,28,Masculino,1,2983,Investigación,9.38,69
589,Carlos López,Psicología,28,Femenino,10,2392,Programación,8.63,78
591,Andrés Castillo,Administración,33,Masculino,2,347,Investigación,9.31,62
591,Andrés Castillo,Administración,33,Masculino,2,2552,Investigación,6.23,85
594,Carlos Díaz,Sistemas,18,Masculino,10,4929,Investigación,9.71,94
596,Pedro Ruiz,Sistemas,28,Femenino,6,4364,Administración,9.7,73
596,Pedro Ruiz,Sistemas,28,Femenino,6,4471,Auditoría,5.69,96
596,Pedro Ruiz,Sistemas,28,Femenino,6,4549,Matemáticas,5.66,67
596,Pedro Ruiz,Sistemas,28,Femenino,6,4898,Administración,5.15,97
597,Carlos Torres,Educación,31,Femenino,6,121,Inglés,7.07,100
597,Carlos Torres,Educación,31,Femenino,6,4470,Programación,8.26,71
598,Carlos Vega,Educación,29,Masculino,10,2142,Auditoría,8.1,66
600,Ana Ruiz,Derecho,19,Masculino,10,1117,Contabilidad,8.36,76
600,Ana Ruiz,Derecho,19,Masculino,10,4254,Base de Datos,7.08,87
603,Luis Díaz,Derecho,18,Femenino,4,309,Estadística,6.61,69
603,Luis Díaz,Derecho,18,Femenino,4,4353,Matemáticas,7.26,81
605,Ana Morales,Derecho,31,Masculino,7,462,Base de Datos,9.86,64
605,Ana Morales,Derecho,31,Masculino,7,2594,Inglés,9.19,70
605,Ana Morales,Derecho,31,Masculino,7,3016,Administración,9.75,86
607,Daniela Ruiz,Educación,25,Masculino,8,3043,Administración,9.46,62
608,Luis Pérez,Contabilidad,18,Femenino,5,4268,Matemáticas,7.7,65
610,Luis Vega,Sistemas,28,Femenino,1,2136,Matemáticas,5.98,81
610,Luis Vega,Sistemas,28,Femenino,1,3041,Administración,5.78,81
610,Luis Vega,Sistemas,28,Femenino,1,4162,Programación,6.82,91
613,Andrés Castillo,Educación,27,Femenino,4,245,Inglés,8.91,76
614,Luis Pérez,Derecho,35,Femenino,3,1024,Inglés,6.6,81
614,Luis Pérez,Derecho,35,Femenino,3,4641,Base de Datos,5.13,90
615,Ana Díaz,Sistemas,31,Masculino,5,440,Investigación,6.82,70
615,Ana Díaz,Sistemas,31,Masculino,5,1001,Estadística,9.52,74
615,Ana Díaz,Sistemas,31,Masculino,5,2767,Contabilidad,6.65,99
617,Carlos Castillo,Sistemas,33,Masculino,5,275,Base de Datos,8.77,74
618,Pedro Ramírez,Derecho,26,Masculino,9,3714,Python,8.62,81
623,Ana Morales,Psicología,31,Femenino,10,1217,Programación,9.66,90
624,María Ramírez,Contabilidad,20,Femenino,1,3831,Contabilidad,7.09,61
624,María Ramírez,Contabilidad,20,Femenino,1,4122,Contabilidad,7.68,94
624,María Ramírez,Contabilidad,20,Femenino,1,4816,Base de Datos,8.65,70
625,Andrés Ruiz,Psicología,22,Masculino,8,4228,Estadística,7.83,68
626,Carlos Torres,Administración,24,Masculino,1,2719,Matemáticas,8.44,84
627,Pedro Gómez,Educación,31,Masculino,3,1130,Estadística,9.46,92
627,Pedro Gómez,Educación,31,Masculino,3,3001,Administración,8.27,98
628,Sofía Castillo,Contabilidad,20,Masculino,7,4286,Base de Datos,5.88,78
629,Andrés Morales,Psicología,28,Femenino,9,4827,Estadística,5.7,72
630,Daniela Pérez,Educación,34,Femenino,2,3895,Matemáticas,7.41,75
630,Daniela Pérez,Educación,34,Femenino,2,4334,Estadística,9.59,99
631,Pedro Torres,Administración,21,Masculino,10,641,Contabilidad,5.81,75
631,Pedro Torres,Administración,21,Masculino,10,664,Administración,6.26,75
632,Luis Castillo,Psicología,29,Femenino,5,792,Inglés,7.28,83
632,Luis Castillo,Psicología,29,Femenino,5,1151,Programación,8.22,73
633,Pedro Ramírez,Psicología,33,Masculino,3,386,Contabilidad,9.22,66
633,Pedro Ramírez,Psicología,33,Masculino,3,1356,Administración,8.96,71
633,Pedro Ramírez,Psicología,33,Masculino,3,3221,Matemáticas,5.69,72
635,Camila López,Sistemas,33,Femenino,6,3108,Investigación,5.64,60
635,Camila López,Sistemas,33,Femenino,6,3130,Auditoría,5.76,73
637,Luis López,Administración,27,Femenino,6,1775,Python,8.87,87
638,José Morales,Psicología,20,Masculino,8,2612,Administración,8.02,81
639,María Morales,Educación,33,Femenino,1,1334,Matemáticas,9.8,66
639,María Morales,Educación,33,Femenino,1,4488,Auditoría,5.32,100
640,Andrés Torres,Sistemas,27,Femenino,3,561,Auditoría,5.56,95
641,Andrés Ruiz,Sistemas,23,Masculino,4,2909,Base de Datos,8.91,79
643,María Castillo,Contabilidad,32,Femenino,2,644,Programación,8.73,82
643,María Castillo,Contabilidad,32,Femenino,2,1223,Inglés,8.07,94
644,Ana López,Contabilidad,33,Femenino,3,1774,Investigación,8.45,67
644,Ana López,Contabilidad,33,Femenino,3,3270,Inglés,7.81,82
644,Ana López,Contabilidad,33,Femenino,3,4778,Investigación,8.41,63
645,Daniela Ruiz,Psicología,29,Femenino,3,354,Investigación,9.35,81
645,Daniela Ruiz,Psicología,29,Femenino,3,3782,Administración,7.32,69
646,José Gómez,Contabilidad,18,Femenino,1,12,Programación,6.47,100
646,José Gómez,Contabilidad,18,Femenino,1,39,Estadística,8.66,64
646,José Gómez,Contabilidad,18,Femenino,1,2709,Auditoría,6.91,68
647,Carlos Ruiz,Administración,25,Masculino,4,4979,Administración,5.55,73
649,Carlos Torres,Psicología,18,Masculino,5,1254,Base de Datos,6.72,80
649,Carlos Torres,Psicología,18,Masculino,5,1957,Inglés,6.5,68
650,Sofía Castillo,Educación,26,Femenino,7,408,Python,6.28,69
651,Camila Ramírez,Contabilidad,24,Femenino,5,2291,Python,5.69,91
652,Andrés Ruiz,Derecho,21,Masculino,9,2456,Estadística,8.65,65
652,Andrés Ruiz,Derecho,21,Masculino,9,2971,Contabilidad,9.49,95
656,Sofía Morales,Educación,28,Masculino,1,2308,Administración,6.99,70
656,Sofía Morales,Educación,28,Masculino,1,4963,Administración,9.8,70
657,Daniela Castillo,Contabilidad,31,Femenino,7,67,Base de Datos,5.34,64
657,Daniela Castillo,Contabilidad,31,Femenino,7,4419,Contabilidad,8.15,64
658,Ana Ruiz,Educación,24,Femenino,4,3703,Administración,7.76,68
660,Andrés Torres,Contabilidad,21,Femenino,3,1617,Inglés,8.8,78
660,Andrés Torres,Contabilidad,21,Femenino,3,3290,Auditoría,7.85,86
661,José Vega,Administración,28,Masculino,4,134,Base de Datos,5.75,84
662,Camila López,Educación,27,Femenino,6,1642,Python,5.04,65
663,Camila Castillo,Psicología,27,Femenino,2,969,Inglés,6.66,71
665,Andrés Gómez,Educación,30,Femenino,7,3796,Investigación,6.72,64
667,Sofía Ramírez,Administración,28,Masculino,2,2359,Administración,7.14,90
668,Daniela Díaz,Educación,23,Femenino,1,3006,Investigación,7.11,69
669,Ana Ramírez,Contabilidad,24,Masculino,10,3573,Administración,7.26,66
672,Andrés López,Educación,29,Masculino,6,70,Investigación,8.29,96
672,Andrés López,Educación,29,Masculino,6,895,Inglés,9.22,79
674,Camila Castillo,Administración,21,Femenino,9,4312,Inglés,9.37,84
675,Sofía Castillo,Administración,20,Masculino,5,3598,Inglés,5.12,66
676,José Ramírez,Educación,34,Femenino,7,1570,Base de Datos,7.53,77
676,José Ramírez,Educación,34,Femenino,7,2205,Contabilidad,9.21,92
678,Pedro Pérez,Administración,25,Masculino,4,634,Inglés,9.23,81
678,Pedro Pérez,Administración,25,Masculino,4,4614,Matemáticas,8.43,91
679,Ana Ruiz,Psicología,23,Masculino,6,3160,Investigación,9.17,67
680,Ana Morales,Educación,26,Masculino,10,2713,Base de Datos,8.14,100
680,Ana Morales,Educación,26,Masculino,10,3471,Programación,5.91,92
681,Ana Gómez,Educación,18,Masculino,2,1679,Programación,8.77,86
681,Ana Gómez,Educación,18,Masculino,2,3271,Matemáticas,8.74,93
682,Pedro Ramírez,Derecho,21,Femenino,8,4975,Base de Datos,9.99,65
683,Carlos López,Educación,18,Femenino,7,1965,Investigación,9.38,79
685,Andrés Ruiz,Sistemas,27,Masculino,2,781,Contabilidad,5.4,73
686,Daniela López,Psicología,24,Femenino,9,4708,Matemáticas,6.85,99
688,Ana Vega,Derecho,24,Femenino,6,400,Base de Datos,6.36,92
689,María Pérez,Sistemas,20,Masculino,10,834,Auditoría,7.93,64
691,José López,Derecho,27,Femenino,8,371,Programación,8.23,62
692,Ana Gómez,Administración,19,Femenino,6,4665,Matemáticas,7.54,86
693,Camila Morales,Educación,21,Masculino,1,2951,Python,6.4,99
694,Ana Torres,Educación,23,Femenino,6,1550,Base de Datos,8.21,86
694,Ana Torres,Educación,23,Femenino,6,2421,Estadística,7.53,83
694,Ana Torres,Educación,23,Femenino,6,2855,Python,6.35,66
694,Ana Torres,Educación,23,Femenino,6,4317,Inglés,6.89,86
695,Daniela Ruiz,Contabilidad,20,Femenino,6,117,Contabilidad,7.58,100
695,Daniela Ruiz,Contabilidad,20,Femenino,6,3710,Administración,9.31,67
696,Carlos Gómez,Derecho,30,Femenino,5,1830,Estadística,9.34,67
696,Carlos Gómez,Derecho,30,Femenino,5,3083,Estadística,5.37,86
696,Carlos Gómez,Derecho,30,Femenino,5,3931,Base de Datos,8.86,62
697,Pedro Ramírez,Derecho,23,Masculino,3,1369,Investigación,7.51,68
697,Pedro Ramírez,Derecho,23,Masculino,3,2559,Matemáticas,5.7,96
697,Pedro Ramírez,Derecho,23,Masculino,3,4876,Auditoría,7.55,63
702,Andrés Ruiz,Educación,25,Femenino,9,174,Matemáticas,8.6,91
703,Andrés Ruiz,Sistemas,31,Masculino,8,901,Administración,9.04,86
703,Andrés Ruiz,Sistemas,31,Masculino,8,1161,Matemáticas,7.25,90
703,Andrés Ruiz,Sistemas,31,Masculino,8,1910,Python,7.34,80
703,Andrés Ruiz,Sistemas,31,Masculino,8,3677,Python,5.04,63
705,Carlos Vega,Derecho,33,Masculino,2,2901,Auditoría,5.12,66
705,Carlos Vega,Derecho,33,Masculino,2,4523,Administración,6.05,79
706,Daniela Díaz,Administración,28,Femenino,1,1740,Base de Datos,6.04,90
706,Daniela Díaz,Administración,28,Femenino,1,4934,Administración,5.93,65
707,Andrés López,Psicología,30,Femenino,4,1996,Inglés,5.65,72
708,Luis Ramírez,Derecho,32,Masculino,8,1597,Auditoría,5.65,96
708,Luis Ramírez,Derecho,32,Masculino,8,4142,Estadística,5.81,81
709,Daniela Díaz,Sistemas,33,Masculino,2,1671,Investigación,9.28,91
713,Andrés Ruiz,Psicología,33,Femenino,8,3,Auditoría,7.11,61
715,Camila Castillo,Psicología,34,Femenino,2,2586,Matemáticas,6.81,73
716,Ana Torres,Derecho,22,Femenino,2,1701,Estadística,6.95,71
716,Ana Torres,Derecho,22,Femenino,2,1732,Programación,6.97,91
718,María Ramírez,Administración,28,Masculino,7,2686,Estadística,5.45,61
719,Ana Ruiz,Sistemas,32,Femenino,10,2374,Estadística,5.45,97
719,Ana Ruiz,Sistemas,32,Femenino,10,3399,Auditoría,9.61,99
720,Andrés Torres,Derecho,18,Masculino,9,453,Administración,8.34,64
720,Andrés Torres,Derecho,18,Masculino,9,1400,Investigación,7.6,99
721,Pedro Ruiz,Derecho,34,Masculino,10,3385,Inglés,6.23,96
722,Carlos Torres,Sistemas,30,Femenino,9,1028,Inglés,7.24,67
722,Carlos Torres,Sistemas,30,Femenino,9,1392,Base de Datos,5.99,89
722,Carlos Torres,Sistemas,30,Femenino,9,1647,Contabilidad,6.74,60
723,Pedro Morales,Psicología,25,Femenino,7,4524,Administración,6.47,66
725,Sofía Vega,Contabilidad,35,Femenino,9,1561,Matemáticas,7.36,64
725,Sofía Vega,Contabilidad,35,Femenino,9,2850,Base de Datos,8.08,79
726,María López,Administración,27,Femenino,3,3499,Auditoría,9.8,83
727,Carlos Vega,Psicología,28,Masculino,6,875,Administración,7.23,76
727,Carlos Vega,Psicología,28,Masculino,6,3050,Programación,9.29,73
729,Ana Vega,Sistemas,18,Femenino,3,2332,Estadística,8.18,82
729,Ana Vega,Sistemas,18,Femenino,3,2439,Administración,9.55,77
731,José Torres,Sistemas,27,Masculino,9,1946,Python,9.26,70
731,José Torres,Sistemas,27,Masculino,9,3602,Contabilidad,9.46,96
731,José Torres,Sistemas,27,Masculino,9,4749,Contabilidad,5.37,67
732,Ana Díaz,Derecho,21,Masculino,9,760,Estadística,5.52,83
732,Ana Díaz,Derecho,21,Masculino,9,926,Matemáticas,7.21,86
733,Pedro López,Psicología,27,Masculino,7,536,Auditoría,6.16,62
733,Pedro López,Psicología,27,Masculino,7,2366,Estadística,7.17,61
733,Pedro López,Psicología,27,Masculino,7,3799,Matemáticas,7.24,67
734,Pedro Morales,Educación,28,Masculino,1,1374,Estadística,8.36,87
738,Andrés Gómez,Derecho,19,Femenino,5,3994,Base de Datos,5.46,95
738,Andrés Gómez,Derecho,19,Femenino,5,4328,Estadística,8.56,89
739,Andrés Castillo,Administración,23,Femenino,1,270,Contabilidad,6.63,86
739,Andrés Castillo,Administración,23,Femenino,1,1203,Programación,6.42,95
740,Camila Ramírez,Educación,22,Masculino,3,4887,Matemáticas,9.93,60
741,Camila Ruiz,Sistemas,27,Femenino,10,825,Base de Datos,9.04,79
741,Camila Ruiz,Sistemas,27,Femenino,10,1433,Programación,5.57,97
741,Camila Ruiz,Sistemas,27,Femenino,10,2370,Administración,9.36,96
741,Camila Ruiz,Sistemas,27,Femenino,10,3206,Contabilidad,8.96,69
742,Andrés Díaz,Sistemas,28,Masculino,3,1136,Investigación,6.82,60
742,Andrés Díaz,Sistemas,28,Masculino,3,1533,Matemáticas,9.09,97
743,Andrés Gómez,Psicología,23,Femenino,9,1616,Administración,7.67,81
744,Andrés Morales,Sistemas,29,Masculino,4,1681,Python,7.4,79
745,Camila Díaz,Contabilidad,27,Masculino,10,565,Programación,7.23,63
747,Daniela López,Educación,25,Masculino,6,897,Programación,6.94,83
747,Daniela López,Educación,25,Masculino,6,1191,Base de Datos,7.36,98
747,Daniela López,Educación,25,Masculino,6,2244,Contabilidad,8.23,89
748,Pedro Gómez,Derecho,26,Femenino,1,215,Inglés,6.74,81
750,Ana Castillo,Educación,24,Femenino,9,4932,Estadística,7.87,60
751,Luis Gómez,Administración,35,Masculino,2,293,Matemáticas,8.21,98
753,Andrés Morales,Educación,20,Masculino,1,1355,Auditoría,7.0,73
753,Andrés Morales,Educación,20,Masculino,1,3795,Administración,9.86,81
754,Daniela Díaz,Sistemas,20,Masculino,1,1595,Python,9.69,73
754,Daniela Díaz,Sistemas,20,Masculino,1,1842,Auditoría,5.47,81
754,Daniela Díaz,Sistemas,20,Masculino,1,2730,Administración,8.54,78
757,Ana Morales,Educación,21,Masculino,10,84,Investigación,9.15,62
757,Ana Morales,Educación,21,Masculino,10,4074,Base de Datos,9.96,60
757,Ana Morales,Educación,21,Masculino,10,4806,Administración,9.55,92
758,Luis Ruiz,Sistemas,20,Femenino,9,4611,Contabilidad,5.99,77
762,José Díaz,Sistemas,35,Masculino,2,4615,Auditoría,9.84,69
763,Ana Pérez,Psicología,30,Masculino,5,740,Investigación,7.58,77
764,María Díaz,Administración,31,Masculino,3,4045,Auditoría,6.92,85
764,María Díaz,Administración,31,Masculino,3,4103,Inglés,9.38,81
766,Carlos Ruiz,Sistemas,35,Femenino,9,632,Investigación,6.9,95
766,Carlos Ruiz,Sistemas,35,Femenino,9,4404,Programación,6.91,84
767,Luis Castillo,Educación,20,Femenino,2,4609,Python,8.89,96
768,María Ruiz,Derecho,28,Femenino,3,4,Matemáticas,6.16,98
769,María Gómez,Contabilidad,20,Masculino,6,4992,Matemáticas,9.95,81
771,Sofía Díaz,Contabilidad,31,Masculino,1,3152,Administración,9.58,92
774,José Ramírez,Psicología,21,Masculino,10,4755,Investigación,6.66,61
775,Luis Castillo,Administración,35,Masculino,5,1961,Inglés,8.3,96
775,Luis Castillo,Administración,35,Masculino,5,3468,Matemáticas,9.88,67
776,Luis Gómez,Sistemas,34,Masculino,10,831,Inglés,5.51,68
777,Sofía Morales,Psicología,24,Masculino,9,4970,Auditoría,9.93,61
779,Pedro López,Psicología,27,Masculino,8,1005,Python,5.05,68
781,Ana López,Psicología,23,Masculino,8,735,Base de Datos,9.81,86
781,Ana López,Psicología,23,Masculino,8,1019,Investigación,8.31,75
783,Ana López,Derecho,25,Masculino,5,3576,Base de Datos,5.01,93
784,Camila López,Sistemas,24,Femenino,7,1649,Auditoría,6.81,94
785,Daniela Ramírez,Sistemas,19,Femenino,2,3215,Investigación,5.64,68
786,Andrés Castillo,Educación,26,Masculino,7,2149,Auditoría,8.76,74
786,Andrés Castillo,Educación,26,Masculino,7,3570,Contabilidad,6.78,87
787,Pedro Díaz,Psicología,20,Femenino,7,1092,Base de Datos,9.86,94
787,Pedro Díaz,Psicología,20,Femenino,7,2846,Base de Datos,7.63,80
789,Daniela Ruiz,Sistemas,34,Masculino,8,1245,Inglés,8.72,76
790,Carlos López,Sistemas,34,Femenino,4,3447,Inglés,7.46,96
791,Carlos Torres,Administración,29,Masculino,4,1779,Estadística,9.6,73
794,María Pérez,Administración,23,Masculino,9,4765,Contabilidad,5.4,77
795,Ana Ruiz,Administración,19,Masculino,5,3581,Base de Datos,8.0,96
796,Carlos Vega,Derecho,18,Femenino,2,268,Python,6.54,88
797,María Ramírez,Psicología,33,Femenino,3,1514,Inglés,6.55,89
798,María Morales,Psicología,22,Masculino,10,1587,Programación,8.19,87
798,María Morales,Psicología,22,Masculino,10,1632,Inglés,8.06,97
798,María Morales,Psicología,22,Masculino,10,4528,Matemáticas,8.99,88
798,María Morales,Psicología,22,Masculino,10,4758,Investigación,6.59,62
799,Andrés Castillo,Administración,28,Femenino,10,2674,Python,6.09,72
801,Luis Pérez,Administración,34,Femenino,3,1175,Investigación,5.67,90
801,Luis Pérez,Administración,34,Femenino,3,1836,Inglés,5.5,73
805,Ana Vega,Derecho,25,Femenino,7,1118,Matemáticas,8.63,91
805,Ana Vega,Derecho,25,Femenino,7,1494,Programación,8.38,68
805,Ana Vega,Derecho,25,Femenino,7,4407,Base de Datos,8.83,93
806,Camila Ruiz,Educación,21,Femenino,3,3287,Investigación,7.9,86
807,José Ramírez,Administración,20,Femenino,10,53,Python,7.01,81
807,José Ramírez,Administración,20,Femenino,10,2207,Estadística,5.36,62
812,Camila Ruiz,Contabilidad,30,Masculino,7,2445,Python,5.85,84
812,Camila Ruiz,Contabilidad,30,Masculino,7,3918,Base de Datos,6.94,100
817,Sofía Pérez,Administración,30,Masculino,2,3587,Inglés,5.97,69
818,Carlos Ramírez,Psicología,31,Masculino,2,1003,Base de Datos,9.37,78
819,José López,Contabilidad,20,Masculino,7,1238,Contabilidad,9.02,95
819,José López,Contabilidad,20,Masculino,7,4078,Python,9.98,65
819,José López,Contabilidad,20,Masculino,7,4365,Base de Datos,8.84,76
820,Pedro Ruiz,Educación,34,Femenino,10,75,Estadística,7.69,92
820,Pedro Ruiz,Educación,34,Femenino,10,1120,Contabilidad,8.1,72
820,Pedro Ruiz,Educación,34,Femenino,10,2812,Contabilidad,9.02,81
820,Pedro Ruiz,Educación,34,Femenino,10,2873,Auditoría,7.46,77
820,Pedro Ruiz,Educación,34,Femenino,10,4240,Estadística,7.52,74
821,Ana Torres,Educación,33,Femenino,1,4969,Inglés,8.89,84
822,María Vega,Contabilidad,24,Masculino,10,1188,Matemáticas,7.54,81
822,María Vega,Contabilidad,24,Masculino,10,2553,Programación,5.69,60
823,Andrés Vega,Educación,25,Masculino,1,243,Inglés,5.5,89
823,Andrés Vega,Educación,25,Masculino,1,2360,Investigación,6.47,72
823,Andrés Vega,Educación,25,Masculino,1,4553,Contabilidad,6.52,93
824,Camila López,Educación,18,Masculino,2,2262,Base de Datos,6.47,94
826,María Vega,Sistemas,20,Masculino,9,2345,Python,5.31,60
826,María Vega,Sistemas,20,Masculino,9,2509,Investigación,5.92,91
827,José Vega,Psicología,29,Femenino,5,2910,Estadística,7.49,63
828,María Ruiz,Administración,32,Femenino,10,916,Contabilidad,9.34,82
828,María Ruiz,Administración,32,Femenino,10,2623,Programación,9.04,69
828,María Ruiz,Administración,32,Femenino,10,3010,Base de Datos,9.35,87
829,Ana Castillo,Administración,31,Masculino,9,3251,Investigación,7.56,65
830,Luis Vega,Contabilidad,28,Masculino,9,1335,Matemáticas,7.66,72
830,Luis Vega,Contabilidad,28,Masculino,9,2152,Administración,8.25,61
830,Luis Vega,Contabilidad,28,Masculino,9,3525,Estadística,8.2,80
831,José Vega,Psicología,26,Femenino,7,2476,Investigación,7.46,65
831,José Vega,Psicología,26,Femenino,7,3228,Investigación,9.02,60
833,Sofía Pérez,Derecho,21,Femenino,2,4438,Estadística,8.01,60
833,Sofía Pérez,Derecho,21,Femenino,2,4449,Investigación,7.35,66
834,Pedro López,Educación,25,Femenino,7,1800,Base de Datos,5.32,72
834,Pedro López,Educación,25,Femenino,7,4968,Matemáticas,5.5,65
835,Camila Vega,Psicología,18,Femenino,4,2282,Programación,8.96,96
836,José Gómez,Derecho,28,Masculino,9,2399,Base de Datos,6.88,87
837,Carlos Ramírez,Contabilidad,29,Masculino,10,4695,Investigación,9.54,66
838,José Torres,Educación,24,Femenino,4,9,Estadística,6.9,82
838,José Torres,Educación,24,Femenino,4,4512,Matemáticas,9.3,92
840,María Ruiz,Contabilidad,22,Masculino,2,1065,Auditoría,9.34,95
840,María Ruiz,Contabilidad,22,Masculino,2,3079,Programación,6.99,91
841,Luis Ramírez,Psicología,18,Masculino,8,399,Programación,9.26,78
841,Luis Ramírez,Psicología,18,Masculino,8,4231,Programación,7.21,68
843,Carlos Vega,Contabilidad,30,Masculino,10,2563,Programación,6.48,92
844,Carlos Pérez,Psicología,31,Femenino,9,3362,Contabilidad,9.64,73
845,Ana Vega,Contabilidad,30,Masculino,8,1498,Programación,8.83,79
849,José Ramírez,Psicología,28,Femenino,3,3535,Contabilidad,8.07,65
851,Pedro Castillo,Derecho,23,Masculino,10,4841,Programación,5.35,85
852,María Gómez,Educación,26,Masculino,9,1263,Contabilidad,8.09,65
852,María Gómez,Educación,26,Masculino,9,1593,Inglés,6.76,78
852,María Gómez,Educación,26,Masculino,9,2574,Contabilidad,9.58,83
852,María Gómez,Educación,26,Masculino,9,3158,Python,6.85,99
853,Pedro Morales,Administración,22,Masculino,8,873,Inglés,5.7,64
858,José Díaz,Contabilidad,35,Femenino,6,883,Estadística,6.71,84
858,José Díaz,Contabilidad,35,Femenino,6,4856,Contabilidad,9.2,68
860,Sofía Vega,Administración,27,Femenino,6,4469,Contabilidad,7.02,69
862,Sofía Castillo,Derecho,22,Masculino,6,1798,Investigación,7.19,65
863,Pedro Ruiz,Psicología,30,Masculino,2,2042,Administración,7.58,72
864,Carlos Díaz,Administración,28,Femenino,5,2892,Base de Datos,8.64,84
865,José Ruiz,Educación,30,Femenino,8,1338,Auditoría,6.79,89
866,Camila Ruiz,Psicología,32,Femenino,3,3282,Administración,7.51,94
868,María Torres,Derecho,21,Masculino,2,1509,Investigación,5.27,87
868,María Torres,Derecho,21,Masculino,2,2277,Administración,6.62,60
871,José López,Administración,27,Femenino,3,4513,Programación,8.55,83
872,Carlos Vega,Administración,18,Masculino,6,2515,Base de Datos,8.15,98
872,Carlos Vega,Administración,18,Masculino,6,2558,Programación,8.68,81
872,Carlos Vega,Administración,18,Masculino,6,3227,Inglés,9.03,82
872,Carlos Vega,Administración,18,Masculino,6,3866,Matemáticas,8.2,89
873,Camila Ramírez,Derecho,35,Femenino,9,2614,Estadística,6.06,60
873,Camila Ramírez,Derecho,35,Femenino,9,4060,Base de Datos,7.78,74
874,Daniela Torres,Educación,35,Masculino,10,124,Investigación,6.09,93
876,Daniela Vega,Administración,20,Femenino,5,3377,Estadística,6.22,80
877,Camila Morales,Contabilidad,22,Femenino,1,627,Estadística,7.62,75
877,Camila Morales,Contabilidad,22,Femenino,1,666,Base de Datos,6.52,85
877,Camila Morales,Contabilidad,22,Femenino,1,1040,Contabilidad,8.05,72
877,Camila Morales,Contabilidad,22,Femenino,1,1521,Administración,7.78,64
880,Ana Morales,Contabilidad,25,Masculino,9,3974,Python,6.19,79
881,Camila López,Derecho,35,Femenino,7,4081,Contabilidad,7.97,99
883,José Gómez,Derecho,25,Femenino,5,2274,Administración,6.61,100
884,Andrés Castillo,Derecho,24,Masculino,3,2140,Inglés,6.19,81
884,Andrés Castillo,Derecho,24,Masculino,3,3868,Inglés,5.72,64
885,Carlos Castillo,Sistemas,32,Femenino,5,308,Inglés,8.56,88
885,Carlos Castillo,Sistemas,32,Femenino,5,2154,Estadística,5.06,64
886,Sofía Ramírez,Administración,28,Masculino,3,948,Inglés,5.32,77
886,Sofía Ramírez,Administración,28,Masculino,3,1806,Estadística,6.25,91
887,Ana Vega,Sistemas,23,Masculino,5,4664,Administración,8.52,89
890,Pedro Castillo,Derecho,29,Femenino,1,4253,Estadística,8.82,73
891,Camila Gómez,Administración,19,Femenino,7,3360,Matemáticas,6.07,92
891,Camila Gómez,Administración,19,Femenino,7,4436,Inglés,7.72,65
892,Luis Vega,Derecho,23,Masculino,5,4368,Inglés,8.13,91
895,María Ramírez,Derecho,27,Femenino,3,2342,Base de Datos,5.4,65
896,Ana Vega,Psicología,21,Femenino,8,54,Matemáticas,5.96,94
896,Ana Vega,Psicología,21,Femenino,8,684,Matemáticas,8.29,82
899,Sofía Gómez,Derecho,25,Masculino,1,27,Base de Datos,8.14,87
899,Sofía Gómez,Derecho,25,Masculino,1,1542,Contabilidad,9.33,75
901,María Torres,Derecho,20,Femenino,1,300,Python,5.66,82
902,Ana Díaz,Educación,22,Masculino,3,2438,Programación,7.03,81
902,Ana Díaz,Educación,22,Masculino,3,2555,Python,8.82,62
903,Daniela López,Contabilidad,35,Femenino,8,2588,Python,9.56,83
904,María Pérez,Educación,30,Femenino,3,2054,Estadística,6.85,78
904,María Pérez,Educación,30,Femenino,3,3070,Auditoría,8.05,68
905,José Pérez,Derecho,32,Femenino,9,4204,Contabilidad,5.7,77
906,Daniela López,Psicología,23,Femenino,6,4657,Python,7.77,67
907,Daniela Castillo,Psicología,35,Masculino,2,2484,Matemáticas,6.42,68
907,Daniela Castillo,Psicología,35,Masculino,2,3279,Auditoría,6.45,70
908,Andrés Torres,Derecho,27,Femenino,9,4195,Python,7.07,81
909,Camila Ramírez,Sistemas,34,Femenino,3,864,Programación,9.3,64
913,Luis Gómez,Psicología,20,Masculino,3,1,Python,8.71,75
913,Luis Gómez,Psicología,20,Masculino,3,3643,Estadística,7.05,94
914,Carlos Pérez,Administración,21,Femenino,4,3349,Inglés,8.89,72
916,Sofía Ruiz,Contabilidad,19,Femenino,4,3311,Base de Datos,6.83,81
917,Sofía Gómez,Sistemas,24,Femenino,2,37,Administración,9.39,79
918,Daniela Pérez,Contabilidad,35,Femenino,6,1703,Base de Datos,7.48,73
918,Daniela Pérez,Contabilidad,35,Femenino,6,3424,Inglés,5.08,84
921,María Vega,Derecho,24,Masculino,9,1380,Python,6.22,99
921,María Vega,Derecho,24,Masculino,9,2567,Inglés,5.85,67
921,María Vega,Derecho,24,Masculino,9,3398,Programación,5.79,92
921,María Vega,Derecho,24,Masculino,9,3443,Inglés,7.32,86
923,Sofía Díaz,Educación,32,Femenino,2,4194,Auditoría,5.01,73
924,Carlos Torres,Psicología,30,Femenino,3,3914,Programación,8.33,97
925,Andrés Ruiz,Derecho,29,Femenino,9,3497,Inglés,7.13,70
926,Camila Díaz,Derecho,31,Femenino,10,1873,Administración,7.73,90
929,Ana Castillo,Psicología,18,Masculino,5,1154,Inglés,8.38,90
929,Ana Castillo,Psicología,18,Masculino,5,2682,Base de Datos,7.29,83
934,Luis Ruiz,Derecho,24,Masculino,6,705,Contabilidad,8.35,91
934,Luis Ruiz,Derecho,24,Masculino,6,4701,Auditoría,7.23,60
935,Daniela Torres,Derecho,21,Femenino,1,191,Estadística,7.0,64
936,Sofía Morales,Sistemas,19,Femenino,6,724,Contabilidad,8.88,83
936,Sofía Morales,Sistemas,19,Femenino,6,2949,Python,7.49,62
937,Pedro Morales,Sistemas,25,Masculino,7,2654,Contabilidad,7.27,94
938,Ana Castillo,Psicología,19,Femenino,9,1503,Python,9.79,95
938,Ana Castillo,Psicología,19,Femenino,9,2894,Python,9.23,64
940,Ana Morales,Derecho,34,Masculino,4,1086,Administración,7.23,99
940,Ana Morales,Derecho,34,Masculino,4,2741,Base de Datos,9.05,87
945,María Vega,Psicología,34,Masculino,4,3189,Programación,8.29,71
945,María Vega,Psicología,34,Masculino,4,3623,Base de Datos,9.51,91
945,María Vega,Psicología,34,Masculino,4,4263,Base de Datos,9.5,74
946,Luis Castillo,Derecho,28,Masculino,2,2999,Matemáticas,7.23,86
947,Pedro Morales,Contabilidad,29,Masculino,6,4617,Matemáticas,5.79,89
948,Camila Ruiz,Educación,18,Femenino,3,105,Investigación,9.5,72
949,Camila Ruiz,Derecho,22,Femenino,1,1496,Python,6.55,62
950,María López,Educación,29,Masculino,2,3232,Auditoría,9.04,88
950,María López,Educación,29,Masculino,2,4620,Estadística,6.91,66
951,Luis Pérez,Administración,22,Femenino,1,692,Base de Datos,6.74,81
951,Luis Pérez,Administración,22,Femenino,1,785,Inglés,8.06,63
951,Luis Pérez,Administración,22,Femenino,1,1928,Inglés,5.2,82
953,Camila López,Educación,35,Masculino,4,564,Matemáticas,8.58,91
953,Camila López,Educación,35,Masculino,4,1213,Contabilidad,5.34,100
953,Camila López,Educación,35,Masculino,4,3612,Contabilidad,5.02,75
955,Carlos Pérez,Derecho,34,Masculino,5,3040,Administración,9.02,74
955,Carlos Pérez,Derecho,34,Masculino,5,4683,Python,7.23,91
959,Andrés Gómez,Contabilidad,33,Masculino,3,4867,Python,5.93,71
962,Carlos Pérez,Contabilidad,29,Femenino,5,555,Contabilidad,6.84,74
962,Carlos Pérez,Contabilidad,29,Femenino,5,2417,Base de Datos,9.31,71
962,Carlos Pérez,Contabilidad,29,Femenino,5,2522,Investigación,5.34,86
964,Ana Vega,Contabilidad,25,Masculino,6,1502,Contabilidad,5.75,77
965,Pedro Torres,Sistemas,30,Masculino,7,449,Contabilidad,8.87,88
965,Pedro Torres,Sistemas,30,Masculino,7,994,Contabilidad,5.57,66
965,Pedro Torres,Sistemas,30,Masculino,7,4091,Base de Datos,5.54,88
966,María Ruiz,Administración,31,Femenino,10,710,Matemáticas,6.53,71
966,María Ruiz,Administración,31,Femenino,10,3462,Contabilidad,8.28,92
966,María Ruiz,Administración,31,Femenino,10,4728,Contabilidad,9.52,65
967,Camila Ramírez,Psicología,22,Masculino,3,1471,Matemáticas,9.0,86
968,Sofía Vega,Educación,24,Masculino,5,790,Python,6.68,87
970,Luis Vega,Psicología,21,Masculino,6,1101,Programación,5.03,99
970,Luis Vega,Psicología,21,Masculino,6,1153,Matemáticas,7.07,81
970,Luis Vega,Psicología,21,Masculino,6,2788,Programación,5.42,87
970,Luis Vega,Psicología,21,Masculino,6,4897,Inglés,7.65,91
971,Carlos Pérez,Contabilidad,31,Femenino,5,4989,Python,6.39,68
972,Daniela Castillo,Administración,24,Masculino,3,3029,Contabilidad,6.37,88
973,Carlos Pérez,Psicología,26,Masculino,10,4545,Estadística,9.06,87
974,María López,Educación,18,Femenino,2,498,Base de Datos,9.88,85
974,María López,Educación,18,Femenino,2,2487,Investigación,7.45,91
974,María López,Educación,18,Femenino,2,4236,Estadística,9.03,98
977,María Pérez,Derecho,18,Femenino,7,1799,Base de Datos,6.97,97
979,Sofía Ramírez,Educación,28,Femenino,4,3567,Administración,5.45,85
981,Sofía Ruiz,Psicología,35,Masculino,9,4344,Investigación,9.58,99
982,Luis Ramírez,Derecho,19,Masculino,9,965,Investigación,7.65,86
983,Andrés Morales,Educación,19,Femenino,9,3038,Inglés,9.44,91
983,Andrés Morales,Educación,19,Femenino,9,4191,Matemáticas,5.66,62
986,Ana Vega,Administración,32,Femenino,2,2516,Python,7.93,72
986,Ana Vega,Administración,32,Femenino,2,3421,Inglés,8.7,82
986,Ana Vega,Administración,32,Femenino,2,3469,Programación,8.56,68
986,Ana Vega,Administración,32,Femenino,2,3585,Contabilidad,9.68,66
986,Ana Vega,Administración,32,Femenino,2,3834,Python,9.4,90
986,Ana Vega,Administración,32,Femenino,2,4715,Inglés,9.73,82
988,Pedro Díaz,Derecho,18,Masculino,8,1948,Contabilidad,7.45,87
990,Carlos Gómez,Sistemas,21,Femenino,6,1041,Investigación,6.08,72
990,Carlos Gómez,Sistemas,21,Femenino,6,1638,Contabilidad,5.71,86
992,Andrés Morales,Sistemas,23,Femenino,10,3305,Auditoría,8.24,94
993,Carlos Torres,Administración,23,Masculino,7,1614,Auditoría,7.68,82
994,José Castillo,Educación,32,Femenino,3,2252,Administración,5.38,66
995,Luis Torres,Administración,18,Femenino,1,225,Python,9.87,98
995,Luis Torres,Administración,18,Femenino,1,832,Python,5.31,74
995,Luis Torres,Administración,18,Femenino,1,2858,Auditoría,8.37,63
995,Luis Torres,Administración,18,Femenino,1,4137,Programación,8.83,94
997,Daniela López,Administración,33,Femenino,7,2725,Matemáticas,8.03,94
1000,Carlos Torres,Sistemas,29,Masculino,3,2408,Inglés,8.21,92
1000,Carlos Torres,Sistemas,29,Masculino,3,4533,Auditoría,7.62,95
1002,Ana Gómez,Derecho,23,Masculino,5,2744,Python,6.59,60
1003,Sofía Ruiz,Psicología,35,Masculino,8,2939,Estadística,5.38,94
1004,Sofía Díaz,Sistemas,20,Femenino,6,837,Python,9.71,63
1006,Daniela Torres,Sistemas,26,Femenino,9,1802,Matemáticas,9.19,91
1006,Daniela Torres,Sistemas,26,Femenino,9,2715,Estadística,5.71,76
1007,Pedro Vega,Administración,24,Masculino,2,3960,Administración,8.8,63
1008,Sofía Vega,Sistemas,33,Femenino,7,2012,Matemáticas,7.2,86
1008,Sofía Vega,Sistemas,33,Femenino,7,2103,Base de Datos,8.63,77
1008,Sofía Vega,Sistemas,33,Femenino,7,2419,Python,5.64,73
1009,Sofía Díaz,Contabilidad,34,Femenino,3,766,Auditoría,8.65,82
1009,Sofía Díaz,Contabilidad,34,Femenino,3,3416,Investigación,5.13,73
1010,Sofía Ruiz,Derecho,34,Femenino,8,1110,Python,5.03,98
1010,Sofía Ruiz,Derecho,34,Femenino,8,2869,Investigación,5.73,61
1011,Carlos Ruiz,Administración,27,Masculino,1,4040,Inglés,8.79,87
1012,Luis Pérez,Derecho,21,Masculino,10,2113,Administración,9.86,84
1012,Luis Pérez,Derecho,21,Masculino,10,2442,Base de Datos,7.63,79
1012,Luis Pérez,Derecho,21,Masculino,10,3278,Estadística,6.98,73
1013,Pedro Morales,Sistemas,28,Femenino,9,1791,Inglés,5.55,68
1015,Luis Castillo,Contabilidad,34,Femenino,1,2036,Python,8.78,67
1015,Luis Castillo,Contabilidad,34,Femenino,1,2478,Inglés,5.03,76
1018,Carlos Ramírez,Administración,32,Femenino,8,466,Programación,5.77,70
1020,Andrés Pérez,Administración,28,Femenino,2,2692,Administración,9.84,89
1022,Carlos Ruiz,Psicología,30,Masculino,10,2461,Investigación,5.07,72
1022,Carlos Ruiz,Psicología,30,Masculino,10,2679,Inglés,8.24,89
1022,Carlos Ruiz,Psicología,30,Masculino,10,3419,Estadística,9.85,92
1023,Luis Castillo,Educación,28,Masculino,5,2115,Inglés,6.85,72
1025,José López,Psicología,27,Masculino,2,1974,Base de Datos,5.07,67
1030,Andrés Gómez,Sistemas,27,Masculino,10,2673,Inglés,8.19,97
1032,José Pérez,Psicología,27,Masculino,6,295,Auditoría,6.03,95
1034,Luis Castillo,Administración,23,Femenino,2,908,Python,7.12,87
1034,Luis Castillo,Administración,23,Femenino,2,3037,Inglés,6.47,67
1034,Luis Castillo,Administración,23,Femenino,2,4092,Base de Datos,8.61,78
1035,Ana Ruiz,Psicología,34,Masculino,4,242,Programación,9.83,81
1035,Ana Ruiz,Psicología,34,Masculino,4,2379,Programación,8.32,97
1035,Ana Ruiz,Psicología,34,Masculino,4,2704,Programación,5.59,96
1035,Ana Ruiz,Psicología,34,Masculino,4,4019,Python,6.03,98
1036,Andrés Díaz,Psicología,28,Femenino,3,2189,Programación,9.84,91
1037,José Ruiz,Administración,23,Masculino,5,2729,Contabilidad,6.37,72
1038,Sofía Díaz,Psicología,32,Masculino,3,3132,Programación,7.94,84
1040,Ana Gómez,Derecho,30,Masculino,10,1644,Matemáticas,5.72,77
1040,Ana Gómez,Derecho,30,Masculino,10,4476,Python,9.25,62
1042,María Vega,Sistemas,32,Masculino,2,3764,Administración,8.91,96
1044,María López,Administración,26,Femenino,7,870,Base de Datos,8.64,96
1044,María López,Administración,26,Femenino,7,2488,Administración,8.76,85
1044,María López,Administración,26,Femenino,7,3927,Inglés,8.07,92
1045,Carlos Díaz,Contabilidad,32,Femenino,1,1540,Contabilidad,5.31,95
1045,Carlos Díaz,Contabilidad,32,Femenino,1,2145,Python,9.6,88
1047,Carlos Castillo,Contabilidad,22,Masculino,7,382,Programación,5.47,87
1048,Luis Díaz,Psicología,20,Femenino,9,2520,Matemáticas,7.09,76
1048,Luis Díaz,Psicología,20,Femenino,9,4811,Matemáticas,9.37,71
1049,Daniela Morales,Psicología,31,Masculino,10,958,Contabilidad,8.63,95
1050,María Vega,Administración,33,Femenino,2,3061,Inglés,9.2,91
1050,María Vega,Administración,33,Femenino,2,3759,Administración,7.83,90
1051,Camila López,Educación,31,Femenino,10,3446,Administración,8.28,83
1052,Camila Vega,Educación,25,Masculino,2,464,Programación,8.2,71
1052,Camila Vega,Educación,25,Masculino,2,1048,Estadística,6.94,98
1052,Camila Vega,Educación,25,Masculino,2,3888,Auditoría,9.31,61
1053,Sofía Ramírez,Sistemas,32,Femenino,9,2430,Auditoría,7.11,95
1055,Sofía Gómez,Educación,30,Femenino,8,3548,Estadística,9.91,92
1056,Ana Gómez,Administración,22,Masculino,3,836,Estadística,9.53,81
1056,Ana Gómez,Administración,22,Masculino,3,3622,Matemáticas,5.35,67
1056,Ana Gómez,Administración,22,Masculino,3,4632,Python,9.2,97
1057,Carlos Ramírez,Psicología,27,Femenino,10,380,Auditoría,8.54,65
1058,Sofía Ramírez,Administración,24,Femenino,5,465,Investigación,7.51,63
1058,Sofía Ramírez,Administración,24,Femenino,5,4984,Inglés,7.97,63
1059,Sofía Castillo,Derecho,29,Masculino,10,345,Investigación,7.66,74
1060,Ana Ruiz,Psicología,30,Masculino,5,1942,Matemáticas,9.32,78
1061,Ana Díaz,Psicología,19,Masculino,9,4492,Administración,7.58,72
1061,Ana Díaz,Psicología,19,Masculino,9,4621,Base de Datos,5.21,99
1063,Sofía Morales,Educación,28,Femenino,7,4558,Administración,9.23,70
1064,Pedro Morales,Psicología,24,Masculino,8,459,Auditoría,9.42,64
1064,Pedro Morales,Psicología,24,Masculino,8,3261,Contabilidad,6.34,98
1065,Carlos López,Psicología,30,Femenino,7,299,Programación,6.25,71
1066,Carlos Castillo,Educación,22,Masculino,1,320,Programación,5.3,95
1066,Carlos Castillo,Educación,22,Masculino,1,2045,Inglés,6.07,64
1066,Carlos Castillo,Educación,22,Masculino,1,2781,Matemáticas,9.58,84
1066,Carlos Castillo,Educación,22,Masculino,1,4427,Auditoría,5.69,61
1068,Luis Torres,Educación,31,Femenino,10,4640,Matemáticas,9.23,76
1069,Pedro Ruiz,Administración,32,Femenino,9,862,Administración,8.58,80
1071,Sofía Pérez,Psicología,33,Masculino,9,833,Matemáticas,9.12,83
1072,José Morales,Psicología,29,Masculino,1,4796,Base de Datos,8.85,81
1074,Daniela Gómez,Administración,34,Femenino,8,224,Contabilidad,7.19,91
1074,Daniela Gómez,Administración,34,Femenino,8,389,Auditoría,6.88,70
1075,Andrés Gómez,Psicología,20,Masculino,8,984,Matemáticas,8.67,97
1076,Luis Vega,Psicología,27,Masculino,6,1769,Python,7.4,79
1078,Camila Morales,Contabilidad,27,Femenino,3,1412,Base de Datos,5.13,99
1079,Ana Ruiz,Educación,27,Femenino,1,3454,Administración,7.11,69
1081,Ana Castillo,Derecho,20,Masculino,9,1711,Contabilidad,5.86,76
1082,Luis Castillo,Contabilidad,22,Femenino,5,1705,Inglés,6.73,88
1082,Luis Castillo,Contabilidad,22,Femenino,5,3900,Auditoría,7.81,88
1083,José Pérez,Educación,21,Masculino,10,759,Inglés,5.35,84
1083,José Pérez,Educación,21,Masculino,10,2556,Matemáticas,8.85,77
1084,Carlos Ramírez,Contabilidad,23,Femenino,4,1917,Programación,5.21,71
1085,Daniela Torres,Psicología,19,Femenino,2,4441,Inglés,7.48,96
1086,Carlos Ruiz,Administración,33,Femenino,7,655,Estadística,5.94,88
1087,María Ramírez,Educación,23,Masculino,10,1056,Base de Datos,7.52,100
1088,Camila Pérez,Educación,26,Masculino,1,737,Matemáticas,5.73,80
1088,Camila Pérez,Educación,26,Masculino,1,4902,Investigación,9.41,82
1090,Andrés López,Derecho,30,Femenino,5,575,Administración,5.59,94
1090,Andrés López,Derecho,30,Femenino,5,4047,Matemáticas,7.09,72
1091,Carlos Vega,Derecho,18,Femenino,8,4504,Programación,8.7,77
1093,Camila Morales,Psicología,26,Femenino,5,423,Python,6.76,81
1094,José Gómez,Contabilidad,30,Femenino,4,816,Investigación,5.37,96
1098,María Castillo,Contabilidad,24,Masculino,1,4346,Python,5.38,98
1099,Sofía Gómez,Sistemas,24,Masculino,2,1416,Programación,9.23,90
1101,Carlos Castillo,Contabilidad,32,Masculino,8,80,Contabilidad,5.58,66
1101,Carlos Castillo,Contabilidad,32,Masculino,8,1548,Python,5.36,61
1102,José Morales,Educación,28,Femenino,3,1241,Programación,7.67,80
1103,Luis Castillo,Sistemas,30,Femenino,6,3018,Base de Datos,8.62,97
1103,Luis Castillo,Sistemas,30,Femenino,6,4631,Base de Datos,7.98,84
1104,Ana Castillo,Contabilidad,23,Femenino,2,4598,Administración,6.99,63
1105,Daniela López,Psicología,30,Masculino,8,1370,Inglés,7.8,91
1108,Luis Gómez,Psicología,26,Femenino,1,1406,Investigación,9.98,69
1108,Luis Gómez,Psicología,26,Femenino,1,4976,Base de Datos,7.19,80
1112,Pedro Gómez,Psicología,25,Masculino,7,146,Inglés,5.91,76
1112,Pedro Gómez,Psicología,25,Masculino,7,285,Investigación,7.27,94
1113,Daniela Gómez,Psicología,35,Femenino,6,2369,Programación,8.17,91
1116,Andrés Pérez,Derecho,24,Femenino,7,669,Contabilidad,6.6,72
1118,Carlos Pérez,Administración,18,Masculino,8,1860,Python,6.29,77
1118,Carlos Pérez,Administración,18,Masculino,8,2860,Matemáticas,9.48,100
1119,Pedro Gómez,Psicología,27,Femenino,9,717,Matemáticas,9.08,95
1119,Pedro Gómez,Psicología,27,Femenino,9,2258,Administración,8.35,89
1122,Carlos Ruiz,Administración,20,Masculino,3,4656,Contabilidad,7.31,60
1123,Daniela Pérez,Derecho,19,Masculino,3,3139,Programación,9.04,87
1125,Daniela Ruiz,Administración,20,Masculino,2,343,Contabilidad,6.45,67
1125,Daniela Ruiz,Administración,20,Masculino,2,845,Investigación,6.0,93
1125,Daniela Ruiz,Administración,20,Masculino,2,3937,Inglés,6.69,91
1126,Daniela Ruiz,Psicología,25,Masculino,4,4165,Programación,8.01,66
1127,Pedro Díaz,Educación,30,Femenino,2,2396,Inglés,8.48,78
1127,Pedro Díaz,Educación,30,Femenino,2,3907,Estadística,5.12,65
1127,Pedro Díaz,Educación,30,Femenino,2,4746,Contabilidad,6.98,69
1128,Sofía Vega,Administración,28,Masculino,1,446,Programación,6.83,80
1128,Sofía Vega,Administración,28,Masculino,1,3854,Administración,9.62,89
1131,María Ruiz,Sistemas,22,Masculino,10,4909,Inglés,6.48,98
1132,Pedro Torres,Sistemas,33,Masculino,1,517,Programación,6.04,80
1132,Pedro Torres,Sistemas,33,Masculino,1,1405,Contabilidad,8.44,93
1133,Ana Torres,Sistemas,27,Femenino,8,4541,Inglés,8.53,92
1133,Ana Torres,Sistemas,27,Femenino,8,4596,Auditoría,9.76,93
1133,Ana Torres,Sistemas,27,Femenino,8,4878,Matemáticas,6.57,86
1134,Carlos López,Administración,26,Femenino,7,26,Programación,7.47,63
1134,Carlos López,Administración,26,Femenino,7,1693,Administración,6.19,67
1136,Sofía Gómez,Educación,27,Femenino,7,4083,Estadística,7.31,76
1137,Ana Vega,Administración,24,Masculino,9,407,Inglés,7.24,60
1137,Ana Vega,Administración,24,Masculino,9,3717,Matemáticas,9.59,65
1138,Luis Ruiz,Contabilidad,35,Masculino,8,2353,Python,8.01,93
1142,Sofía Ramírez,Sistemas,21,Masculino,9,2589,Contabilidad,7.3,95
1142,Sofía Ramírez,Sistemas,21,Masculino,9,2879,Inglés,9.41,89
1142,Sofía Ramírez,Sistemas,21,Masculino,9,2919,Matemáticas,7.74,81
1143,Carlos Torres,Sistemas,33,Masculino,2,1727,Programación,5.58,61
1144,María Ramírez,Psicología,28,Femenino,4,3205,Base de Datos,8.32,63
1144,María Ramírez,Psicología,28,Femenino,4,4703,Python,6.07,63
1145,Camila López,Sistemas,28,Masculino,2,4272,Matemáticas,8.49,65
1145,Camila López,Sistemas,28,Masculino,2,4426,Investigación,8.81,86
1146,María Morales,Administración,30,Masculino,2,283,Python,9.73,79
1147,Daniela Ruiz,Derecho,19,Femenino,3,952,Python,8.28,78
1147,Daniela Ruiz,Derecho,19,Femenino,3,2041,Investigación,7.6,75
1148,María Ruiz,Derecho,23,Femenino,6,585,Programación,9.97,74
1150,María Díaz,Administración,19,Masculino,5,1138,Inglés,5.8,96
1150,María Díaz,Administración,19,Masculino,5,3392,Estadística,8.21,87
1150,María Díaz,Administración,19,Masculino,5,3485,Base de Datos,7.4,70
1151,Carlos Gómez,Derecho,32,Femenino,3,3489,Investigación,5.62,97
1156,Carlos Ruiz,Sistemas,31,Masculino,1,3032,Estadística,6.03,92
1158,Luis Ramírez,Derecho,25,Masculino,9,1385,Python,6.88,93
1158,Luis Ramírez,Derecho,25,Masculino,9,3099,Investigación,8.08,90
1162,Carlos Morales,Administración,29,Femenino,1,3833,Contabilidad,7.28,73
1162,Carlos Morales,Administración,29,Femenino,1,4450,Inglés,8.7,91
1163,Luis Morales,Educación,28,Masculino,5,3312,Matemáticas,8.98,73
1164,Pedro Castillo,Educación,35,Masculino,2,1559,Programación,9.92,77
1166,Luis Morales,Contabilidad,32,Masculino,6,1432,Inglés,9.15,88
1166,Luis Morales,Contabilidad,32,Masculino,6,4971,Administración,9.03,88
1167,Camila Torres,Educación,35,Masculino,9,1114,Base de Datos,5.92,99
1169,Sofía López,Educación,25,Femenino,6,2557,Auditoría,5.07,60
1169,Sofía López,Educación,25,Femenino,6,3449,Matemáticas,8.3,66
1170,José Vega,Educación,31,Femenino,1,2333,Contabilidad,8.74,85
1170,José Vega,Educación,31,Femenino,1,3632,Inglés,7.99,62
1171,Luis Díaz,Contabilidad,32,Femenino,9,762,Estadística,7.65,60
1171,Luis Díaz,Contabilidad,32,Femenino,9,3145,Investigación,7.8,91
1172,Andrés Gómez,Derecho,35,Femenino,8,3457,Python,9.18,75
1173,Sofía Díaz,Educación,20,Masculino,8,2361,Programación,9.38,92
1174,Luis Gómez,Derecho,23,Femenino,2,968,Administración,9.31,71
1175,Luis Torres,Contabilidad,21,Masculino,8,3642,Programación,9.82,63
1178,Ana Castillo,Administración,20,Masculino,4,3097,Estadística,5.48,70
1180,Sofía Vega,Psicología,32,Femenino,5,1549,Inglés,8.29,68
1181,Sofía Torres,Contabilidad,23,Femenino,4,1108,Contabilidad,8.39,83
1182,Daniela Díaz,Contabilidad,19,Masculino,6,500,Matemáticas,8.01,85
1183,José Ramírez,Administración,23,Femenino,3,3654,Contabilidad,8.19,71
1184,Carlos Torres,Administración,25,Masculino,1,3982,Estadística,8.0,84
1185,Camila Ruiz,Administración,32,Femenino,6,2669,Administración,8.32,80
1185,Camila Ruiz,Administración,32,Femenino,6,3247,Inglés,7.16,77
1186,Carlos López,Psicología,19,Femenino,6,4911,Contabilidad,5.46,97
1187,Carlos Díaz,Derecho,35,Masculino,9,2397,Matemáticas,6.09,72
1188,José Gómez,Sistemas,30,Femenino,3,1663,Matemáticas,9.64,89
1189,Daniela Díaz,Administración,18,Femenino,5,3857,Auditoría,6.71,100
1190,Daniela Castillo,Psicología,22,Femenino,6,4385,Programación,8.92,97
1191,Luis Ramírez,Sistemas,22,Masculino,5,1061,Python,8.35,72
1191,Luis Ramírez,Sistemas,22,Masculino,5,3540,Python,6.48,61
1193,Luis Díaz,Sistemas,24,Masculino,5,2160,Base de Datos,7.35,98
1195,Andrés Morales,Administración,33,Femenino,10,1378,Inglés,5.22,74
1196,Sofía Vega,Sistemas,29,Femenino,3,3310,Contabilidad,8.79,97
1196,Sofía Vega,Sistemas,29,Femenino,3,4035,Programación,6.35,61
1196,Sofía Vega,Sistemas,29,Femenino,3,4199,Matemáticas,6.95,72
1197,Pedro Díaz,Derecho,29,Masculino,5,406,Base de Datos,5.19,90
1198,Camila Díaz,Contabilidad,32,Masculino,4,1756,Administración,7.31,68
1199,Daniela Morales,Derecho,27,Masculino,7,2440,Matemáticas,6.37,66
1200,Pedro Torres,Psicología,20,Masculino,4,1063,Python,8.45,78
1201,José Ramírez,Psicología,28,Masculino,10,2576,Administración,5.74,88
1201,José Ramírez,Psicología,28,Masculino,10,3137,Base de Datos,5.82,60
1201,José Ramírez,Psicología,28,Masculino,10,3322,Auditoría,6.46,84
1201,José Ramírez,Psicología,28,Masculino,10,4464,Python,6.83,60
1205,Sofía Castillo,Derecho,35,Femenino,4,1725,Auditoría,8.64,88
1207,Luis Castillo,Derecho,23,Femenino,4,4402,Investigación,7.95,82
1208,Ana Gómez,Contabilidad,33,Masculino,10,401,Investigación,5.46,74
1208,Ana Gómez,Contabilidad,33,Masculino,10,2326,Contabilidad,6.24,97
1209,Camila Ruiz,Derecho,31,Femenino,8,3167,Contabilidad,5.42,88
1210,Luis Díaz,Psicología,18,Femenino,3,1381,Contabilidad,5.07,67
1210,Luis Díaz,Psicología,18,Femenino,3,3852,Inglés,8.38,86
1213,Camila Pérez,Contabilidad,27,Masculino,9,1367,Base de Datos,6.68,90
1213,Camila Pérez,Contabilidad,27,Masculino,9,1930,Estadística,6.75,73
1213,Camila Pérez,Contabilidad,27,Masculino,9,2770,Auditoría,9.44,86
1214,María Torres,Sistemas,23,Femenino,6,1978,Inglés,7.11,67
1214,María Torres,Sistemas,23,Femenino,6,2535,Contabilidad,9.64,77
1214,María Torres,Sistemas,23,Femenino,6,4104,Python,9.42,75
1216,Sofía Díaz,Administración,18,Masculino,9,827,Estadística,8.56,82
1216,Sofía Díaz,Administración,18,Masculino,9,3768,Auditoría,6.61,93
1217,José Díaz,Derecho,31,Femenino,3,4696,Matemáticas,7.42,63
1218,Luis López,Administración,34,Masculino,4,1021,Programación,9.46,99
1219,Andrés Ruiz,Educación,34,Masculino,7,2499,Matemáticas,5.6,85
1220,Daniela Gómez,Sistemas,22,Masculino,8,4678,Estadística,6.77,64
1221,Camila Castillo,Educación,29,Masculino,8,2065,Administración,5.45,99
1222,Sofía Vega,Contabilidad,23,Femenino,1,88,Programación,5.18,83
1222,Sofía Vega,Contabilidad,23,Femenino,1,4218,Python,6.64,95
1223,Luis López,Administración,22,Masculino,5,1652,Inglés,7.49,70
1227,Luis Castillo,Sistemas,20,Femenino,1,2597,Base de Datos,7.35,68
1228,Luis Gómez,Psicología,24,Masculino,3,3748,Contabilidad,6.69,61
1230,Camila Díaz,Administración,34,Masculino,9,798,Base de Datos,9.66,62
1230,Camila Díaz,Administración,34,Masculino,9,3332,Contabilidad,8.04,67
1231,Sofía Gómez,Sistemas,18,Masculino,4,1152,Base de Datos,5.79,98
1232,José Torres,Psicología,18,Masculino,4,378,Administración,5.41,69
1232,José Torres,Psicología,18,Masculino,4,3236,Python,6.69,97
1234,Carlos Díaz,Derecho,31,Masculino,9,3102,Python,6.61,96
1235,María Morales,Sistemas,28,Masculino,8,3224,Contabilidad,6.56,90
1236,Luis Vega,Administración,33,Femenino,5,370,Python,7.25,81
1237,Andrés Pérez,Sistemas,28,Femenino,2,4862,Estadística,9.93,95
1238,Pedro Castillo,Derecho,27,Femenino,4,2571,Base de Datos,7.14,81
1241,Pedro Ramírez,Psicología,20,Masculino,3,515,Investigación,8.45,86
1241,Pedro Ramírez,Psicología,20,Masculino,3,764,Investigación,8.08,88
1241,Pedro Ramírez,Psicología,20,Masculino,3,3435,Base de Datos,6.83,67
1242,Pedro Morales,Educación,21,Masculino,2,3794,Estadística,7.61,75
1243,Camila López,Contabilidad,24,Femenino,2,1399,Administración,9.49,68
1243,Camila López,Contabilidad,24,Femenino,2,4739,Estadística,7.22,69
1244,María Morales,Educación,33,Femenino,10,3490,Matemáticas,7.22,77
1251,Daniela Ramírez,Administración,27,Femenino,8,3409,Matemáticas,8.86,73
1251,Daniela Ramírez,Administración,27,Femenino,8,3803,Base de Datos,7.5,80
1252,Andrés Castillo,Psicología,28,Masculino,1,135,Matemáticas,5.32,86
1254,Daniela Ramírez,Sistemas,19,Masculino,9,2708,Python,8.09,94
1254,Daniela Ramírez,Sistemas,19,Masculino,9,4161,Contabilidad,6.7,86
1255,José Torres,Derecho,31,Masculino,5,3159,Base de Datos,9.35,68
1260,Camila Ruiz,Sistemas,28,Femenino,2,1096,Python,7.3,81
1261,Pedro Díaz,Contabilidad,31,Femenino,1,4250,Estadística,9.17,70
1262,María López,Administración,27,Masculino,2,3713,Auditoría,9.01,65
1262,María López,Administración,27,Masculino,2,4066,Investigación,7.37,61
1263,José Gómez,Contabilidad,23,Masculino,9,1577,Inglés,8.76,86
1263,José Gómez,Contabilidad,23,Masculino,9,3211,Programación,9.23,83
1263,José Gómez,Contabilidad,23,Masculino,9,4828,Inglés,6.43,94
1264,Camila Pérez,Derecho,31,Femenino,5,2011,Administración,6.67,68
1266,Sofía Morales,Contabilidad,21,Femenino,2,2561,Matemáticas,5.28,77
1267,María Díaz,Derecho,34,Femenino,3,93,Matemáticas,9.32,71
1268,Sofía Castillo,Contabilidad,31,Masculino,8,1352,Estadística,5.19,82
1268,Sofía Castillo,Contabilidad,31,Masculino,8,2861,Contabilidad,8.14,60
1269,Luis Vega,Administración,27,Femenino,1,4307,Estadística,5.71,85
1270,José Ruiz,Derecho,25,Masculino,10,1317,Inglés,6.48,76
1272,Andrés Ramírez,Derecho,24,Femenino,2,4090,Python,5.4,97
1273,José Vega,Contabilidad,31,Femenino,4,782,Programación,6.63,97
1276,Daniela López,Educación,32,Femenino,9,2655,Inglés,5.73,73
1276,Daniela López,Educación,32,Femenino,9,3431,Base de Datos,8.48,62
1276,Daniela López,Educación,32,Femenino,9,3867,Matemáticas,8.58,92
1278,Daniela Torres,Administración,22,Femenino,7,4009,Base de Datos,6.21,98
1279,Pedro Díaz,Sistemas,24,Femenino,5,1353,Base de Datos,6.32,97
1281,Luis Torres,Administración,18,Masculino,5,1997,Auditoría,7.46,86
1283,María Torres,Contabilidad,22,Masculino,5,200,Python,7.04,98
1286,Camila Gómez,Derecho,22,Masculino,2,3285,Base de Datos,7.0,60
1287,Sofía Vega,Sistemas,34,Femenino,8,199,Matemáticas,5.87,64
1287,Sofía Vega,Sistemas,34,Femenino,8,3075,Programación,6.98,74
1288,Luis López,Psicología,21,Femenino,6,3365,Administración,9.78,90
1290,Carlos Gómez,Administración,24,Femenino,8,336,Auditoría,5.25,65
1290,Carlos Gómez,Administración,24,Femenino,8,1200,Estadística,9.98,85
1290,Carlos Gómez,Administración,24,Femenino,8,4084,Programación,5.48,98
1291,Pedro Castillo,Psicología,19,Femenino,9,455,Base de Datos,8.97,92
1293,María Castillo,Administración,29,Femenino,6,4723,Programación,9.45,97
1295,José Vega,Derecho,27,Femenino,2,479,Inglés,7.08,89
1296,Andrés López,Derecho,30,Masculino,7,32,Inglés,5.02,76
1298,Carlos Ramírez,Educación,28,Femenino,1,4706,Python,8.15,100
1300,Pedro Gómez,Administración,26,Masculino,6,3756,Administración,8.15,99
1300,Pedro Gómez,Administración,26,Masculino,6,4649,Python,6.11,78
1301,Pedro Ruiz,Educación,35,Femenino,8,2238,Auditoría,7.88,79
1303,Ana Morales,Administración,27,Femenino,10,752,Contabilidad,5.47,83
1303,Ana Morales,Administración,27,Femenino,10,1524,Inglés,6.92,81
1305,Pedro Díaz,Derecho,33,Masculino,5,4467,Estadística,9.96,83
1306,Carlos Ruiz,Contabilidad,27,Masculino,2,487,Inglés,9.98,89
1306,Carlos Ruiz,Contabilidad,27,Masculino,2,1011,Estadística,7.08,97
1306,Carlos Ruiz,Contabilidad,27,Masculino,2,4894,Investigación,8.03,60
1307,Pedro Díaz,Administración,30,Femenino,10,3858,Auditoría,5.7,73
1310,Sofía Morales,Psicología,26,Masculino,2,3683,Base de Datos,5.82,67
1310,Sofía Morales,Psicología,26,Masculino,2,4741,Administración,7.9,75
1311,Camila Torres,Psicología,21,Masculino,9,2032,Python,5.14,94
1311,Camila Torres,Psicología,21,Masculino,9,2530,Auditoría,6.09,60
1313,María López,Contabilidad,27,Femenino,7,2367,Administración,9.51,77
1313,María López,Contabilidad,27,Femenino,7,4800,Base de Datos,5.59,69
1314,Carlos Morales,Administración,24,Femenino,4,2486,Matemáticas,9.74,77
1314,Carlos Morales,Administración,24,Femenino,4,4143,Programación,9.08,94
1316,José López,Psicología,32,Masculino,6,1855,Contabilidad,8.43,75
1317,Sofía Ramírez,Sistemas,18,Femenino,3,1190,Investigación,9.82,60
1318,Camila Morales,Educación,24,Femenino,7,3229,Administración,5.64,92
1319,Sofía Castillo,Sistemas,21,Masculino,1,884,Estadística,7.74,65
1320,Camila López,Derecho,29,Masculino,1,2628,Programación,7.58,98
1321,José Vega,Psicología,30,Femenino,7,1716,Matemáticas,5.58,80
1321,José Vega,Psicología,30,Femenino,7,2420,Estadística,7.81,62
1322,Camila Torres,Psicología,19,Masculino,5,1456,Contabilidad,8.06,98
1322,Camila Torres,Psicología,19,Masculino,5,2261,Base de Datos,9.19,98
1323,Carlos Vega,Derecho,28,Femenino,3,2327,Python,5.58,65
1326,José Díaz,Derecho,27,Femenino,10,1682,Inglés,9.29,97
1326,José Díaz,Derecho,27,Femenino,10,2482,Base de Datos,6.77,87
1326,José Díaz,Derecho,27,Femenino,10,4131,Investigación,6.02,70
1327,José Vega,Contabilidad,31,Masculino,6,467,Administración,9.67,74
1327,José Vega,Contabilidad,31,Masculino,6,3458,Investigación,6.61,96
1327,José Vega,Contabilidad,31,Masculino,6,4643,Inglés,6.15,91
1328,Daniela Torres,Psicología,32,Masculino,4,3109,Programación,8.74,70
1329,Carlos Pérez,Administración,23,Masculino,8,1442,Base de Datos,5.89,63
1330,José Torres,Educación,32,Femenino,2,4425,Python,8.57,88
1331,Daniela Pérez,Derecho,29,Femenino,8,3436,Python,7.49,79
1331,Daniela Pérez,Derecho,29,Femenino,8,3728,Investigación,8.18,97
1333,Luis López,Contabilidad,23,Masculino,9,4913,Base de Datos,8.02,90
1334,José Ruiz,Educación,24,Masculino,9,4086,Inglés,9.05,82
1335,Sofía Torres,Derecho,20,Masculino,8,4925,Programación,8.06,77
1338,Luis Ramírez,Educación,33,Femenino,5,4751,Matemáticas,8.57,66
1339,Sofía Pérez,Contabilidad,19,Femenino,6,4050,Python,6.33,90
1342,José Torres,Administración,30,Masculino,1,156,Contabilidad,5.54,61
1344,Luis Castillo,Derecho,31,Femenino,10,1437,Estadística,5.46,88
1345,Carlos Díaz,Educación,21,Femenino,9,1818,Inglés,7.15,79
1346,María Ramírez,Derecho,30,Femenino,5,3120,Programación,8.58,90
1348,Sofía Torres,Derecho,31,Masculino,1,273,Contabilidad,9.57,90
1348,Sofía Torres,Derecho,31,Masculino,1,563,Administración,9.27,88
1350,Andrés Vega,Sistemas,27,Femenino,7,3862,Matemáticas,8.42,81
1351,Luis Ramírez,Contabilidad,22,Masculino,5,983,Investigación,5.1,74
1353,Luis Pérez,Psicología,21,Femenino,7,143,Inglés,9.6,99
1353,Luis Pérez,Psicología,21,Femenino,7,2457,Auditoría,5.29,78
1354,Luis Ramírez,Educación,26,Femenino,5,3825,Inglés,7.4,98
1357,José Díaz,Psicología,32,Femenino,10,3973,Base de Datos,9.59,77
1357,José Díaz,Psicología,32,Femenino,10,4756,Administración,9.53,77
1361,Daniela Ramírez,Educación,30,Femenino,5,1979,Base de Datos,8.69,88
1363,Carlos Torres,Sistemas,24,Masculino,1,59,Investigación,7.43,73
1363,Carlos Torres,Sistemas,24,Masculino,1,685,Auditoría,5.22,85
1363,Carlos Torres,Sistemas,24,Masculino,1,1714,Auditoría,9.62,94
1366,Carlos Ramírez,Derecho,18,Masculino,3,1838,Auditoría,6.5,87
1366,Carlos Ramírez,Derecho,18,Masculino,3,3998,Programación,5.33,65
1367,Carlos Ramírez,Derecho,33,Masculino,8,3477,Administración,5.79,70
1368,Sofía López,Administración,27,Femenino,1,789,Administración,5.63,77
1371,Daniela Morales,Derecho,34,Femenino,4,1258,Base de Datos,9.27,68
1371,Daniela Morales,Derecho,34,Femenino,4,1579,Matemáticas,7.89,82
1372,Ana Vega,Sistemas,31,Femenino,9,4610,Auditoría,8.75,61
1373,Luis Castillo,Educación,31,Femenino,2,1252,Administración,7.11,99
1376,Daniela López,Psicología,25,Femenino,10,2273,Base de Datos,5.22,92
1376,Daniela López,Psicología,25,Femenino,10,4001,Matemáticas,5.09,72
1376,Daniela López,Psicología,25,Femenino,10,4499,Contabilidad,9.5,71
1377,Daniela Torres,Contabilidad,30,Femenino,6,838,Auditoría,7.17,85
1377,Daniela Torres,Contabilidad,30,Femenino,6,1639,Administración,7.77,88
1377,Daniela Torres,Contabilidad,30,Femenino,6,2364,Inglés,9.78,90
1378,Daniela Torres,Psicología,24,Femenino,2,4973,Python,7.03,99
1379,Daniela Torres,Administración,24,Masculino,10,2400,Python,5.48,90
1380,Daniela Gómez,Derecho,33,Femenino,4,3983,Investigación,6.04,80
1382,Camila Torres,Administración,34,Masculino,2,4445,Auditoría,6.62,69
1383,Camila Morales,Sistemas,25,Masculino,9,4821,Administración,9.92,92
1384,María Ramírez,Contabilidad,28,Femenino,1,3033,Python,7.99,62
1385,Andrés Castillo,Administración,34,Masculino,1,3698,Administración,9.26,72
1385,Andrés Castillo,Administración,34,Masculino,1,4130,Contabilidad,8.36,86
1386,Daniela Ramírez,Sistemas,21,Masculino,9,3329,Programación,7.41,90
1387,Ana Vega,Sistemas,23,Masculino,4,617,Base de Datos,8.6,91
1387,Ana Vega,Sistemas,23,Masculino,4,2082,Python,8.07,80
1388,Camila Torres,Educación,27,Femenino,9,4181,Programación,6.19,86
1389,Daniela Gómez,Administración,29,Femenino,3,1199,Python,6.8,60
1393,Carlos Vega,Derecho,25,Masculino,7,255,Base de Datos,5.39,84
1393,Carlos Vega,Derecho,25,Masculino,7,1670,Auditoría,9.85,74
1393,Carlos Vega,Derecho,25,Masculino,7,4080,Investigación,9.12,91
1395,Daniela Torres,Sistemas,34,Masculino,2,2803,Administración,8.41,70
1397,Pedro Pérez,Educación,22,Masculino,9,1006,Administración,6.79,88
1398,José Morales,Derecho,35,Femenino,6,2337,Base de Datos,6.87,68
1399,Camila Pérez,Contabilidad,34,Masculino,7,2871,Programación,8.71,94
1400,Daniela López,Psicología,32,Femenino,7,1519,Contabilidad,8.84,98
1403,Andrés Vega,Contabilidad,34,Femenino,3,4581,Estadística,8.66,80
1405,Pedro Vega,Sistemas,19,Femenino,5,2283,Contabilidad,9.8,98
1406,Andrés Díaz,Sistemas,19,Masculino,8,4455,Auditoría,7.73,91
1406,Andrés Díaz,Sistemas,19,Masculino,8,4705,Estadística,5.45,63
1408,María Ruiz,Psicología,35,Masculino,6,3969,Investigación,6.02,99
1408,María Ruiz,Psicología,35,Masculino,6,4510,Investigación,9.73,74
1413,Daniela Gómez,Contabilidad,34,Femenino,10,3579,Matemáticas,8.18,91
1414,Andrés Vega,Derecho,26,Femenino,7,2405,Investigación,8.88,65
1416,Andrés Torres,Derecho,32,Masculino,9,840,Administración,6.07,71
1417,Andrés Gómez,Educación,24,Femenino,8,907,Base de Datos,9.86,72
1418,Ana Torres,Psicología,29,Masculino,10,1527,Estadística,8.7,96
1422,Sofía Morales,Sistemas,27,Femenino,4,359,Auditoría,5.76,64
1422,Sofía Morales,Sistemas,27,Femenino,4,2110,Investigación,7.78,91
1422,Sofía Morales,Sistemas,27,Femenino,4,4526,Administración,8.1,73
1424,Ana Morales,Derecho,27,Femenino,6,3157,Inglés,8.75,94
1425,Pedro Ramírez,Educación,22,Masculino,9,1146,Investigación,8.27,83
1426,Daniela Ramírez,Educación,32,Masculino,6,2896,Administración,5.54,88
1427,Luis Ruiz,Educación,31,Femenino,4,2177,Matemáticas,9.43,71
1428,Pedro Díaz,Psicología,19,Femenino,5,4993,Programación,6.8,75
1430,Luis Vega,Sistemas,24,Masculino,10,1249,Contabilidad,6.78,92
1431,Andrés López,Derecho,34,Masculino,2,1573,Auditoría,8.69,88
1431,Andrés López,Derecho,34,Masculino,2,3835,Python,5.56,75
1433,Sofía Ramírez,Sistemas,35,Femenino,7,4822,Contabilidad,5.64,95
1434,Sofía Pérez,Derecho,18,Femenino,7,2823,Contabilidad,9.55,82
1434,Sofía Pérez,Derecho,18,Femenino,7,4670,Estadística,8.52,61
1435,Carlos Morales,Sistemas,34,Femenino,7,424,Inglés,9.9,90
1435,Carlos Morales,Sistemas,34,Femenino,7,537,Investigación,9.41,71
1435,Carlos Morales,Sistemas,34,Femenino,7,4389,Matemáticas,5.54,74
1436,José Gómez,Sistemas,21,Masculino,5,3246,Estadística,7.67,68
1436,José Gómez,Sistemas,21,Masculino,5,3296,Inglés,9.69,72
1439,Ana Castillo,Derecho,21,Femenino,3,271,Matemáticas,5.66,94
1439,Ana Castillo,Derecho,21,Femenino,3,4576,Estadística,7.29,73
1440,Pedro Díaz,Contabilidad,30,Masculino,1,2313,Contabilidad,6.9,79
1441,María López,Psicología,25,Femenino,9,3725,Matemáticas,6.32,94
1443,Daniela Vega,Derecho,20,Femenino,1,2660,Estadística,5.71,77
1443,Daniela Vega,Derecho,20,Femenino,1,4628,Estadística,5.45,61
1444,Pedro López,Sistemas,26,Masculino,4,1530,Contabilidad,9.78,64
1447,Andrés Morales,Psicología,32,Masculino,1,3352,Administración,7.54,92
1448,Daniela Ruiz,Contabilidad,23,Masculino,1,2542,Contabilidad,9.86,94
1448,Daniela Ruiz,Contabilidad,23,Masculino,1,2793,Auditoría,6.38,98
1449,Daniela Castillo,Psicología,26,Femenino,6,1817,Programación,8.3,79
1449,Daniela Castillo,Psicología,26,Femenino,6,4805,Contabilidad,8.55,66
1450,María Ruiz,Psicología,27,Masculino,3,2683,Programación,7.97,94
1450,María Ruiz,Psicología,27,Masculino,3,3582,Inglés,8.53,71
1451,Andrés Ruiz,Sistemas,27,Masculino,7,1269,Auditoría,7.99,100
1451,Andrés Ruiz,Sistemas,27,Masculino,7,4205,Investigación,8.85,90
1451,Andrés Ruiz,Sistemas,27,Masculino,7,4731,Inglés,6.42,95
1452,Luis Torres,Educación,35,Femenino,7,360,Inglés,7.32,96
1453,María Ruiz,Psicología,28,Femenino,5,3430,Auditoría,5.05,93
1453,María Ruiz,Psicología,28,Femenino,5,4532,Inglés,6.91,93
1454,Daniela Castillo,Administración,28,Femenino,4,4304,Programación,9.74,91
1455,Daniela Ruiz,Contabilidad,18,Masculino,1,2806,Contabilidad,9.41,70
1458,Andrés Pérez,Educación,32,Masculino,6,4509,Administración,6.95,96
1459,Pedro Ruiz,Contabilidad,30,Masculino,1,1664,Investigación,6.87,89
1459,Pedro Ruiz,Contabilidad,30,Masculino,1,1945,Matemáticas,9.83,85
1459,Pedro Ruiz,Contabilidad,30,Masculino,1,3178,Contabilidad,5.7,80
1459,Pedro Ruiz,Contabilidad,30,Masculino,1,4933,Inglés,9.43,66
1460,Luis Ramírez,Contabilidad,24,Femenino,1,3219,Matemáticas,6.85,81
1461,María Pérez,Contabilidad,29,Masculino,2,3607,Programación,6.85,62
1463,Camila Pérez,Contabilidad,33,Masculino,1,102,Auditoría,9.81,76
1464,María Morales,Sistemas,26,Femenino,3,1325,Python,6.01,91
1466,Carlos Gómez,Administración,26,Masculino,9,1337,Programación,8.75,86
1466,Carlos Gómez,Administración,26,Masculino,9,4786,Python,6.47,84
1467,José López,Educación,18,Femenino,9,4136,Estadística,8.82,81
1470,Camila Vega,Sistemas,25,Masculino,5,639,Administración,5.08,73
1470,Camila Vega,Sistemas,25,Masculino,5,802,Matemáticas,9.02,62
1471,Pedro Vega,Derecho,28,Masculino,7,1964,Base de Datos,9.21,62
1471,Pedro Vega,Derecho,28,Masculino,7,3226,Base de Datos,6.99,93
1472,María Díaz,Sistemas,18,Masculino,7,2401,Python,5.59,92
1473,Luis López,Administración,23,Femenino,5,1552,Inglés,7.55,95
1473,Luis López,Administración,23,Femenino,5,2074,Python,6.37,73
1474,Luis Gómez,Sistemas,33,Femenino,1,3008,Inglés,5.08,67
1474,Luis Gómez,Sistemas,33,Femenino,1,4721,Matemáticas,6.9,65
1475,Sofía Díaz,Contabilidad,25,Masculino,8,572,Base de Datos,8.83,86
1477,Sofía Ruiz,Derecho,21,Femenino,10,384,Matemáticas,6.71,91
1478,Luis Gómez,Sistemas,19,Femenino,6,2886,Auditoría,8.54,92
1479,Luis Torres,Sistemas,32,Masculino,5,4466,Matemáticas,8.15,80
1479,Luis Torres,Sistemas,32,Masculino,5,4591,Inglés,8.02,97
1480,Sofía Morales,Sistemas,21,Masculino,9,1848,Python,8.14,93
1480,Sofía Morales,Sistemas,21,Masculino,9,2716,Estadística,5.39,83
1481,Ana Castillo,Derecho,30,Masculino,10,2446,Administración,9.03,94
1481,Ana Castillo,Derecho,30,Masculino,10,4569,Administración,7.4,80
1482,Pedro López,Psicología,18,Femenino,7,390,Auditoría,9.05,70
1485,Ana Ruiz,Educación,20,Masculino,10,3566,Python,8.25,91
1487,Sofía Ramírez,Administración,25,Masculino,1,214,Auditoría,7.18,91
1487,Sofía Ramírez,Administración,25,Masculino,1,2083,Python,8.57,79
1489,Sofía Vega,Administración,22,Femenino,5,2507,Python,5.0,80
1489,Sofía Vega,Administración,22,Femenino,5,4575,Inglés,9.8,90
1490,Sofía Díaz,Contabilidad,29,Masculino,9,2579,Investigación,6.76,91
1490,Sofía Díaz,Contabilidad,29,Masculino,9,3580,Programación,6.09,82
1491,Sofía Torres,Sistemas,25,Masculino,7,1896,Investigación,9.38,96
1493,María Ramírez,Educación,32,Femenino,10,3356,Inglés,5.03,92
1494,Sofía Díaz,Psicología,27,Femenino,6,425,Base de Datos,5.32,89
1495,Carlos Gómez,Derecho,19,Femenino,4,1284,Base de Datos,6.45,100
1496,Ana López,Educación,25,Femenino,10,3173,Estadística,5.93,97
1499,Camila Pérez,Psicología,21,Masculino,5,1008,Estadística,7.0,89
1499,Camila Pérez,Psicología,21,Masculino,5,1226,Programación,6.4,74
1499,Camila Pérez,Psicología,21,Masculino,5,4217,Inglés,9.89,60
1500,Daniela López,Educación,29,Masculino,1,959,Administración,8.27,74
1500,Daniela López,Educación,29,Masculino,1,4699,Matemáticas,8.68,92
1500,Daniela López,Educación,29,Masculino,1,4980,Administración,9.83,97
1502,Carlos Díaz,Psicología,25,Masculino,4,1760,Estadística,7.99,70
1507,Pedro Díaz,Contabilidad,31,Masculino,1,3253,Contabilidad,8.61,65
1508,Sofía Ruiz,Administración,35,Femenino,3,618,Programación,9.95,63
1508,Sofía Ruiz,Administración,35,Femenino,3,2663,Python,5.46,87
1510,Sofía Ramírez,Administración,20,Femenino,10,2976,Programación,9.3,97
1511,Luis Torres,Psicología,30,Femenino,8,190,Python,6.26,90
1512,Andrés Ramírez,Administración,28,Femenino,9,1718,Matemáticas,7.81,62
1514,Ana López,Administración,24,Femenino,4,1598,Estadística,8.48,76
1514,Ana López,Administración,24,Femenino,4,2870,Base de Datos,9.09,75
1515,Pedro López,Contabilidad,31,Femenino,10,4910,Estadística,5.48,95
1517,Luis Castillo,Derecho,34,Femenino,4,182,Matemáticas,6.08,90
1517,Luis Castillo,Derecho,34,Femenino,4,4179,Auditoría,8.5,66
1521,María Castillo,Educación,20,Femenino,2,3718,Estadística,8.59,65
1522,José Vega,Psicología,35,Masculino,5,713,Inglés,8.18,71
1524,Andrés López,Contabilidad,24,Femenino,5,2742,Administración,6.23,73
1525,José Castillo,Administración,22,Femenino,1,448,Inglés,7.59,95
1526,José Castillo,Contabilidad,30,Femenino,10,545,Python,8.68,78
1527,Ana Ramírez,Educación,34,Masculino,7,1953,Investigación,8.15,65
1529,Andrés Ruiz,Psicología,32,Femenino,6,1849,Auditoría,7.5,89
1529,Andrés Ruiz,Psicología,32,Femenino,6,4508,Programación,8.81,90
1531,Daniela Ramírez,Psicología,18,Femenino,3,2495,Matemáticas,6.41,67
1532,Sofía Torres,Contabilidad,18,Femenino,6,704,Administración,6.63,89
1532,Sofía Torres,Contabilidad,18,Femenino,6,1073,Base de Datos,8.68,67
1533,Camila López,Derecho,31,Femenino,9,715,Administración,9.21,99
1533,Camila López,Derecho,31,Femenino,9,3195,Administración,6.53,89
1534,José Díaz,Psicología,18,Masculino,3,1233,Programación,6.31,77
1535,Carlos Díaz,Psicología,30,Femenino,4,2804,Administración,9.5,69
1536,Pedro Gómez,Psicología,30,Masculino,8,1486,Auditoría,5.58,79
1537,Luis Díaz,Psicología,32,Femenino,2,4183,Inglés,7.74,63
1540,Pedro Castillo,Administración,25,Femenino,9,2783,Estadística,6.39,70
1542,Camila Morales,Derecho,23,Masculino,3,2375,Estadística,7.86,68
1542,Camila Morales,Derecho,23,Masculino,3,3727,Base de Datos,9.24,74
1543,Andrés Morales,Derecho,20,Femenino,4,369,Administración,8.03,92
1543,Andrés Morales,Derecho,20,Femenino,4,858,Inglés,7.71,71
1543,Andrés Morales,Derecho,20,Femenino,4,2227,Inglés,5.54,96
1543,Andrés Morales,Derecho,20,Femenino,4,3944,Auditoría,9.45,68
1544,Carlos López,Contabilidad,31,Femenino,3,950,Base de Datos,7.59,75
1545,Sofía Ruiz,Contabilidad,24,Femenino,5,580,Estadística,5.16,86
1546,María Pérez,Administración,32,Masculino,7,771,Investigación,6.48,63
1546,María Pérez,Administración,32,Masculino,7,3917,Inglés,7.39,73
1548,Daniela Ruiz,Sistemas,20,Femenino,8,2549,Auditoría,7.45,71
1550,Carlos Ruiz,Educación,31,Femenino,7,2187,Programación,6.47,69
1552,Carlos Castillo,Educación,35,Femenino,2,1907,Investigación,5.9,69
1553,María Ramírez,Derecho,35,Masculino,6,2275,Auditoría,6.04,94
1554,Luis Gómez,Psicología,28,Femenino,8,2184,Matemáticas,7.66,83
1555,Carlos Castillo,Administración,34,Masculino,8,292,Estadística,9.75,89
1558,Luis Torres,Contabilidad,32,Femenino,8,267,Auditoría,6.25,68
1559,Luis Gómez,Psicología,25,Femenino,3,2526,Investigación,7.48,94
1561,Luis Torres,Contabilidad,21,Femenino,3,1904,Contabilidad,6.44,91
1562,Luis Pérez,Educación,26,Masculino,8,976,Python,8.38,100
1562,Luis Pérez,Educación,26,Masculino,8,2210,Auditoría,9.99,94
1563,Camila Torres,Administración,19,Masculino,8,514,Python,7.21,86
1563,Camila Torres,Administración,19,Masculino,8,4638,Investigación,9.68,95
1564,Ana Vega,Educación,21,Femenino,5,3400,Estadística,8.84,87
1565,Daniela Pérez,Psicología,18,Masculino,7,1619,Contabilidad,8.48,66
1566,María López,Contabilidad,25,Masculino,2,429,Contabilidad,6.78,63
1569,Pedro Vega,Sistemas,28,Femenino,9,4097,Administración,5.33,62
1570,María Ruiz,Administración,35,Femenino,7,1326,Estadística,5.16,84
1573,María Ramírez,Administración,20,Femenino,10,385,Matemáticas,10.0,69
1573,María Ramírez,Administración,20,Femenino,10,628,Auditoría,7.63,82
1575,Sofía Ramírez,Sistemas,35,Masculino,5,1991,Inglés,6.72,74
1577,Carlos Díaz,Educación,33,Masculino,6,2301,Python,8.17,69
1577,Carlos Díaz,Educación,33,Masculino,6,4185,Programación,6.46,68
1578,Ana Ruiz,Psicología,32,Femenino,9,181,Administración,5.6,94
1579,María Vega,Psicología,18,Masculino,1,2700,Auditoría,8.22,63
1579,María Vega,Psicología,18,Masculino,1,3127,Contabilidad,6.42,87
1581,Sofía Gómez,Sistemas,22,Femenino,8,2517,Inglés,9.63,64
1582,José López,Administración,30,Masculino,1,2732,Contabilidad,5.86,77
1583,María Ruiz,Derecho,28,Masculino,5,1336,Programación,8.28,96
1584,Camila Pérez,Psicología,31,Femenino,1,4759,Contabilidad,6.37,96
1585,María Díaz,Contabilidad,25,Masculino,9,4220,Base de Datos,5.54,79
1585,María Díaz,Contabilidad,25,Masculino,9,4454,Contabilidad,7.6,86
1587,Camila Torres,Derecho,18,Masculino,8,4633,Administración,9.97,82
1590,Andrés Gómez,Derecho,32,Femenino,3,394,Administración,8.39,96
1591,María López,Derecho,23,Masculino,5,1665,Administración,9.88,72
1591,María López,Derecho,23,Masculino,5,3163,Auditoría,8.69,81
1591,María López,Derecho,23,Masculino,5,4144,Inglés,9.96,100
1593,Luis Díaz,Derecho,30,Masculino,8,2175,Auditoría,9.56,83
1593,Luis Díaz,Derecho,30,Masculino,8,3639,Administración,8.29,88
1593,Luis Díaz,Derecho,30,Masculino,8,4837,Python,6.93,74
1595,Ana Morales,Derecho,20,Femenino,10,2134,Administración,5.41,96
1595,Ana Morales,Derecho,20,Femenino,10,3565,Matemáticas,9.9,71
1595,Ana Morales,Derecho,20,Femenino,10,3664,Auditoría,6.82,89
1596,Andrés Torres,Psicología,23,Femenino,7,4351,Base de Datos,9.07,70
1597,Daniela Castillo,Derecho,27,Femenino,9,3151,Python,7.93,81
1597,Daniela Castillo,Derecho,27,Femenino,9,3472,Base de Datos,9.2,74
1597,Daniela Castillo,Derecho,27,Femenino,9,3778,Programación,8.99,78
1599,María Torres,Administración,18,Masculino,9,1730,Auditoría,7.63,77
1599,María Torres,Administración,18,Masculino,9,2393,Programación,6.97,68
1600,Camila Ramírez,Derecho,31,Femenino,6,4957,Programación,6.52,71
1604,Pedro Morales,Educación,25,Masculino,8,1731,Python,5.42,88
1604,Pedro Morales,Educación,25,Masculino,8,2316,Base de Datos,9.58,60
1607,Sofía Ruiz,Educación,23,Masculino,2,4502,Base de Datos,6.77,99
1608,Luis Morales,Derecho,20,Masculino,7,2927,Programación,8.04,84
1608,Luis Morales,Derecho,20,Masculino,7,3448,Base de Datos,6.1,68
1614,Carlos Díaz,Administración,22,Masculino,8,3333,Administración,7.49,96
1617,Pedro Ramírez,Educación,21,Masculino,2,701,Inglés,7.96,84
1617,Pedro Ramírez,Educación,21,Masculino,2,2028,Contabilidad,5.42,94
1617,Pedro Ramírez,Educación,21,Masculino,2,3110,Inglés,9.35,67
1623,Sofía Morales,Contabilidad,29,Femenino,6,2338,Inglés,5.91,67
1624,María Díaz,Educación,30,Femenino,10,1512,Programación,5.39,89
1625,Ana Díaz,Contabilidad,21,Masculino,8,4577,Inglés,8.94,73
1626,Pedro Torres,Sistemas,21,Femenino,4,2497,Inglés,8.53,66
1627,Camila Ramírez,Psicología,33,Femenino,4,2668,Estadística,8.61,97
1628,Ana Díaz,Sistemas,29,Masculino,6,3418,Matemáticas,8.85,97
1628,Ana Díaz,Sistemas,29,Masculino,6,3532,Estadística,5.45,98
1629,Daniela López,Psicología,33,Femenino,10,1659,Administración,6.15,67
1632,Daniela Gómez,Contabilidad,35,Femenino,3,1297,Inglés,8.68,66
1632,Daniela Gómez,Contabilidad,35,Femenino,3,3957,Contabilidad,5.25,87
1632,Daniela Gómez,Contabilidad,35,Femenino,3,4521,Programación,9.17,81
1633,Daniela Gómez,Derecho,35,Masculino,4,3180,Base de Datos,9.9,76
1635,Ana Torres,Contabilidad,30,Femenino,4,97,Inglés,6.75,74
1636,José Ramírez,Educación,21,Masculino,9,397,Auditoría,5.69,76
1636,José Ramírez,Educación,21,Masculino,9,1379,Administración,5.78,65
1636,José Ramírez,Educación,21,Masculino,9,3705,Inglés,6.9,62
1639,Andrés Morales,Administración,25,Femenino,2,1661,Investigación,9.46,64
1639,Andrés Morales,Administración,25,Femenino,2,3776,Matemáticas,9.79,98
1640,José Gómez,Sistemas,20,Femenino,10,451,Estadística,5.68,64
1640,José Gómez,Sistemas,20,Femenino,10,3818,Auditoría,8.68,79
1642,Pedro Ruiz,Educación,18,Femenino,1,2872,Inglés,7.4,78
1643,Sofía Vega,Administración,30,Femenino,6,2918,Administración,9.44,63
1645,Ana Vega,Derecho,28,Masculino,5,1387,Auditoría,6.36,89
1647,José Torres,Educación,19,Femenino,5,2340,Python,8.75,72
1649,José Morales,Sistemas,28,Masculino,4,2165,Estadística,6.71,90
1650,María Pérez,Administración,33,Femenino,5,2307,Contabilidad,9.31,90
1653,José Castillo,Educación,24,Femenino,2,1839,Inglés,8.18,64
1653,José Castillo,Educación,24,Femenino,2,4109,Matemáticas,5.74,92
1655,Carlos Ruiz,Administración,32,Femenino,5,909,Base de Datos,9.17,76
1655,Carlos Ruiz,Administración,32,Femenino,5,1436,Inglés,5.45,80
1655,Carlos Ruiz,Administración,32,Femenino,5,2519,Programación,8.6,62
1655,Carlos Ruiz,Administración,32,Femenino,5,4605,Python,6.39,79
1657,Sofía Gómez,Educación,22,Femenino,7,4106,Base de Datos,7.09,60
1658,Carlos Pérez,Sistemas,29,Femenino,3,751,Base de Datos,9.41,79
1658,Carlos Pérez,Sistemas,29,Femenino,3,1167,Programación,9.3,92
1658,Carlos Pérez,Sistemas,29,Femenino,3,4892,Contabilidad,7.77,84
1660,Pedro López,Sistemas,21,Masculino,7,4435,Administración,9.58,85
1661,Daniela Castillo,Educación,23,Femenino,2,4433,Inglés,6.16,68
1662,Daniela Morales,Contabilidad,32,Femenino,1,1445,Python,8.11,76
1664,María Pérez,Psicología,33,Femenino,2,1618,Base de Datos,7.77,84
1664,María Pérez,Psicología,33,Femenino,2,3679,Base de Datos,9.79,79
1666,Sofía Torres,Sistemas,28,Masculino,9,597,Administración,8.23,88
1666,Sofía Torres,Sistemas,28,Masculino,9,3210,Investigación,5.45,75
1668,Andrés Vega,Derecho,20,Masculino,4,1854,Investigación,6.33,78
1668,Andrés Vega,Derecho,20,Masculino,4,2902,Python,9.05,60
1671,María Torres,Sistemas,35,Femenino,1,4566,Programación,7.32,61
1672,Luis Gómez,Psicología,27,Femenino,9,480,Administración,8.03,80
1672,Luis Gómez,Psicología,27,Femenino,9,1064,Programación,5.16,88
1672,Luis Gómez,Psicología,27,Femenino,9,2982,Administración,7.85,86
1672,Luis Gómez,Psicología,27,Femenino,9,4552,Investigación,7.78,71
1673,Carlos Morales,Educación,18,Masculino,5,2226,Investigación,5.32,84
1673,Carlos Morales,Educación,18,Masculino,5,2302,Base de Datos,5.46,97
1675,Sofía Ramírez,Educación,28,Femenino,10,3117,Auditoría,9.76,83
1676,Andrés Vega,Administración,21,Masculino,4,1421,Estadística,5.89,88
1680,Pedro Torres,Derecho,32,Masculino,5,2859,Programación,5.72,91
1681,Pedro Torres,Psicología,24,Masculino,5,1495,Python,7.3,93
1681,Pedro Torres,Psicología,24,Masculino,5,3979,Inglés,7.18,93
1683,Carlos Díaz,Derecho,30,Masculino,10,2009,Administración,5.79,78
1687,Pedro López,Derecho,21,Masculino,3,2775,Estadística,5.38,91
1687,Pedro López,Derecho,21,Masculino,3,2940,Inglés,8.53,82
1688,Andrés Castillo,Psicología,33,Masculino,9,4964,Auditoría,5.91,60
1690,Luis Pérez,Administración,28,Femenino,3,4831,Matemáticas,8.32,70
1691,Camila Vega,Psicología,30,Femenino,10,4196,Inglés,5.72,67
1692,Carlos Castillo,Sistemas,34,Masculino,3,3671,Investigación,7.84,71
1695,Camila Ramírez,Psicología,27,Femenino,7,137,Investigación,6.95,97
1696,Andrés López,Contabilidad,20,Femenino,7,732,Python,7.85,94
1696,Andrés López,Contabilidad,20,Femenino,7,3298,Auditoría,7.31,75
1697,Camila Gómez,Educación,20,Masculino,4,3872,Base de Datos,9.14,64
1698,Luis Torres,Psicología,19,Masculino,5,296,Auditoría,6.08,74
1700,Daniela Vega,Educación,35,Masculino,7,3186,Administración,8.5,92
1702,Camila López,Educación,34,Masculino,10,998,Inglés,6.65,60
1702,Camila López,Educación,34,Masculino,10,3098,Inglés,7.97,65
1702,Camila López,Educación,34,Masculino,10,3343,Matemáticas,6.22,97
1703,Daniela Torres,Educación,34,Masculino,3,198,Matemáticas,6.32,65
1704,Luis Díaz,Administración,34,Femenino,1,2717,Investigación,5.5,61
1705,Pedro Ramírez,Derecho,23,Femenino,2,1651,Contabilidad,5.27,67
1706,Camila López,Psicología,21,Femenino,5,1525,Auditoría,7.16,87
1708,Pedro López,Contabilidad,34,Masculino,8,3876,Contabilidad,7.14,97
1709,Sofía Ramírez,Sistemas,29,Masculino,10,3052,Base de Datos,5.19,76
1709,Sofía Ramírez,Sistemas,29,Masculino,10,3373,Contabilidad,6.47,83
1712,Pedro Ramírez,Administración,20,Masculino,7,4325,Administración,5.97,93
1713,Luis Ramírez,Sistemas,22,Femenino,4,1383,Programación,6.06,94
1713,Luis Ramírez,Sistemas,22,Femenino,4,1463,Auditoría,5.29,96
1713,Luis Ramírez,Sistemas,22,Femenino,4,2120,Python,5.98,100
1713,Luis Ramírez,Sistemas,22,Femenino,4,4246,Matemáticas,5.66,89
1714,Daniela Morales,Contabilidad,27,Femenino,7,3104,Programación,8.97,94
1715,Carlos Vega,Contabilidad,21,Femenino,8,2190,Estadística,8.92,99
1715,Carlos Vega,Contabilidad,21,Femenino,8,3870,Programación,8.19,72
1716,Carlos Torres,Contabilidad,31,Masculino,6,971,Base de Datos,7.88,70
1716,Carlos Torres,Contabilidad,31,Masculino,6,3521,Programación,8.85,95
1717,María Gómez,Administración,27,Masculino,3,1654,Investigación,6.26,99
1717,María Gómez,Administración,27,Masculino,3,2218,Inglés,7.25,95
1718,Pedro Morales,Educación,28,Masculino,3,876,Matemáticas,8.47,82
1718,Pedro Morales,Educación,28,Masculino,3,1055,Auditoría,8.57,82
1720,Daniela Vega,Derecho,22,Femenino,7,730,Auditoría,8.45,99
1720,Daniela Vega,Derecho,22,Femenino,7,1500,Administración,6.0,78
1723,Ana Díaz,Derecho,18,Femenino,8,3720,Python,8.58,84
1723,Ana Díaz,Derecho,18,Femenino,8,4846,Programación,9.4,64
1726,José Gómez,Contabilidad,25,Femenino,4,82,Administración,6.02,100
1726,José Gómez,Contabilidad,25,Femenino,4,1260,Base de Datos,6.99,66
1726,José Gómez,Contabilidad,25,Femenino,4,3027,Investigación,7.6,96
1726,José Gómez,Contabilidad,25,Femenino,4,3119,Administración,9.64,68
1726,José Gómez,Contabilidad,25,Femenino,4,3268,Programación,8.49,84
1727,Daniela Gómez,Educación,34,Masculino,4,1155,Auditoría,5.81,86
1727,Daniela Gómez,Educación,34,Masculino,4,2947,Estadística,6.86,69
1728,Sofía Torres,Administración,21,Masculino,7,4370,Programación,9.16,78
1730,Sofía López,Sistemas,19,Femenino,7,1968,Base de Datos,5.39,98
1731,Andrés Castillo,Educación,25,Masculino,6,1545,Base de Datos,7.37,72
1735,Ana Pérez,Educación,28,Masculino,5,1113,Investigación,9.53,92
1736,Daniela Castillo,Psicología,21,Femenino,3,603,Matemáticas,9.81,67
1736,Daniela Castillo,Psicología,21,Femenino,3,2606,Investigación,8.1,74
1736,Daniela Castillo,Psicología,21,Femenino,3,2690,Matemáticas,8.88,95
1737,José Ramírez,Contabilidad,28,Femenino,2,2508,Contabilidad,7.36,98
1738,Luis Pérez,Educación,35,Masculino,6,2789,Base de Datos,6.98,87
1738,Luis Pérez,Educación,35,Masculino,6,4866,Base de Datos,5.73,62
1740,José López,Psicología,30,Masculino,2,1473,Python,8.2,78
1740,José López,Psicología,30,Masculino,2,1933,Auditoría,9.99,60
1740,José López,Psicología,30,Masculino,2,4147,Base de Datos,5.95,100
1743,Daniela López,Psicología,22,Masculino,3,1132,Python,7.76,94
1746,Andrés Vega,Sistemas,23,Femenino,3,2470,Python,8.69,96
1747,José Pérez,Psicología,19,Masculino,7,1094,Investigación,9.18,73
1748,Daniela Vega,Psicología,20,Masculino,8,4951,Administración,7.19,93
1749,Andrés Morales,Psicología,30,Femenino,10,756,Inglés,5.39,97
1750,José López,Administración,18,Masculino,10,3666,Investigación,5.71,66
1751,María Ruiz,Educación,18,Femenino,9,116,Programación,7.37,70
1751,María Ruiz,Educación,18,Femenino,9,4345,Investigación,6.84,82
1753,Andrés Gómez,Administración,25,Masculino,9,528,Matemáticas,9.14,77
1753,Andrés Gómez,Administración,25,Masculino,9,1345,Investigación,8.83,76
1753,Andrés Gómez,Administración,25,Masculino,9,3144,Base de Datos,9.73,77
1754,María Castillo,Sistemas,22,Femenino,3,1871,Contabilidad,7.2,76
1754,María Castillo,Sistemas,22,Femenino,3,4624,Python,6.47,72
1756,Luis Pérez,Educación,29,Femenino,6,3819,Auditoría,9.09,83
1758,José Díaz,Sistemas,18,Femenino,4,450,Auditoría,6.43,91
1758,José Díaz,Sistemas,18,Femenino,4,3608,Estadística,7.29,71
1759,José Torres,Contabilidad,18,Masculino,7,4635,Auditoría,7.98,68
1760,José Ruiz,Psicología,24,Femenino,4,3389,Base de Datos,6.61,74
1762,María Morales,Contabilidad,22,Femenino,2,3376,Auditoría,7.51,77
1763,Daniela Torres,Derecho,23,Masculino,4,490,Auditoría,6.76,63
1763,Daniela Torres,Derecho,23,Masculino,4,3257,Investigación,6.37,71
1764,Sofía Ramírez,Educación,23,Femenino,1,3830,Matemáticas,9.85,83
1766,Carlos Gómez,Derecho,25,Femenino,7,4023,Investigación,8.88,69
1767,Luis Vega,Administración,18,Masculino,7,4352,Auditoría,8.01,69
1771,Carlos Ramírez,Psicología,32,Masculino,5,1489,Programación,6.51,67
1771,Carlos Ramírez,Psicología,32,Masculino,5,2266,Inglés,8.48,100
1772,Camila Ramírez,Administración,25,Masculino,9,2727,Administración,5.57,73
1773,José Vega,Sistemas,18,Masculino,2,3755,Investigación,7.45,79
1774,Andrés Castillo,Sistemas,34,Femenino,3,1672,Auditoría,7.37,89
1774,Andrés Castillo,Sistemas,34,Femenino,3,3136,Estadística,9.65,99
1775,Ana López,Sistemas,25,Femenino,7,2265,Python,9.46,94
1775,Ana López,Sistemas,25,Femenino,7,3887,Auditoría,7.05,60
1778,José Díaz,Sistemas,28,Masculino,6,3747,Estadística,5.08,90
1780,Andrés Díaz,Psicología,23,Femenino,3,289,Inglés,7.22,75
1780,Andrés Díaz,Psicología,23,Femenino,3,765,Estadística,9.48,68
1780,Andrés Díaz,Psicología,23,Femenino,3,2251,Inglés,7.06,95
1785,Luis Díaz,Administración,23,Femenino,6,1302,Estadística,6.18,87
1786,Camila Ramírez,Derecho,33,Femenino,10,569,Auditoría,5.37,87
1786,Camila Ramírez,Derecho,33,Femenino,10,1680,Base de Datos,6.79,75
1790,Sofía López,Educación,20,Masculino,6,1606,Auditoría,8.22,88
1792,Luis Pérez,Contabilidad,29,Masculino,5,622,Programación,7.28,63
1793,Daniela Torres,Psicología,31,Masculino,4,2838,Python,7.37,82
1794,María Pérez,Educación,22,Masculino,3,2382,Inglés,8.4,69
1795,Pedro Pérez,Educación,31,Femenino,1,850,Python,9.48,77
1795,Pedro Pérez,Educación,31,Femenino,1,3865,Auditoría,6.76,86
1796,Luis Ruiz,Sistemas,33,Masculino,1,556,Base de Datos,7.39,89
1798,Ana Ruiz,Derecho,22,Masculino,8,854,Auditoría,9.23,84
1802,Carlos Pérez,Derecho,31,Femenino,9,1669,Contabilidad,8.02,100
1805,María Morales,Psicología,19,Masculino,7,2818,Base de Datos,6.79,61
1805,María Morales,Psicología,19,Masculino,7,2941,Inglés,8.57,83
1805,María Morales,Psicología,19,Masculino,7,4046,Python,5.22,60
1806,Carlos Vega,Psicología,20,Femenino,8,1214,Matemáticas,9.0,86
1806,Carlos Vega,Psicología,20,Femenino,8,2368,Contabilidad,8.33,67
1806,Carlos Vega,Psicología,20,Femenino,8,3966,Auditoría,8.02,77
1807,Camila Morales,Derecho,23,Masculino,6,1634,Estadística,9.02,87
1807,Camila Morales,Derecho,23,Masculino,6,4209,Inglés,9.52,61
1807,Camila Morales,Derecho,23,Masculino,6,4423,Contabilidad,6.35,91
1808,Pedro López,Contabilidad,21,Masculino,2,2545,Administración,6.34,97
1809,Camila Ruiz,Contabilidad,18,Masculino,5,4232,Matemáticas,6.09,66
1811,Ana Castillo,Administración,35,Masculino,1,588,Investigación,6.5,63
1814,José Morales,Psicología,24,Femenino,7,939,Matemáticas,8.39,77
1816,Andrés Gómez,Psicología,22,Masculino,10,355,Administración,8.9,64
1816,Andrés Gómez,Psicología,22,Masculino,10,3609,Administración,5.36,73
1817,Pedro Ramírez,Psicología,19,Femenino,3,4950,Base de Datos,5.34,78
1820,Carlos Díaz,Contabilidad,29,Femenino,1,1366,Investigación,6.45,85
1820,Carlos Díaz,Contabilidad,29,Femenino,1,2380,Estadística,6.98,94
1821,Pedro López,Administración,20,Masculino,10,4511,Administración,7.65,83
1822,Daniela Gómez,Sistemas,22,Femenino,9,955,Programación,8.19,90
1826,José Ramírez,Educación,22,Masculino,10,1148,Programación,7.03,82
1827,Daniela Pérez,Contabilidad,27,Femenino,7,98,Python,8.3,85
1828,Sofía Torres,Derecho,29,Femenino,6,2170,Matemáticas,7.33,73
1828,Sofía Torres,Derecho,29,Femenino,6,2648,Investigación,9.37,65
1829,Luis Morales,Psicología,32,Femenino,1,2,Base de Datos,8.68,94
1833,Daniela Vega,Derecho,21,Masculino,3,3030,Base de Datos,6.44,76
1834,Luis Morales,Derecho,24,Femenino,6,4085,Contabilidad,5.16,81
1835,Luis Díaz,Contabilidad,33,Masculino,8,2694,Programación,6.42,76
1835,Luis Díaz,Contabilidad,33,Masculino,8,3551,Inglés,6.35,63
1837,Carlos López,Contabilidad,19,Femenino,1,456,Estadística,9.93,68
1837,Carlos López,Contabilidad,19,Femenino,1,1955,Base de Datos,9.65,93
1837,Carlos López,Contabilidad,19,Femenino,1,3289,Base de Datos,8.05,92
1838,Camila Morales,Derecho,24,Masculino,4,325,Estadística,6.75,95
1838,Camila Morales,Derecho,24,Masculino,4,1066,Programación,6.94,92
1839,Ana Morales,Contabilidad,26,Masculino,2,1897,Python,9.74,95
1840,Carlos Gómez,Contabilidad,30,Masculino,5,1747,Python,8.96,69
1840,Carlos Gómez,Contabilidad,30,Masculino,5,2132,Python,6.39,86
1840,Carlos Gómez,Contabilidad,30,Masculino,5,2568,Estadística,9.78,78
1840,Carlos Gómez,Contabilidad,30,Masculino,5,3648,Python,7.82,64
1841,Daniela Morales,Psicología,24,Femenino,3,45,Estadística,6.69,97
1843,María Díaz,Derecho,33,Femenino,9,2409,Python,7.93,96
1844,Carlos Morales,Contabilidad,30,Masculino,9,2388,Python,9.62,71
1844,Carlos Morales,Contabilidad,30,Masculino,9,2465,Base de Datos,5.38,68
1846,Ana Torres,Derecho,22,Femenino,6,2925,Administración,7.16,79
1847,Luis Morales,Contabilidad,34,Masculino,8,1695,Administración,6.76,77
1848,Carlos Ramírez,Educación,21,Masculino,4,1070,Administración,8.78,94
1849,María Morales,Educación,35,Masculino,10,195,Programación,6.9,88
1849,María Morales,Educación,35,Masculino,10,531,Matemáticas,5.26,86
1850,Pedro López,Contabilidad,24,Masculino,10,4333,Python,9.41,62
1851,Ana Díaz,Contabilidad,18,Femenino,5,4349,Matemáticas,6.99,90
1853,Pedro Díaz,Contabilidad,35,Femenino,9,327,Investigación,9.23,99
1853,Pedro Díaz,Contabilidad,35,Femenino,9,757,Programación,8.4,60
1853,Pedro Díaz,Contabilidad,35,Femenino,9,2479,Inglés,6.98,79
1854,Camila Gómez,Administración,32,Femenino,6,1205,Auditoría,9.82,89
1854,Camila Gómez,Administración,32,Femenino,6,3478,Base de Datos,7.7,99
1854,Camila Gómez,Administración,32,Femenino,6,4057,Python,7.17,77
1856,José Morales,Educación,27,Masculino,2,4767,Administración,8.11,85
1857,Luis Gómez,Educación,18,Femenino,2,1773,Contabilidad,5.63,68
1858,Daniela Ruiz,Psicología,21,Femenino,9,1361,Auditoría,9.64,100
1858,Daniela Ruiz,Psicología,21,Femenino,9,1712,Inglés,6.86,78
1858,Daniela Ruiz,Psicología,21,Femenino,9,2002,Estadística,7.81,91
1858,Daniela Ruiz,Psicología,21,Femenino,9,4149,Inglés,7.79,89
1860,María Ramírez,Psicología,30,Masculino,4,3658,Investigación,5.63,100
1861,Daniela Gómez,Contabilidad,32,Femenino,7,4026,Inglés,6.26,85
1861,Daniela Gómez,Contabilidad,32,Femenino,7,4779,Auditoría,7.69,95
1864,Ana Pérez,Sistemas,22,Femenino,9,1401,Investigación,6.2,69
1864,Ana Pérez,Sistemas,22,Femenino,9,2974,Base de Datos,5.73,99
1865,Sofía Díaz,Contabilidad,23,Femenino,4,4227,Investigación,9.79,61
1866,Andrés Morales,Administración,30,Masculino,10,2926,Python,9.66,61
1867,Pedro Torres,Educación,30,Masculino,7,3550,Administración,8.59,95
1868,Camila Vega,Administración,31,Masculino,2,924,Base de Datos,6.5,88
1868,Camila Vega,Administración,31,Masculino,2,4745,Auditoría,5.21,87
1869,Carlos Vega,Sistemas,30,Femenino,9,3740,Auditoría,5.85,82
1871,Pedro Pérez,Educación,22,Masculino,10,3340,Inglés,5.89,98
1874,María Vega,Administración,30,Femenino,1,1898,Estadística,9.87,72
1874,María Vega,Administración,30,Femenino,1,3367,Contabilidad,7.36,79
1875,José Gómez,Administración,18,Masculino,2,4637,Inglés,5.59,77
1876,Daniela Ruiz,Sistemas,21,Masculino,5,211,Auditoría,7.94,61
1876,Daniela Ruiz,Sistemas,21,Masculino,5,3765,Auditoría,8.05,75
1878,María Morales,Sistemas,33,Masculino,7,4120,Python,6.11,88
1878,María Morales,Sistemas,33,Masculino,7,4667,Administración,5.4,63
1879,Luis Ramírez,Educación,20,Masculino,7,4255,Base de Datos,6.33,93
1881,José Pérez,Administración,19,Masculino,6,4840,Contabilidad,5.06,100
1883,Andrés Castillo,Sistemas,24,Masculino,9,636,Matemáticas,9.51,96
1883,Andrés Castillo,Sistemas,24,Masculino,9,1187,Inglés,8.92,70
1885,Luis López,Sistemas,28,Masculino,4,3081,Matemáticas,5.17,67
1886,Luis Torres,Contabilidad,26,Femenino,4,266,Auditoría,9.01,74
1886,Luis Torres,Contabilidad,26,Femenino,4,3413,Matemáticas,6.01,70
1888,Daniela Morales,Psicología,30,Masculino,5,3002,Inglés,8.93,74
1890,Sofía Ruiz,Contabilidad,23,Masculino,8,4986,Estadística,5.24,85
1891,Pedro Ramírez,Derecho,26,Femenino,10,1807,Base de Datos,5.15,63
1892,Luis Ruiz,Derecho,31,Masculino,10,3985,Investigación,8.0,90
1892,Luis Ruiz,Derecho,31,Masculino,10,4192,Matemáticas,8.72,64
1894,Ana Vega,Contabilidad,31,Femenino,10,1390,Investigación,7.54,66
1895,Andrés Díaz,Derecho,18,Masculino,3,4229,Investigación,9.33,73
1896,Camila Morales,Administración,29,Masculino,2,621,Estadística,8.54,60
1896,Camila Morales,Administración,29,Masculino,2,2503,Matemáticas,6.68,90
1897,María Díaz,Contabilidad,22,Femenino,2,3846,Python,6.43,65
1897,María Díaz,Contabilidad,22,Femenino,2,4169,Python,6.38,95
1898,Ana Díaz,Educación,18,Femenino,4,2627,Matemáticas,9.04,69
1898,Ana Díaz,Educación,18,Femenino,4,4457,Programación,6.22,67
1899,Daniela Ruiz,Contabilidad,25,Masculino,7,1141,Estadística,6.32,74
1899,Daniela Ruiz,Contabilidad,25,Masculino,7,2890,Estadística,8.33,91
1900,José Ruiz,Administración,34,Masculino,2,699,Investigación,8.15,71
1903,Daniela Pérez,Contabilidad,31,Masculino,2,257,Inglés,8.19,89
1903,Daniela Pérez,Contabilidad,31,Masculino,2,3023,Contabilidad,7.47,63
1904,Daniela Torres,Psicología,28,Femenino,4,1707,Programación,8.22,86
1905,Sofía Pérez,Contabilidad,18,Masculino,8,1176,Estadística,6.42,94
1905,Sofía Pérez,Contabilidad,18,Masculino,8,2288,Programación,7.94,60
1906,José Torres,Derecho,19,Masculino,6,2289,Python,8.08,67
1906,José Torres,Derecho,19,Masculino,6,2746,Programación,5.33,78
1906,José Torres,Derecho,19,Masculino,6,4752,Matemáticas,7.38,86
1906,José Torres,Derecho,19,Masculino,6,4823,Programación,6.62,76
1907,Ana Gómez,Derecho,21,Femenino,5,852,Base de Datos,5.5,75
1908,José Díaz,Contabilidad,30,Masculino,9,15,Estadística,6.9,89
1909,Camila Ramírez,Psicología,19,Femenino,5,1628,Estadística,5.18,69
1912,Luis Díaz,Educación,31,Masculino,3,2373,Matemáticas,6.3,78
1912,Luis Díaz,Educación,31,Masculino,3,4698,Base de Datos,8.81,87
1914,José Pérez,Sistemas,19,Femenino,2,820,Estadística,9.72,68
1915,José Díaz,Educación,30,Femenino,3,1583,Investigación,8.42,84
1915,José Díaz,Educación,30,Femenino,3,3646,Python,6.91,96
1915,José Díaz,Educación,30,Femenino,3,4375,Administración,8.07,67
1916,Carlos Ruiz,Derecho,21,Masculino,6,2204,Contabilidad,8.23,82
1917,Carlos Ruiz,Derecho,32,Masculino,9,393,Programación,6.2,90
1919,Camila Ramírez,Administración,20,Femenino,5,4245,Python,8.66,72
1921,Luis Ramírez,Sistemas,24,Masculino,4,133,Contabilidad,6.68,94
1921,Luis Ramírez,Sistemas,24,Masculino,4,4210,Inglés,6.92,95
1923,María Ruiz,Psicología,34,Femenino,5,1259,Contabilidad,9.7,65
1923,María Ruiz,Psicología,34,Femenino,5,2980,Administración,5.55,92
1924,Daniela Torres,Psicología,21,Masculino,4,249,Contabilidad,9.99,65
1924,Daniela Torres,Psicología,21,Masculino,4,3844,Inglés,9.05,62
1926,María Gómez,Contabilidad,31,Masculino,5,4536,Programación,7.63,82
1927,Sofía Gómez,Administración,32,Masculino,2,68,Investigación,5.6,96
1927,Sofía Gómez,Administración,32,Masculino,2,4474,Investigación,8.12,94
1928,María Pérez,Derecho,23,Femenino,1,4485,Programación,7.01,84
1936,Ana Ruiz,Contabilidad,25,Masculino,9,358,Estadística,5.73,72
1936,Ana Ruiz,Contabilidad,25,Masculino,9,4606,Investigación,8.23,96
1938,Luis López,Educación,26,Femenino,4,4448,Inglés,6.02,76
1940,Luis Torres,Psicología,33,Femenino,4,457,Inglés,5.13,95
1940,Luis Torres,Psicología,33,Femenino,4,818,Contabilidad,6.3,80
1940,Luis Torres,Psicología,33,Femenino,4,1555,Programación,6.35,94
1941,Carlos Díaz,Educación,20,Masculino,3,587,Contabilidad,9.38,93
1946,José López,Psicología,34,Masculino,3,4495,Administración,5.26,77
1947,Luis Gómez,Contabilidad,28,Femenino,8,921,Python,8.73,77
1949,Daniela Pérez,Contabilidad,27,Femenino,9,1448,Matemáticas,7.94,90
1950,Sofía Ramírez,Sistemas,26,Masculino,3,301,Auditoría,6.62,71
1950,Sofía Ramírez,Sistemas,26,Masculino,3,874,Administración,9.91,70
1950,Sofía Ramírez,Sistemas,26,Masculino,3,4440,Programación,9.9,80
1951,Pedro López,Educación,22,Femenino,8,1868,Auditoría,5.61,80
1954,Daniela Vega,Administración,26,Femenino,6,411,Investigación,8.19,99
1955,Pedro Ruiz,Derecho,26,Femenino,4,2270,Matemáticas,5.46,86
1957,Daniela Ruiz,Contabilidad,27,Masculino,1,239,Auditoría,6.91,86
1957,Daniela Ruiz,Contabilidad,27,Masculino,1,1137,Auditoría,8.42,92
1957,Daniela Ruiz,Contabilidad,27,Masculino,1,3701,Contabilidad,6.32,87
1958,Daniela Torres,Derecho,22,Femenino,10,4121,Investigación,5.01,63
1959,Andrés Torres,Contabilidad,33,Femenino,2,2171,Inglés,8.67,81
1961,Sofía Gómez,Sistemas,33,Femenino,1,226,Base de Datos,6.55,60
1961,Sofía Gómez,Sistemas,33,Femenino,1,772,Inglés,6.93,75
1962,Pedro Díaz,Educación,18,Masculino,5,38,Python,6.2,96
1962,Pedro Díaz,Educación,18,Masculino,5,3591,Inglés,5.94,85
1963,Carlos Díaz,Contabilidad,34,Masculino,2,1281,Programación,8.82,99
1964,José Torres,Educación,24,Femenino,10,1877,Contabilidad,7.76,79
1964,José Torres,Educación,24,Femenino,10,2249,Base de Datos,6.37,100
1970,José Ruiz,Educación,32,Masculino,7,4298,Investigación,8.01,99
1973,Pedro Morales,Derecho,18,Masculino,7,256,Inglés,9.56,69
1973,Pedro Morales,Derecho,18,Masculino,7,3141,Programación,6.97,84
1973,Pedro Morales,Derecho,18,Masculino,7,3731,Programación,5.03,76
1974,Luis Torres,Psicología,27,Masculino,10,4849,Auditoría,5.62,94
1976,Pedro Torres,Derecho,18,Femenino,9,422,Estadística,8.86,81
1976,Pedro Torres,Derecho,18,Femenino,9,4331,Auditoría,5.46,72
1976,Pedro Torres,Derecho,18,Femenino,9,4574,Estadística,6.96,95
1977,Daniela Pérez,Sistemas,19,Femenino,2,3500,Inglés,9.18,87
1977,Daniela Pérez,Sistemas,19,Femenino,2,4215,Contabilidad,6.26,75
1978,Camila Ruiz,Sistemas,27,Femenino,6,3014,Contabilidad,5.6,81
1978,Camila Ruiz,Sistemas,27,Femenino,6,3885,Auditoría,9.92,62
1981,Carlos Castillo,Educación,27,Masculino,8,483,Inglés,5.61,88
1981,Carlos Castillo,Educación,27,Masculino,8,3631,Investigación,8.08,88
1982,Sofía López,Sistemas,20,Masculino,3,1783,Programación,7.85,66
1983,Sofía Gómez,Psicología,21,Masculino,4,679,Contabilidad,8.29,87
1983,Sofía Gómez,Psicología,21,Masculino,4,4952,Administración,9.36,69
1985,Ana Gómez,Contabilidad,30,Femenino,3,2260,Inglés,5.7,77
1987,Carlos Pérez,Administración,22,Masculino,3,3486,Investigación,8.93,86
1987,Carlos Pérez,Administración,22,Masculino,3,4064,Base de Datos,8.12,64
1988,Andrés Vega,Administración,33,Femenino,5,2851,Auditoría,7.56,68
1989,José Gómez,Psicología,33,Femenino,5,3505,Auditoría,7.47,97
1989,José Gómez,Psicología,33,Femenino,5,4200,Inglés,7.44,77
1990,Pedro Morales,Educación,21,Femenino,7,159,Estadística,8.49,79
1991,Pedro Torres,Sistemas,27,Femenino,2,3712,Estadística,5.89,64
1991,Pedro Torres,Sistemas,27,Femenino,2,4597,Base de Datos,5.75,66
1992,Sofía Morales,Sistemas,27,Masculino,10,2998,Administración,6.15,80
1994,José Pérez,Administración,29,Masculino,6,353,Investigación,7.94,93
1996,Camila Ruiz,Contabilidad,32,Masculino,5,1640,Auditoría,5.2,66
1997,José Morales,Sistemas,33,Femenino,8,3256,Python,6.87,90
1998,Sofía Torres,Psicología,34,Femenino,3,1087,Python,8.41,80
1999,Camila Ruiz,Psicología,29,Femenino,2,697,Programación,5.87,70
2001,Luis Ramírez,Educación,33,Femenino,4,2463,Programación,8.42,62
2002,María Gómez,Administración,30,Femenino,2,77,Administración,6.42,88
2002,María Gómez,Administración,30,Femenino,2,2819,Auditoría,8.71,87
2004,Daniela Díaz,Psicología,18,Masculino,6,797,Python,7.36,84
2004,Daniela Díaz,Psicología,18,Masculino,6,2186,Python,8.82,97
2005,Luis Ramírez,Derecho,22,Masculino,4,583,Python,7.01,74
2005,Luis Ramírez,Derecho,22,Masculino,4,4565,Investigación,6.31,70
2007,Carlos Morales,Psicología,24,Masculino,10,2305,Investigación,5.88,75
2008,Ana Gómez,Administración,19,Masculino,1,2596,Estadística,5.06,86
2010,Carlos Vega,Derecho,24,Masculino,10,2075,Auditoría,7.22,94
2010,Carlos Vega,Derecho,24,Masculino,10,3539,Matemáticas,7.2,73
2011,Daniela Vega,Contabilidad,29,Masculino,2,3884,Estadística,7.27,81
2011,Daniela Vega,Contabilidad,29,Masculino,2,4029,Base de Datos,9.49,66
2013,Luis Torres,Psicología,27,Masculino,2,1427,Programación,7.69,62
2014,Daniela López,Sistemas,35,Femenino,1,4011,Inglés,5.88,67
2015,María Castillo,Contabilidad,30,Femenino,2,3537,Programación,5.78,77
2016,Carlos Castillo,Sistemas,35,Masculino,9,3663,Matemáticas,8.56,96
2017,Sofía Vega,Contabilidad,30,Masculino,9,69,Auditoría,7.97,99
2017,Sofía Vega,Contabilidad,30,Masculino,9,1935,Inglés,8.38,81
2017,Sofía Vega,Contabilidad,30,Masculino,9,3761,Matemáticas,9.72,74
2017,Sofía Vega,Contabilidad,30,Masculino,9,4655,Contabilidad,7.4,66
2018,Luis Ruiz,Derecho,26,Masculino,1,2092,Programación,8.26,68
2019,Camila Morales,Contabilidad,24,Femenino,1,651,Estadística,5.41,69
2019,Camila Morales,Contabilidad,24,Femenino,1,1874,Contabilidad,9.4,69
2020,Carlos López,Psicología,28,Masculino,4,4594,Auditoría,7.34,93
2022,Pedro Ruiz,Educación,20,Femenino,3,2324,Matemáticas,7.39,83
2023,José Pérez,Sistemas,19,Femenino,9,2242,Programación,6.64,96
2023,José Pérez,Sistemas,19,Femenino,9,4836,Python,6.27,100
2024,María Díaz,Derecho,33,Femenino,4,3948,Matemáticas,7.99,100
2027,Pedro Morales,Psicología,22,Masculino,8,3059,Investigación,5.58,89
2028,Luis Ruiz,Contabilidad,29,Masculino,6,559,Auditoría,9.37,65
2028,Luis Ruiz,Contabilidad,29,Masculino,6,579,Inglés,6.73,77
2028,Luis Ruiz,Contabilidad,29,Masculino,6,727,Contabilidad,9.37,62
2028,Luis Ruiz,Contabilidad,29,Masculino,6,738,Investigación,7.45,96
2028,Luis Ruiz,Contabilidad,29,Masculino,6,2437,Estadística,6.35,94
2029,Pedro Pérez,Administración,25,Masculino,10,1829,Matemáticas,8.24,97
2030,Ana López,Derecho,35,Masculino,1,372,Inglés,9.95,93
2031,María Pérez,Sistemas,19,Masculino,8,484,Base de Datos,5.48,78
2031,María Pérez,Sistemas,19,Masculino,8,1674,Administración,7.17,74
2034,Luis Gómez,Contabilidad,35,Masculino,8,1216,Contabilidad,5.47,81
2034,Luis Gómez,Contabilidad,35,Masculino,8,3779,Investigación,7.11,60
2034,Luis Gómez,Contabilidad,35,Masculino,8,4012,Base de Datos,8.2,62
2035,Camila López,Derecho,27,Femenino,9,2298,Matemáticas,8.04,84
2035,Camila López,Derecho,27,Femenino,9,2423,Contabilidad,5.23,93
2037,Andrés Gómez,Sistemas,29,Femenino,10,4737,Contabilidad,9.68,87
2038,Daniela Castillo,Sistemas,24,Masculino,9,1307,Base de Datos,7.5,99
2038,Daniela Castillo,Sistemas,24,Masculino,9,2839,Investigación,7.11,66
2038,Daniela Castillo,Sistemas,24,Masculino,9,4061,Inglés,9.53,66
2039,María Castillo,Educación,35,Masculino,2,977,Matemáticas,8.47,82
2040,Camila Torres,Sistemas,25,Femenino,8,2795,Estadística,6.1,63
2040,Camila Torres,Sistemas,25,Femenino,8,3354,Administración,6.38,95
2040,Camila Torres,Sistemas,25,Femenino,8,4305,Programación,5.97,72
2042,Sofía Morales,Contabilidad,20,Masculino,5,846,Programación,8.97,84
2044,Daniela Pérez,Administración,24,Femenino,3,3686,Estadística,8.32,69
2045,Pedro Vega,Sistemas,27,Masculino,9,1891,Programación,8.57,68
2047,María Pérez,Contabilidad,31,Femenino,1,1354,Matemáticas,6.28,79
2047,María Pérez,Contabilidad,31,Femenino,1,3451,Matemáticas,6.25,79
2048,Luis Vega,Derecho,27,Femenino,7,2935,Python,5.38,68
2049,Sofía Ruiz,Psicología,26,Masculino,7,261,Inglés,9.23,72
2049,Sofía Ruiz,Psicología,26,Masculino,7,2209,Contabilidad,8.73,77
2049,Sofía Ruiz,Psicología,26,Masculino,7,2843,Base de Datos,7.08,72
2050,Daniela López,Administración,18,Femenino,5,1210,Inglés,9.83,96
2052,Pedro Pérez,Psicología,26,Femenino,5,753,Estadística,6.86,70
2053,José Ruiz,Sistemas,21,Femenino,10,469,Matemáticas,8.18,95
2053,José Ruiz,Sistemas,21,Femenino,10,2966,Auditoría,5.06,79
2053,José Ruiz,Sistemas,21,Femenino,10,3146,Estadística,7.79,87
2058,José Castillo,Contabilidad,33,Masculino,4,4807,Programación,8.98,100
2059,Carlos Torres,Psicología,19,Masculino,2,1847,Auditoría,7.58,95
2060,Ana Torres,Educación,34,Femenino,10,4956,Contabilidad,9.65,92
2063,María Díaz,Sistemas,20,Femenino,2,3351,Investigación,8.01,91
2064,Andrés Gómez,Administración,24,Femenino,10,1098,Programación,5.35,74
2064,Andrés Gómez,Administración,24,Femenino,10,1594,Matemáticas,5.17,99
2064,Andrés Gómez,Administración,24,Femenino,10,4409,Matemáticas,8.89,85
2065,Camila Morales,Sistemas,31,Femenino,3,1571,Base de Datos,8.08,77
2065,Camila Morales,Sistemas,31,Femenino,3,3571,Inglés,5.45,76
2066,Ana Díaz,Psicología,29,Femenino,7,4098,Investigación,5.93,91
2067,Camila Ramírez,Contabilidad,18,Masculino,6,149,Estadística,7.35,94
2068,Ana Castillo,Administración,18,Masculino,10,219,Administración,5.58,85
2068,Ana Castillo,Administración,18,Masculino,10,3241,Investigación,6.69,78
2070,Pedro Ruiz,Sistemas,22,Femenino,2,4859,Base de Datos,6.34,73
2071,Luis López,Psicología,34,Femenino,9,1115,Matemáticas,5.57,96
2071,Luis López,Psicología,34,Femenino,9,2254,Matemáticas,7.53,89
2072,Luis Vega,Sistemas,33,Femenino,6,4302,Programación,5.62,95
2073,José López,Psicología,27,Masculino,6,4190,Base de Datos,7.88,97
2076,Camila Vega,Psicología,20,Femenino,8,1962,Administración,6.27,65
2080,Pedro Morales,Psicología,22,Femenino,4,4857,Investigación,6.16,65
2082,José Vega,Educación,33,Masculino,3,4119,Investigación,6.33,93
2083,Ana Morales,Sistemas,23,Masculino,3,4677,Investigación,9.45,87
2085,Pedro Vega,Administración,27,Masculino,6,1474,Estadística,6.54,92
2085,Pedro Vega,Administración,27,Masculino,6,4825,Contabilidad,8.26,78
2086,Camila Ruiz,Psicología,21,Masculino,2,2198,Programación,5.42,65
2087,Camila Ramírez,Derecho,32,Femenino,5,106,Python,8.54,60
2087,Camila Ramírez,Derecho,32,Femenino,5,3129,Programación,7.71,72
2087,Camila Ramírez,Derecho,32,Femenino,5,3952,Auditoría,5.36,67
2089,Ana Ruiz,Psicología,29,Femenino,7,317,Administración,9.77,90
2089,Ana Ruiz,Psicología,29,Femenino,7,2431,Contabilidad,6.91,70
2091,María Castillo,Derecho,28,Masculino,10,4049,Matemáticas,5.0,64
2092,Andrés Vega,Psicología,34,Femenino,5,258,Python,9.49,89
2092,Andrés Vega,Psicología,34,Femenino,5,1589,Auditoría,6.96,75
2092,Andrés Vega,Psicología,34,Femenino,5,2322,Administración,7.55,91
2092,Andrés Vega,Psicología,34,Femenino,5,3391,Auditoría,8.74,61
2092,Andrés Vega,Psicología,34,Femenino,5,3464,Administración,9.03,91
2094,María Morales,Psicología,26,Femenino,2,1880,Contabilidad,5.45,75
2094,María Morales,Psicología,26,Femenino,2,2081,Estadística,5.77,86
2094,María Morales,Psicología,26,Femenino,2,4689,Auditoría,8.04,62
2095,Camila Castillo,Administración,21,Femenino,5,3269,Investigación,5.16,96
2096,Daniela Ramírez,Administración,23,Femenino,5,3879,Inglés,9.31,84
2097,Sofía Gómez,Administración,26,Masculino,2,1328,Python,6.83,98
2098,María Vega,Psicología,23,Masculino,10,3339,Base de Datos,8.45,75
2100,Ana Díaz,Administración,27,Femenino,8,3813,Administración,5.98,76
2102,Daniela Morales,Derecho,26,Masculino,3,3625,Investigación,6.42,78
2103,José Gómez,Contabilidad,20,Masculino,2,877,Estadística,8.6,63
2105,Andrés Gómez,Educación,28,Masculino,7,1572,Python,8.71,98
2108,José Ramírez,Administración,33,Masculino,8,3323,Matemáticas,5.14,73
2109,José Torres,Administración,20,Masculino,1,615,Inglés,9.83,91
2109,José Torres,Administración,20,Masculino,1,1601,Base de Datos,8.9,77
2109,José Torres,Administración,20,Masculino,1,2544,Auditoría,7.75,88
2109,José Torres,Administración,20,Masculino,1,2814,Inglés,6.27,89
2112,María Díaz,Derecho,34,Masculino,5,4326,Auditoría,6.58,67
2113,María Castillo,Educación,33,Femenino,7,2003,Administración,8.92,62
2113,María Castillo,Educación,33,Femenino,7,3237,Matemáticas,7.57,99
2114,Sofía Díaz,Psicología,33,Femenino,2,1516,Administración,6.96,81
2116,María Morales,Sistemas,23,Femenino,6,1159,Base de Datos,7.58,85
2116,María Morales,Sistemas,23,Femenino,6,1603,Contabilidad,5.89,64
2116,María Morales,Sistemas,23,Femenino,6,3188,Matemáticas,7.34,62
2119,José Vega,Administración,31,Masculino,9,937,Estadística,6.43,84
2119,José Vega,Administración,31,Masculino,9,1099,Investigación,6.94,100
2120,Camila Castillo,Educación,28,Femenino,7,687,Matemáticas,7.55,93
2120,Camila Castillo,Educación,28,Femenino,7,4762,Auditoría,7.69,94
2121,Daniela Morales,Derecho,26,Masculino,5,2532,Contabilidad,9.26,78
2122,Daniela López,Contabilidad,19,Femenino,8,1607,Estadística,5.17,64
2125,Pedro Gómez,Educación,28,Femenino,9,1969,Estadística,7.17,61
2125,Pedro Gómez,Educación,28,Femenino,9,2341,Investigación,7.2,99
2126,Luis Pérez,Psicología,24,Femenino,9,953,Investigación,7.02,62
2126,Luis Pérez,Psicología,24,Femenino,9,3325,Administración,8.61,93
2126,Luis Pérez,Psicología,24,Femenino,9,4707,Estadística,9.25,94
2127,María Torres,Psicología,30,Masculino,5,2125,Auditoría,9.28,93
2127,María Torres,Psicología,30,Masculino,5,4981,Inglés,8.17,99
2128,Carlos Díaz,Contabilidad,31,Masculino,9,1466,Programación,7.88,99
2128,Carlos Díaz,Contabilidad,31,Masculino,9,2766,Python,5.55,79
2130,Pedro Ramírez,Sistemas,23,Femenino,5,4782,Administración,6.86,63
2131,Ana López,Educación,25,Masculino,5,4714,Contabilidad,7.68,70
2132,Luis Morales,Educación,30,Masculino,5,829,Base de Datos,5.16,85
2132,Luis Morales,Educación,30,Masculino,5,1927,Base de Datos,8.53,87
2133,Luis Gómez,Sistemas,34,Femenino,1,1918,Base de Datos,7.52,81
2133,Luis Gómez,Sistemas,34,Femenino,1,3005,Contabilidad,6.71,67
2133,Luis Gómez,Sistemas,34,Femenino,1,4570,Administración,7.81,77
2136,Andrés Pérez,Contabilidad,26,Femenino,4,1894,Base de Datos,8.44,80
2137,Luis Castillo,Educación,33,Femenino,5,550,Investigación,6.18,77
2137,Luis Castillo,Educación,33,Femenino,5,3800,Matemáticas,6.2,95
2138,Pedro Gómez,Administración,31,Femenino,8,3255,Contabilidad,8.08,94
2140,Daniela Morales,Contabilidad,35,Masculino,8,2211,Python,8.85,78
2140,Daniela Morales,Contabilidad,35,Masculino,8,4270,Administración,7.74,71
2141,María Ruiz,Sistemas,30,Masculino,8,2840,Contabilidad,7.99,71
2143,Carlos Gómez,Sistemas,35,Masculino,4,3544,Administración,9.02,76
2144,Daniela Ruiz,Administración,20,Masculino,7,4845,Contabilidad,7.14,94
2145,Sofía Ramírez,Psicología,25,Masculino,8,1899,Base de Datos,5.25,99
2146,José Morales,Contabilidad,28,Masculino,1,86,Base de Datos,8.71,95
2151,Andrés Gómez,Administración,24,Femenino,2,2957,Auditoría,6.08,61
2152,Ana Morales,Derecho,23,Femenino,3,1748,Contabilidad,9.78,100
2153,Andrés Morales,Derecho,18,Femenino,2,2672,Programación,8.61,88
2153,Andrés Morales,Derecho,18,Femenino,2,4432,Estadística,9.85,72
2155,Camila Ruiz,Educación,23,Masculino,5,3039,Estadística,9.32,77
2156,Andrés López,Psicología,29,Femenino,8,4815,Base de Datos,8.19,87
2157,Daniela López,Contabilidad,22,Masculino,9,899,Inglés,7.33,74
2159,Daniela Gómez,Sistemas,27,Masculino,4,2496,Matemáticas,8.33,87
2161,Sofía Ramírez,Psicología,23,Masculino,6,1923,Programación,6.57,70
2162,Andrés López,Contabilidad,18,Masculino,5,4343,Contabilidad,9.12,98
2163,José Morales,Psicología,27,Femenino,10,83,Programación,7.44,63
2164,Pedro Castillo,Psicología,35,Masculino,2,2539,Base de Datos,7.04,99
2165,Sofía Torres,Sistemas,24,Femenino,3,1075,Base de Datos,5.8,76
2165,Sofía Torres,Sistemas,24,Femenino,3,3089,Auditoría,7.36,78
2166,José Ruiz,Sistemas,22,Femenino,6,520,Auditoría,7.42,75
2167,Sofía Ruiz,Psicología,26,Femenino,4,3313,Estadística,6.65,64
2168,Carlos Pérez,Administración,24,Masculino,10,203,Auditoría,8.31,72
2169,Carlos Torres,Administración,33,Masculino,6,475,Matemáticas,8.83,86
2169,Carlos Torres,Administración,33,Masculino,6,3527,Inglés,6.75,88
2172,Andrés Morales,Derecho,30,Femenino,6,1967,Administración,9.83,71
2173,José Vega,Contabilidad,34,Masculino,10,76,Base de Datos,9.67,64
2174,María Torres,Educación,26,Masculino,7,302,Python,5.63,86
2174,María Torres,Educación,26,Masculino,7,4600,Programación,7.44,89
2175,Andrés Ramírez,Derecho,26,Masculino,9,1221,Matemáticas,6.15,75
2175,Andrés Ramírez,Derecho,26,Masculino,9,2575,Estadística,8.94,69
2177,Camila Morales,Administración,35,Masculino,7,205,Base de Datos,5.36,70
2178,Camila Torres,Educación,18,Masculino,8,3341,Programación,6.39,72
2178,Camila Torres,Educación,18,Masculino,8,4530,Base de Datos,8.49,66
2179,Camila Vega,Administración,18,Femenino,6,4744,Programación,7.0,92
2180,Luis Díaz,Contabilidad,34,Masculino,10,2015,Administración,8.58,86
2183,Sofía Ramírez,Derecho,23,Femenino,9,4916,Base de Datos,5.53,95
2184,Luis Pérez,Contabilidad,18,Masculino,3,853,Programación,9.08,63
2186,Ana Díaz,Sistemas,35,Femenino,4,31,Administración,5.56,87
2186,Ana Díaz,Sistemas,35,Femenino,4,4839,Auditoría,9.47,81
2187,Sofía Pérez,Contabilidad,28,Masculino,10,1413,Auditoría,7.84,74
2188,Camila Vega,Sistemas,30,Femenino,1,17,Estadística,8.05,70
2188,Camila Vega,Sistemas,30,Femenino,1,1062,Base de Datos,9.92,76
2189,Luis López,Psicología,22,Femenino,2,4044,Base de Datos,5.71,72
2189,Luis López,Psicología,22,Femenino,2,4727,Python,7.94,74
2190,Carlos Ramírez,Sistemas,26,Masculino,9,629,Investigación,5.4,85
2194,Carlos Gómez,Administración,28,Masculino,3,4301,Python,9.64,85
2195,Ana López,Educación,29,Femenino,2,1850,Programación,9.04,87
2198,Carlos Ruiz,Contabilidad,31,Masculino,4,1007,Estadística,6.86,81
2198,Carlos Ruiz,Contabilidad,31,Masculino,4,2799,Inglés,6.03,73
2199,José López,Administración,27,Femenino,8,167,Administración,9.26,65
2199,José López,Administración,27,Femenino,8,662,Inglés,5.73,70
2199,José López,Administración,27,Femenino,8,3067,Inglés,8.64,81
2200,José Gómez,Derecho,29,Femenino,6,2533,Programación,5.6,74
2201,Andrés Ramírez,Educación,23,Masculino,10,900,Auditoría,5.31,66
2202,Pedro Torres,Psicología,24,Femenino,6,739,Investigación,6.88,64
2203,José López,Contabilidad,34,Femenino,2,1283,Investigación,5.94,64
2205,Ana Gómez,Psicología,23,Femenino,3,1219,Base de Datos,9.74,72
2205,Ana Gómez,Psicología,23,Femenino,3,2091,Programación,9.82,66
2205,Ana Gómez,Psicología,23,Femenino,3,4003,Base de Datos,7.67,89
2205,Ana Gómez,Psicología,23,Femenino,3,4174,Python,5.68,66
2207,Ana Díaz,Educación,21,Femenino,1,2434,Matemáticas,8.57,96
2208,Carlos Morales,Derecho,28,Femenino,2,212,Auditoría,5.2,71
2208,Carlos Morales,Derecho,28,Femenino,2,2481,Estadística,9.95,88
2208,Carlos Morales,Derecho,28,Femenino,2,4294,Programación,6.14,80
2209,Carlos Díaz,Contabilidad,23,Femenino,9,4687,Auditoría,5.02,75
2210,Carlos Pérez,Derecho,32,Femenino,7,3971,Inglés,5.62,75
2211,Daniela López,Contabilidad,29,Femenino,8,1420,Investigación,6.11,72
2212,Pedro Castillo,Sistemas,25,Masculino,7,19,Programación,6.1,80
2213,Pedro Castillo,Psicología,30,Masculino,3,165,Auditoría,9.04,94
2213,Pedro Castillo,Psicología,30,Masculino,3,3837,Python,8.51,90
2215,Carlos Torres,Educación,28,Masculino,2,2950,Contabilidad,7.94,79
2215,Carlos Torres,Educación,28,Masculino,2,3706,Investigación,6.68,92
2216,José Torres,Contabilidad,32,Femenino,3,849,Base de Datos,5.13,98
2216,José Torres,Contabilidad,32,Femenino,3,4724,Base de Datos,8.0,87
2218,José Castillo,Sistemas,23,Masculino,4,2836,Base de Datos,9.98,72
2220,Camila Pérez,Derecho,23,Femenino,2,180,Contabilidad,6.26,67
2224,Pedro Ruiz,Derecho,35,Masculino,6,1762,Administración,5.48,97
2227,Sofía Morales,Sistemas,25,Masculino,8,1009,Investigación,8.45,90
2228,María Pérez,Administración,27,Femenino,2,1282,Contabilidad,8.24,94
2229,Camila Morales,Educación,23,Femenino,3,791,Programación,5.32,96
2230,José Castillo,Derecho,33,Masculino,5,337,Inglés,8.31,91
2230,José Castillo,Derecho,33,Masculino,5,3496,Python,6.91,76
2232,Luis Díaz,Educación,21,Femenino,1,1268,Programación,7.22,94
2234,Ana Ramírez,Educación,30,Femenino,1,1588,Administración,6.35,66
2235,José Morales,Contabilidad,21,Femenino,9,1932,Auditoría,9.45,97
2237,Carlos Morales,Psicología,30,Masculino,3,2106,Matemáticas,8.31,80
2237,Carlos Morales,Psicología,30,Masculino,3,2203,Investigación,5.12,88
2239,Sofía Ramírez,Derecho,19,Femenino,5,2099,Auditoría,6.25,84
2239,Sofía Ramírez,Derecho,19,Femenino,5,2264,Base de Datos,7.2,71
2240,Ana Gómez,Derecho,32,Femenino,1,1743,Investigación,5.87,89
2240,Ana Gómez,Derecho,32,Femenino,1,1843,Estadística,7.83,93
2240,Ana Gómez,Derecho,32,Femenino,1,3672,Auditoría,8.85,85
2241,Sofía Díaz,Contabilidad,31,Femenino,5,1145,Contabilidad,7.89,96
2241,Sofía Díaz,Contabilidad,31,Femenino,5,2385,Auditoría,7.39,73
2241,Sofía Díaz,Contabilidad,31,Femenino,5,4110,Programación,6.95,93
2242,Ana Vega,Contabilidad,23,Femenino,6,1051,Investigación,9.82,78
2243,Pedro Pérez,Derecho,28,Femenino,1,1411,Base de Datos,8.9,66
2245,Carlos Gómez,Psicología,21,Masculino,3,2130,Estadística,8.4,89
2247,María Vega,Psicología,32,Masculino,2,3155,Python,9.86,61
2247,María Vega,Psicología,32,Masculino,2,3828,Python,6.52,84
2248,Camila Díaz,Sistemas,22,Masculino,7,2126,Matemáticas,9.24,61
2249,Andrés Gómez,Contabilidad,27,Femenino,7,470,Base de Datos,8.13,99
2250,Ana Torres,Educación,26,Masculino,7,132,Inglés,5.39,78
2251,Luis López,Psicología,26,Femenino,10,625,Programación,9.89,61
2253,Daniela López,Derecho,26,Masculino,5,841,Contabilidad,7.23,69
2254,Andrés Pérez,Psicología,30,Masculino,5,4292,Programación,5.75,84
2256,Carlos Castillo,Contabilidad,32,Femenino,2,943,Investigación,9.48,82
2257,María López,Sistemas,28,Masculino,2,919,Investigación,5.72,98
2257,María López,Sistemas,28,Masculino,2,2240,Matemáticas,5.04,69
2260,Camila Díaz,Contabilidad,32,Masculino,8,1397,Python,8.13,84
2260,Camila Díaz,Contabilidad,32,Masculino,8,3502,Contabilidad,8.2,81
2261,Daniela López,Psicología,23,Femenino,5,2514,Matemáticas,7.92,65
2262,Pedro Pérez,Educación,20,Femenino,9,3042,Inglés,8.15,92
2263,Camila Gómez,Administración,34,Femenino,5,2973,Contabilidad,9.35,68
2263,Camila Gómez,Administración,34,Femenino,5,3771,Base de Datos,6.82,63
2266,Ana Castillo,Psicología,33,Masculino,7,183,Auditoría,9.88,93
2267,Andrés Torres,Derecho,21,Masculino,7,1501,Programación,6.6,88
2267,Andrés Torres,Derecho,21,Masculino,7,3519,Inglés,8.92,80
2268,María López,Sistemas,27,Masculino,3,3258,Programación,8.36,98
2269,Pedro Vega,Derecho,29,Masculino,7,768,Estadística,6.24,98
2269,Pedro Vega,Derecho,29,Masculino,7,2880,Python,9.91,82
2269,Pedro Vega,Derecho,29,Masculino,7,3401,Inglés,7.26,69
2271,Andrés Vega,Psicología,30,Masculino,7,3965,Contabilidad,7.15,74
2272,Daniela Ramírez,Contabilidad,32,Masculino,3,131,Programación,7.42,75
2273,Pedro Castillo,Sistemas,35,Femenino,8,2068,Estadística,9.33,61
2275,María Pérez,Psicología,25,Masculino,10,3750,Matemáticas,5.95,98
2277,Sofía López,Administración,33,Masculino,6,8,Base de Datos,6.08,81
2277,Sofía López,Administración,33,Masculino,6,4644,Python,5.83,99
2279,Daniela Díaz,Educación,25,Masculino,8,1025,Python,7.53,95
2279,Daniela Díaz,Educación,25,Masculino,8,1451,Auditoría,8.14,73
2280,María Díaz,Administración,27,Masculino,1,4139,Estadística,6.78,65
2281,María Ruiz,Derecho,32,Masculino,10,2884,Contabilidad,9.62,64
2282,Daniela López,Administración,32,Masculino,10,1803,Auditoría,7.97,85
2282,Daniela López,Administración,32,Masculino,10,2578,Base de Datos,5.45,68
2282,Daniela López,Administración,32,Masculino,10,3997,Base de Datos,6.15,79
2282,Daniela López,Administración,32,Masculino,10,4924,Inglés,9.96,92
2284,Ana Morales,Psicología,33,Femenino,2,447,Matemáticas,9.8,61
2285,Pedro Castillo,Educación,35,Masculino,10,168,Inglés,6.22,89
2285,Pedro Castillo,Educación,35,Masculino,10,3904,Investigación,7.79,87
2285,Pedro Castillo,Educación,35,Masculino,10,4844,Contabilidad,6.27,83
2286,Andrés Pérez,Derecho,33,Masculino,5,521,Programación,6.49,79
2287,Pedro Pérez,Contabilidad,30,Femenino,7,1673,Python,8.65,75
2288,Luis Gómez,Administración,26,Masculino,3,4260,Administración,6.3,73
2290,Daniela López,Contabilidad,21,Femenino,2,2354,Matemáticas,6.84,99
2292,Daniela Díaz,Derecho,26,Femenino,10,2025,Programación,8.05,69
2293,Ana Torres,Administración,34,Femenino,1,813,Estadística,5.22,74
2293,Ana Torres,Administración,34,Femenino,1,4318,Contabilidad,7.56,93
2294,María Díaz,Psicología,29,Femenino,5,3131,Base de Datos,6.31,66
2297,José Morales,Contabilidad,25,Masculino,4,638,Programación,7.82,62
2298,Sofía Castillo,Administración,18,Femenino,6,1484,Python,6.7,84
2300,Carlos Ruiz,Psicología,28,Femenino,7,2963,Contabilidad,5.43,75
2303,José López,Administración,22,Femenino,10,733,Auditoría,7.69,80
2304,Luis López,Contabilidad,33,Femenino,10,2117,Administración,5.96,99
2305,Ana Vega,Administración,24,Femenino,1,491,Inglés,7.99,90
2305,Ana Vega,Administración,24,Femenino,1,2101,Python,5.81,94
2306,Pedro Gómez,Contabilidad,34,Masculino,5,1764,Administración,8.89,86
2306,Pedro Gómez,Contabilidad,34,Masculino,5,3732,Base de Datos,5.32,64
2306,Pedro Gómez,Contabilidad,34,Masculino,5,3811,Contabilidad,7.78,92
2307,Andrés Vega,Educación,35,Masculino,1,3842,Inglés,6.01,77
2308,Daniela Ruiz,Psicología,25,Masculino,5,3709,Contabilidad,5.42,88
2309,Carlos López,Administración,32,Masculino,1,1785,Base de Datos,9.51,94
2309,Carlos López,Administración,32,Masculino,1,1895,Matemáticas,5.42,83
2311,Luis Torres,Psicología,27,Masculino,4,2550,Python,6.55,71
2312,María López,Psicología,33,Femenino,2,1288,Contabilidad,5.63,88
2314,Luis Ramírez,Sistemas,33,Masculino,2,3650,Auditoría,6.93,75
2315,Andrés Ruiz,Administración,33,Femenino,10,3596,Administración,5.68,72
2317,Sofía Ruiz,Derecho,18,Femenino,7,202,Inglés,5.36,74
2317,Sofía Ruiz,Derecho,18,Femenino,7,1089,Python,9.56,83
2318,Sofía Castillo,Derecho,23,Femenino,9,235,Contabilidad,9.19,97
2318,Sofía Castillo,Derecho,23,Femenino,9,374,Investigación,7.04,81
2319,Daniela Vega,Contabilidad,27,Femenino,9,4736,Auditoría,6.88,94
2321,Luis Torres,Derecho,18,Femenino,9,340,Auditoría,7.43,79
2321,Luis Torres,Derecho,18,Femenino,9,2685,Auditoría,9.69,66
2323,José Gómez,Derecho,28,Masculino,4,2059,Matemáticas,5.92,91
2323,José Gómez,Derecho,28,Masculino,4,4482,Administración,7.26,94
2323,José Gómez,Derecho,28,Masculino,4,4531,Estadística,5.18,82
2325,Andrés Ramírez,Sistemas,27,Masculino,10,3353,Contabilidad,6.32,94
2326,Carlos Díaz,Administración,24,Femenino,3,3276,Programación,8.72,75
2328,Daniela Ruiz,Derecho,26,Masculino,5,377,Contabilidad,8.62,98
2328,Daniela Ruiz,Derecho,26,Masculino,5,1931,Base de Datos,9.17,92
2329,Daniela Castillo,Contabilidad,22,Femenino,6,3382,Estadística,7.36,64
2329,Daniela Castillo,Contabilidad,22,Femenino,6,4991,Estadística,5.36,79
2330,Camila Díaz,Derecho,27,Femenino,10,189,Inglés,7.39,81
2331,Pedro Morales,Sistemas,30,Masculino,7,1824,Administración,5.31,97
2332,Camila Torres,Derecho,26,Masculino,4,541,Inglés,9.95,94
2333,María Castillo,Contabilidad,29,Masculino,6,3626,Auditoría,6.31,67
2336,María Torres,Contabilidad,33,Femenino,1,4164,Administración,5.92,65
2337,Pedro Ramírez,Administración,26,Femenino,1,62,Investigación,8.48,95
2337,Pedro Ramírez,Administración,26,Femenino,1,1715,Base de Datos,9.87,69
2338,Luis Pérez,Educación,28,Femenino,9,3826,Matemáticas,5.39,66
2339,Camila Ramírez,Contabilidad,21,Femenino,3,3730,Matemáticas,7.13,82
2341,Sofía Castillo,Psicología,24,Masculino,8,492,Programación,5.04,66
2343,Andrés Castillo,Educación,18,Masculino,2,1197,Matemáticas,5.17,98
2347,Pedro Morales,Derecho,33,Masculino,9,4070,Matemáticas,8.05,70
2348,Ana Vega,Contabilidad,18,Femenino,1,1251,Inglés,8.16,69
2353,José Ramírez,Derecho,22,Femenino,2,1465,Investigación,8.04,80
2354,Carlos Ruiz,Contabilidad,32,Femenino,1,535,Administración,6.43,63
2354,Carlos Ruiz,Contabilidad,32,Femenino,1,3058,Investigación,9.85,80
2354,Carlos Ruiz,Contabilidad,32,Femenino,1,4517,Contabilidad,6.12,72
2356,Ana López,Contabilidad,31,Masculino,5,4126,Estadística,9.28,84
2357,María Ruiz,Educación,28,Femenino,4,259,Programación,5.79,88
2357,María Ruiz,Educación,28,Femenino,4,323,Auditoría,6.56,66
2357,María Ruiz,Educación,28,Femenino,4,1067,Python,9.63,84
2357,María Ruiz,Educación,28,Femenino,4,3929,Inglés,8.87,87
2357,María Ruiz,Educación,28,Femenino,4,4187,Contabilidad,6.25,67
2358,Sofía Díaz,Educación,22,Masculino,3,524,Estadística,7.87,94
2358,Sofía Díaz,Educación,22,Masculino,3,4668,Administración,9.85,77
2359,María Castillo,Administración,21,Masculino,9,4987,Auditoría,6.08,79
2360,Sofía Pérez,Administración,35,Femenino,2,3723,Auditoría,9.33,63
2360,Sofía Pérez,Administración,35,Femenino,2,4544,Base de Datos,7.51,79
2361,Camila Díaz,Administración,24,Masculino,5,410,Matemáticas,6.51,63
2362,Carlos Morales,Contabilidad,25,Masculino,6,4000,Programación,7.35,87
2363,Ana Torres,Derecho,21,Femenino,1,1702,Estadística,5.55,77
2364,Daniela López,Derecho,19,Femenino,8,2296,Python,6.15,81
2365,Pedro López,Administración,30,Masculino,2,207,Inglés,5.62,79
2365,Pedro López,Administración,30,Masculino,2,496,Estadística,6.93,88
2365,Pedro López,Administración,30,Masculino,2,722,Base de Datos,8.9,96
2366,Carlos Vega,Psicología,34,Masculino,3,1444,Base de Datos,5.59,68
2366,Carlos Vega,Psicología,34,Masculino,3,4475,Programación,9.34,70
2366,Carlos Vega,Psicología,34,Masculino,3,4874,Python,9.59,75
2368,María López,Sistemas,34,Femenino,8,522,Matemáticas,8.45,91
2368,María López,Sistemas,34,Femenino,8,3940,Auditoría,7.57,80
2370,Pedro Morales,Derecho,21,Femenino,6,1566,Base de Datos,5.18,98
2370,Pedro Morales,Derecho,21,Femenino,6,2098,Base de Datos,5.0,90
2370,Pedro Morales,Derecho,21,Femenino,6,4797,Python,5.54,100
2371,José Gómez,Derecho,27,Masculino,2,3754,Base de Datos,6.18,91
2371,José Gómez,Derecho,27,Masculino,2,4379,Contabilidad,7.87,61
2372,Pedro Ramírez,Sistemas,26,Femenino,1,539,Python,5.05,96
2372,Pedro Ramírez,Sistemas,26,Femenino,1,1745,Programación,7.45,79
2373,Carlos López,Administración,18,Masculino,9,477,Contabilidad,7.41,85
2373,Carlos López,Administración,18,Masculino,9,2525,Python,9.78,63
2374,Carlos Torres,Educación,33,Masculino,1,3682,Contabilidad,5.51,95
2375,Sofía López,Educación,27,Femenino,10,2912,Contabilidad,6.95,82
2375,Sofía López,Educación,27,Femenino,10,4283,Contabilidad,6.3,65
2375,Sofía López,Educación,27,Femenino,10,4588,Matemáticas,9.71,96
2377,Carlos Torres,Contabilidad,21,Masculino,1,2469,Contabilidad,7.42,76
2378,Daniela López,Contabilidad,30,Femenino,5,3076,Base de Datos,9.55,81
2380,Daniela Pérez,Educación,22,Femenino,1,526,Python,6.44,65
2381,Andrés Morales,Psicología,34,Masculino,3,4314,Python,5.93,74
2384,Daniela Torres,Psicología,18,Femenino,8,1135,Base de Datos,7.32,92
2384,Daniela Torres,Psicología,18,Femenino,8,3063,Contabilidad,7.54,86
2389,José Torres,Educación,27,Femenino,8,4313,Investigación,5.78,83
2391,Pedro Díaz,Educación,22,Masculino,7,1569,Auditoría,5.14,91
2392,Ana López,Administración,18,Masculino,1,1038,Programación,7.61,66
2393,María Torres,Derecho,28,Masculino,10,721,Python,6.37,94
2396,José Vega,Contabilidad,28,Masculino,5,2938,Base de Datos,8.03,90
2398,Andrés Castillo,Sistemas,29,Femenino,1,734,Contabilidad,7.86,92
2398,Andrés Castillo,Sistemas,29,Femenino,1,4557,Investigación,5.75,60
2399,Andrés Torres,Sistemas,25,Femenino,2,1461,Inglés,5.67,77
2400,Luis Vega,Educación,27,Masculino,6,1277,Auditoría,6.16,60
2400,Luis Vega,Educación,27,Masculino,6,3307,Investigación,9.14,62
2400,Luis Vega,Educación,27,Masculino,6,3597,Investigación,7.02,84
2404,Andrés Vega,Sistemas,35,Femenino,9,2424,Programación,7.22,96
2404,Andrés Vega,Sistemas,35,Femenino,9,3893,Base de Datos,5.2,98
2404,Andrés Vega,Sistemas,35,Femenino,9,4159,Python,9.29,63
2405,María Vega,Administración,29,Masculino,2,1812,Inglés,7.45,76
2408,Pedro Ramírez,Derecho,28,Masculino,5,4316,Matemáticas,9.8,61
2409,Ana Gómez,Contabilidad,35,Femenino,4,962,Inglés,9.26,90
2410,Sofía Ruiz,Sistemas,19,Femenino,3,1072,Inglés,5.89,64
2410,Sofía Ruiz,Sistemas,19,Femenino,3,4503,Base de Datos,8.19,100
2410,Sofía Ruiz,Sistemas,19,Femenino,3,4801,Base de Datos,9.82,88
2412,Pedro Morales,Psicología,24,Masculino,6,1431,Auditoría,9.6,93
2412,Pedro Morales,Psicología,24,Masculino,6,4390,Base de Datos,8.88,87
2413,Luis López,Contabilidad,22,Femenino,2,893,Auditoría,7.4,66
2414,Sofía Torres,Administración,32,Masculino,5,1599,Inglés,8.3,64
2416,Luis Ruiz,Derecho,25,Femenino,5,2540,Administración,9.93,100
2416,Luis Ruiz,Derecho,25,Femenino,5,3321,Base de Datos,8.72,68
2417,Luis Vega,Educación,32,Masculino,2,3945,Matemáticas,8.44,83
2418,Camila Castillo,Sistemas,30,Femenino,2,274,Administración,9.02,89
2418,Camila Castillo,Sistemas,30,Femenino,2,843,Inglés,7.06,95
2418,Camila Castillo,Sistemas,30,Femenino,2,2199,Inglés,7.59,74
2418,Camila Castillo,Sistemas,30,Femenino,2,4308,Base de Datos,7.61,79
2420,María Vega,Sistemas,20,Femenino,4,997,Base de Datos,5.2,91
2421,Daniela Morales,Derecho,19,Masculino,5,4030,Administración,5.27,89
2421,Daniela Morales,Derecho,19,Masculino,5,4873,Matemáticas,6.86,65
2422,José Castillo,Educación,34,Femenino,7,2636,Base de Datos,5.34,96
2427,María Díaz,Psicología,31,Femenino,1,185,Matemáticas,6.8,79
2427,María Díaz,Psicología,31,Femenino,1,2774,Estadística,6.77,75
2429,Pedro Pérez,Administración,23,Masculino,6,1091,Matemáticas,6.6,65
2429,Pedro Pérez,Administración,23,Masculino,6,3480,Investigación,9.5,86
2429,Pedro Pérez,Administración,23,Masculino,6,4383,Programación,8.21,98
2430,Luis Castillo,Derecho,18,Femenino,5,2292,Matemáticas,5.76,73
2431,Camila Díaz,Contabilidad,25,Femenino,8,3729,Auditoría,7.06,100
2431,Camila Díaz,Contabilidad,25,Femenino,8,4444,Contabilidad,6.32,63
2433,Andrés Vega,Educación,28,Femenino,6,2711,Matemáticas,7.68,75
2436,Pedro Díaz,Psicología,33,Masculino,7,196,Auditoría,9.95,79
2436,Pedro Díaz,Psicología,33,Masculino,7,1841,Auditoría,7.01,74
2437,María Castillo,Educación,33,Femenino,6,478,Inglés,5.36,63
2437,María Castillo,Educación,33,Femenino,6,890,Matemáticas,5.48,85
2437,María Castillo,Educación,33,Femenino,6,1881,Matemáticas,9.3,70
2437,María Castillo,Educación,33,Femenino,6,3832,Python,9.49,79
2438,Daniela Díaz,Administración,23,Femenino,1,4172,Estadística,9.48,62
2439,Luis López,Psicología,27,Femenino,9,3244,Python,7.98,82
2441,Luis Ruiz,Educación,30,Femenino,3,4959,Investigación,9.58,94
2443,Luis Castillo,Psicología,20,Femenino,4,980,Contabilidad,7.28,93
2443,Luis Castillo,Psicología,20,Femenino,4,3780,Contabilidad,6.02,78
2445,Ana Ramírez,Administración,25,Masculino,4,34,Programación,8.04,69
2445,Ana Ramírez,Administración,25,Masculino,4,2412,Auditoría,5.63,80
2448,Andrés Ruiz,Administración,31,Masculino,9,1301,Matemáticas,6.8,63
2448,Andrés Ruiz,Administración,31,Masculino,9,2721,Python,9.52,96
2448,Andrés Ruiz,Administración,31,Masculino,9,3494,Estadística,7.71,99
2448,Andrés Ruiz,Administración,31,Masculino,9,4785,Programación,9.86,76
2452,Andrés Ruiz,Administración,21,Femenino,9,505,Auditoría,6.68,92
2452,Andrés Ruiz,Administración,21,Femenino,9,761,Base de Datos,6.91,68
2452,Andrés Ruiz,Administración,21,Femenino,9,1459,Administración,6.84,84
2454,María Ramírez,Contabilidad,19,Femenino,10,4722,Auditoría,7.02,65
2456,Ana Vega,Derecho,35,Masculino,6,1537,Auditoría,8.97,79
2456,Ana Vega,Derecho,35,Masculino,6,2428,Matemáticas,9.79,98
2458,Sofía Castillo,Educación,18,Femenino,7,73,Inglés,6.58,64
2458,Sofía Castillo,Educación,18,Femenino,7,631,Estadística,8.27,62
2458,Sofía Castillo,Educación,18,Femenino,7,3348,Auditoría,5.05,87
2459,Carlos Morales,Administración,32,Femenino,9,3055,Matemáticas,9.38,91
2460,José Díaz,Administración,34,Femenino,3,2312,Auditoría,7.69,95
2460,José Díaz,Administración,34,Femenino,3,3200,Python,9.85,74
2460,José Díaz,Administración,34,Femenino,3,4160,Base de Datos,8.48,84
2461,Andrés Ruiz,Contabilidad,18,Masculino,6,1958,Matemáticas,7.62,78
2461,Andrés Ruiz,Contabilidad,18,Masculino,6,3912,Base de Datos,8.73,85
2464,Daniela Gómez,Contabilidad,20,Masculino,7,594,Base de Datos,9.03,63
2467,Pedro Castillo,Derecho,20,Masculino,5,2844,Contabilidad,5.43,96
2469,Daniela Gómez,Psicología,26,Masculino,10,1582,Inglés,8.73,94
2469,Daniela Gómez,Psicología,26,Masculino,10,2363,Programación,9.94,89
2469,Daniela Gómez,Psicología,26,Masculino,10,3209,Contabilidad,5.4,75
2471,Ana Vega,Sistemas,18,Femenino,7,2573,Auditoría,9.09,82
2472,José Pérez,Psicología,29,Masculino,3,770,Matemáticas,7.59,92
2473,María Ruiz,Derecho,23,Masculino,6,866,Administración,5.68,70
2473,María Ruiz,Derecho,23,Masculino,6,1845,Programación,9.02,87
2474,Luis Torres,Psicología,29,Masculino,8,4025,Investigación,6.22,61
2475,Carlos Vega,Administración,32,Masculino,10,1522,Programación,7.3,97
2475,Carlos Vega,Administración,32,Masculino,10,4757,Inglés,5.72,67
2476,Ana Vega,Sistemas,27,Femenino,2,3088,Contabilidad,7.29,66
2477,Camila Torres,Psicología,34,Masculino,2,1396,Matemáticas,9.98,92
2481,Pedro Pérez,Contabilidad,19,Femenino,10,1810,Auditoría,8.12,64
2484,José Morales,Derecho,31,Femenino,2,2118,Matemáticas,6.17,91
2484,José Morales,Derecho,31,Femenino,2,2306,Contabilidad,7.88,100
2484,José Morales,Derecho,31,Femenino,2,4207,Matemáticas,7.25,77
2487,Ana Vega,Sistemas,24,Masculino,5,1274,Python,5.0,68
2488,Sofía Ruiz,Psicología,23,Femenino,1,2830,Inglés,6.44,78
2490,Camila Vega,Sistemas,31,Masculino,9,114,Contabilidad,6.05,97
2490,Camila Vega,Sistemas,31,Masculino,9,193,Estadística,9.97,67
2490,Camila Vega,Sistemas,31,Masculino,9,806,Auditoría,6.21,83
2491,Camila Pérez,Administración,21,Femenino,3,1567,Auditoría,6.3,100
2491,Camila Pérez,Administración,21,Femenino,3,2395,Inglés,8.27,96
2493,Sofía Ruiz,Sistemas,19,Femenino,4,2505,Estadística,6.35,77
2494,Luis Castillo,Sistemas,25,Femenino,3,2024,Administración,9.55,60
2495,Pedro López,Contabilidad,30,Masculino,3,1430,Contabilidad,7.31,87
2496,Carlos Ruiz,Administración,26,Femenino,10,2093,Auditoría,7.03,65
2497,José López,Educación,26,Femenino,1,1112,Matemáticas,8.74,82
2498,Pedro Morales,Derecho,26,Masculino,8,1394,Administración,7.45,70
2498,Pedro Morales,Derecho,26,Masculino,8,2056,Administración,6.52,91
2500,Carlos López,Sistemas,21,Masculino,3,1382,Inglés,7.36,81
2502,José Morales,Contabilidad,35,Femenino,5,3361,Administración,8.83,90
2503,Sofía Castillo,Sistemas,21,Femenino,4,1127,Inglés,7.76,71
2504,Luis Vega,Derecho,24,Masculino,9,2220,Python,7.5,82
2504,Luis Vega,Derecho,24,Masculino,9,2455,Investigación,8.85,65
2505,Ana Ramírez,Derecho,21,Masculino,4,1122,Auditoría,5.76,96
2506,Ana Morales,Administración,20,Masculino,4,3600,Inglés,9.96,78
2509,Camila Pérez,Psicología,18,Masculino,6,4124,Auditoría,8.32,91
2510,José Torres,Contabilidad,32,Masculino,1,3942,Matemáticas,9.13,93
2512,Carlos López,Contabilidad,32,Masculino,8,3869,Matemáticas,8.78,79
2512,Carlos López,Contabilidad,32,Masculino,8,4518,Auditoría,5.6,92
2517,María Pérez,Derecho,18,Masculino,7,2784,Auditoría,8.24,69
2519,Daniela Ruiz,Educación,30,Femenino,10,2695,Investigación,8.37,60
2520,Pedro Ramírez,Educación,25,Femenino,10,206,Auditoría,8.74,96
2520,Pedro Ramírez,Educación,25,Femenino,10,811,Estadística,6.03,75
2522,Daniela Vega,Contabilidad,25,Masculino,5,3176,Matemáticas,8.74,68
2523,Carlos Morales,Contabilidad,23,Femenino,1,1273,Administración,7.06,69
2524,Pedro Castillo,Administración,19,Femenino,7,2334,Python,9.94,91
2524,Pedro Castillo,Administración,19,Femenino,7,4586,Contabilidad,7.09,91
2527,Pedro Ramírez,Contabilidad,28,Femenino,7,607,Contabilidad,6.8,91
2527,Pedro Ramírez,Contabilidad,28,Femenino,7,4163,Contabilidad,7.03,61
2528,Carlos Vega,Administración,25,Masculino,4,3410,Base de Datos,5.5,94
2531,Carlos Ramírez,Sistemas,35,Femenino,5,2290,Matemáticas,8.69,75
2533,Andrés Torres,Educación,30,Femenino,3,2615,Matemáticas,7.76,100
2534,Daniela Pérez,Educación,24,Femenino,10,460,Investigación,10.0,90
2534,Daniela Pérez,Educación,24,Femenino,10,786,Base de Datos,5.6,68
2534,Daniela Pérez,Educación,24,Femenino,10,2825,Matemáticas,5.21,93
2536,María Torres,Derecho,28,Femenino,4,2634,Programación,9.34,65
2536,María Torres,Derecho,28,Femenino,4,4133,Programación,8.46,100
2536,María Torres,Derecho,28,Femenino,4,4967,Python,8.33,98
2537,Carlos Ramírez,Contabilidad,34,Masculino,2,381,Programación,6.88,81
2537,Carlos Ramírez,Contabilidad,34,Masculino,2,4388,Auditoría,8.09,72
2538,Luis Gómez,Sistemas,18,Masculino,6,2237,Investigación,9.09,90
2538,Luis Gómez,Sistemas,18,Masculino,6,3617,Matemáticas,9.7,77
2539,Luis Díaz,Contabilidad,24,Masculino,4,3822,Python,6.08,71
2541,Camila Torres,Contabilidad,27,Masculino,9,1949,Auditoría,5.66,66
2543,Sofía Morales,Administración,35,Femenino,5,119,Matemáticas,9.03,69
2543,Sofía Morales,Administración,35,Femenino,5,365,Inglés,7.26,63
2543,Sofía Morales,Administración,35,Femenino,5,4034,Programación,5.83,66
2544,María Gómez,Educación,22,Femenino,2,3177,Python,6.9,78
2545,Ana Torres,Derecho,33,Femenino,8,4803,Investigación,5.67,80
2546,Carlos Pérez,Psicología,29,Femenino,10,804,Administración,5.43,89
2546,Carlos Pérez,Psicología,29,Femenino,10,4790,Administración,7.12,83
2547,Sofía Torres,Derecho,18,Femenino,10,2137,Estadística,8.13,66
2547,Sofía Torres,Derecho,18,Femenino,10,2377,Python,7.95,72
2547,Sofía Torres,Derecho,18,Femenino,10,4947,Programación,5.41,64
2548,Camila Díaz,Sistemas,29,Masculino,3,923,Contabilidad,9.21,66
2550,María Díaz,Contabilidad,20,Femenino,10,3170,Contabilidad,7.8,67
2550,María Díaz,Contabilidad,20,Femenino,10,3492,Programación,5.51,100
2553,Camila Torres,Sistemas,25,Femenino,5,2734,Base de Datos,8.97,91
2553,Camila Torres,Sistemas,25,Femenino,5,3483,Matemáticas,9.62,99
2554,Daniela Morales,Contabilidad,19,Femenino,8,43,Investigación,9.98,83
2555,Luis Díaz,Psicología,19,Masculino,10,3123,Matemáticas,6.0,66
2556,Ana Ruiz,Sistemas,27,Femenino,4,157,Auditoría,8.39,84
2556,Ana Ruiz,Sistemas,27,Femenino,4,4173,Investigación,5.46,81
2557,Daniela Morales,Derecho,19,Femenino,7,978,Base de Datos,5.51,92
2561,Andrés Gómez,Sistemas,22,Masculino,4,3762,Inglés,8.93,95
2565,Sofía Gómez,Sistemas,22,Masculino,2,349,Auditoría,7.15,85
2565,Sofía Gómez,Sistemas,22,Masculino,2,2217,Matemáticas,7.14,86
2565,Sofía Gómez,Sistemas,22,Masculino,2,2989,Programación,8.58,92
2567,María López,Sistemas,20,Femenino,6,1591,Programación,5.05,60
2568,Andrés López,Derecho,24,Femenino,10,970,Python,5.02,77
2568,Andrés López,Derecho,24,Femenino,10,2376,Investigación,7.88,60
2568,Andrés López,Derecho,24,Femenino,10,3739,Programación,10.0,72
2568,Andrés López,Derecho,24,Femenino,10,3767,Programación,9.4,84
2569,Carlos Ramírez,Contabilidad,19,Femenino,3,2720,Inglés,9.04,71
2570,Andrés Pérez,Sistemas,23,Masculino,5,65,Python,5.25,90
2570,Andrés Pérez,Sistemas,23,Masculino,5,104,Investigación,8.03,92
2570,Andrés Pérez,Sistemas,23,Masculino,5,2643,Administración,5.42,86
2570,Andrés Pérez,Sistemas,23,Masculino,5,4408,Auditoría,6.68,67
2571,Carlos Vega,Psicología,24,Masculino,2,1890,Auditoría,5.41,70
2572,María Torres,Contabilidad,25,Masculino,7,109,Estadística,8.6,79
2572,María Torres,Contabilidad,25,Masculino,7,1054,Programación,8.16,72
2572,María Torres,Contabilidad,25,Masculino,7,1218,Administración,6.09,96
2572,María Torres,Contabilidad,25,Masculino,7,1863,Auditoría,6.49,64
2572,María Torres,Contabilidad,25,Masculino,7,1966,Auditoría,8.62,88
2572,María Torres,Contabilidad,25,Masculino,7,3388,Administración,9.53,88
2572,María Torres,Contabilidad,25,Masculino,7,4065,Python,7.18,87
2573,Sofía Castillo,Psicología,31,Femenino,4,2972,Estadística,7.2,76
2574,Pedro Castillo,Contabilidad,25,Masculino,5,72,Matemáticas,6.33,68
2574,Pedro Castillo,Contabilidad,25,Masculino,5,4434,Administración,8.57,70
2575,José Torres,Sistemas,19,Masculino,8,3162,Estadística,9.29,77
2575,José Torres,Sistemas,19,Masculino,8,3328,Programación,6.87,91
2576,Camila Pérez,Psicología,31,Masculino,8,3028,Estadística,6.74,70
2577,Ana Gómez,Contabilidad,29,Masculino,10,1487,Python,6.36,65
2577,Ana Gómez,Contabilidad,29,Masculino,10,4022,Inglés,5.99,61
2578,José Díaz,Derecho,29,Femenino,6,22,Matemáticas,8.28,85
2579,Daniela Castillo,Derecho,28,Masculino,4,4101,Auditoría,9.34,71
2580,Sofía Torres,Sistemas,29,Femenino,8,1350,Python,8.86,77
2582,Carlos Torres,Educación,30,Femenino,1,1342,Programación,9.96,80
2582,Carlos Torres,Educación,30,Femenino,1,4154,Inglés,5.43,66
2583,Carlos Díaz,Derecho,22,Femenino,6,2350,Matemáticas,9.7,85
2584,Ana Morales,Educación,23,Masculino,10,3369,Inglés,6.54,96
2585,Carlos López,Sistemas,18,Femenino,8,1391,Inglés,9.33,94
2585,Carlos López,Sistemas,18,Femenino,8,1924,Inglés,8.82,69
2592,Ana Castillo,Educación,23,Femenino,5,2436,Investigación,6.89,98
2593,Sofía Morales,Psicología,21,Masculino,9,3164,Base de Datos,9.53,97
2595,Sofía Ramírez,Sistemas,18,Femenino,6,1310,Programación,8.94,82
2596,Pedro López,Administración,28,Masculino,6,1255,Contabilidad,8.55,98
2596,Pedro López,Administración,28,Masculino,6,3422,Investigación,5.95,65
2597,Daniela Castillo,Psicología,28,Femenino,4,1719,Administración,5.74,88
2597,Daniela Castillo,Psicología,28,Femenino,4,3143,Programación,5.39,98
2598,Carlos Díaz,Educación,25,Masculino,4,523,Inglés,6.74,77
2598,Carlos Díaz,Educación,25,Masculino,4,4158,Matemáticas,6.56,87
2600,Luis Morales,Administración,28,Masculino,9,2977,Python,7.77,74
2600,Luis Morales,Administración,28,Masculino,9,4529,Python,5.08,99
2601,Daniela Ramírez,Psicología,26,Masculino,8,2698,Administración,5.85,96
2602,Pedro López,Contabilidad,22,Femenino,1,3045,Matemáticas,9.21,100
2602,Pedro López,Contabilidad,22,Femenino,1,3065,Investigación,6.96,88
2604,Sofía Ramírez,Psicología,22,Femenino,6,1080,Programación,6.1,71
2604,Sofía Ramírez,Psicología,22,Femenino,6,1121,Inglés,7.25,99
2604,Sofía Ramírez,Psicología,22,Femenino,6,1733,Auditoría,8.03,63
2604,Sofía Ramírez,Psicología,22,Femenino,6,2750,Administración,5.99,63
2605,Daniela Díaz,Psicología,35,Masculino,4,2185,Auditoría,7.15,100
2605,Daniela Díaz,Psicología,35,Masculino,4,4958,Matemáticas,6.91,100
2606,Sofía Ruiz,Sistemas,27,Masculino,4,856,Administración,9.57,61
2607,Andrés Vega,Contabilidad,25,Femenino,7,872,Auditoría,6.1,96
2607,Andrés Vega,Contabilidad,25,Femenino,7,3262,Estadística,6.11,61
2608,Ana Castillo,Contabilidad,24,Masculino,5,4494,Programación,5.0,71
2610,Daniela Torres,Derecho,30,Masculino,10,504,Base de Datos,6.96,99
2610,Daniela Torres,Derecho,30,Masculino,10,3026,Base de Datos,9.77,62
2611,Daniela Díaz,Sistemas,26,Femenino,5,405,Estadística,9.2,81
2612,María Ruiz,Derecho,27,Masculino,10,2736,Auditoría,5.54,84
2613,Carlos Díaz,Sistemas,21,Masculino,6,695,Estadística,6.5,67
2613,Carlos Díaz,Sistemas,21,Masculino,6,3060,Estadística,6.74,85
2613,Carlos Díaz,Sistemas,21,Masculino,6,3345,Estadística,5.98,67
2613,Carlos Díaz,Sistemas,21,Masculino,6,4793,Matemáticas,5.96,92
2613,Carlos Díaz,Sistemas,21,Masculino,6,4918,Investigación,8.9,68
2615,Andrés Pérez,Educación,31,Femenino,7,671,Contabilidad,8.67,100
2616,Carlos Díaz,Psicología,19,Femenino,6,481,Administración,9.88,68
2616,Carlos Díaz,Psicología,19,Femenino,6,1363,Programación,7.82,80
2618,Daniela Gómez,Sistemas,22,Masculino,2,3916,Matemáticas,9.3,73
2620,Camila Díaz,Sistemas,31,Femenino,2,910,Estadística,5.44,95
2623,Luis Castillo,Administración,25,Masculino,9,2656,Auditoría,5.16,98
2623,Luis Castillo,Administración,25,Masculino,9,3546,Programación,6.79,68
2624,Ana Pérez,Educación,25,Femenino,1,609,Matemáticas,6.85,86
2625,Ana López,Administración,22,Masculino,9,3721,Programación,5.96,72
2626,Camila Díaz,Derecho,30,Masculino,9,3594,Programación,7.81,94
2628,María Ruiz,Sistemas,24,Masculino,10,3695,Contabilidad,8.56,65
2629,Daniela Pérez,Contabilidad,20,Femenino,9,925,Contabilidad,8.64,98
2631,José Castillo,Psicología,29,Femenino,3,216,Estadística,9.29,81
2631,José Castillo,Psicología,29,Femenino,3,3438,Python,8.92,81
2633,José Morales,Sistemas,27,Femenino,1,4420,Python,7.27,71
2634,Daniela Ruiz,Educación,34,Femenino,4,3599,Programación,7.42,84
2636,María Ruiz,Educación,27,Masculino,10,3547,Matemáticas,8.98,97
2637,José Díaz,Derecho,19,Masculino,10,2193,Administración,7.63,90
2637,José Díaz,Derecho,19,Masculino,10,3106,Inglés,8.54,92
2637,José Díaz,Derecho,19,Masculino,10,3522,Investigación,8.77,71
2638,José López,Psicología,18,Femenino,1,2773,Inglés,6.13,76
2641,Andrés Ruiz,Contabilidad,25,Masculino,10,210,Auditoría,6.25,65
2641,Andrés Ruiz,Contabilidad,25,Masculino,10,1057,Estadística,8.8,95
2642,Luis Pérez,Sistemas,19,Masculino,5,2706,Matemáticas,5.47,61
2644,Ana Díaz,Administración,24,Femenino,6,3297,Base de Datos,6.46,61
2645,Luis Castillo,Derecho,18,Femenino,1,3787,Python,5.62,80
2645,Luis Castillo,Derecho,18,Femenino,1,3886,Contabilidad,7.76,88
2647,Luis Pérez,Derecho,23,Masculino,2,1299,Base de Datos,8.15,62
2647,Luis Pérez,Derecho,23,Masculino,2,2129,Investigación,9.22,86
2648,Luis López,Derecho,35,Femenino,5,362,Administración,5.75,64
2648,Luis López,Derecho,35,Femenino,5,1943,Python,8.72,95
2649,Ana Ruiz,Derecho,20,Masculino,4,3138,Estadística,9.48,63
2649,Ana Ruiz,Derecho,20,Masculino,4,3429,Python,5.7,75
2650,Luis Morales,Educación,30,Masculino,1,1344,Auditoría,6.2,94
2650,Luis Morales,Educación,30,Masculino,1,2394,Auditoría,9.33,63
2651,Daniela Morales,Derecho,31,Masculino,1,1938,Base de Datos,5.14,89
2652,Sofía Pérez,Educación,20,Femenino,5,3087,Investigación,7.56,61
2653,Daniela López,Contabilidad,18,Femenino,4,3536,Matemáticas,7.21,62
2654,María Ramírez,Sistemas,19,Femenino,9,3790,Investigación,5.89,99
2655,Daniela López,Educación,19,Femenino,6,4551,Administración,7.4,93
2656,Luis Ruiz,Contabilidad,32,Femenino,9,2085,Contabilidad,6.88,67
2656,Luis Ruiz,Contabilidad,32,Femenino,9,3941,Matemáticas,7.83,82
2658,Camila Morales,Administración,30,Femenino,8,2284,Investigación,8.39,68
2658,Camila Morales,Administración,30,Femenino,8,4516,Python,8.05,91
2659,Camila Castillo,Administración,33,Femenino,6,1303,Python,5.84,77
2659,Camila Castillo,Administración,33,Femenino,6,3383,Investigación,9.12,69
2659,Camila Castillo,Administración,33,Femenino,6,4966,Estadística,5.21,100
2660,Pedro Gómez,Psicología,26,Masculino,6,3263,Matemáticas,5.32,78
2661,Camila Ramírez,Derecho,35,Masculino,1,351,Base de Datos,9.01,99
2661,Camila Ramírez,Derecho,35,Masculino,1,1517,Inglés,7.44,64
2661,Camila Ramírez,Derecho,35,Masculino,1,4225,Python,9.29,82
2663,Carlos Ruiz,Administración,24,Femenino,2,4838,Programación,7.52,69
2664,Pedro Gómez,Psicología,35,Masculino,9,949,Contabilidad,6.31,79
2664,Pedro Gómez,Psicología,35,Masculino,9,4584,Administración,8.51,75
2666,Camila Ramírez,Sistemas,28,Femenino,9,1232,Administración,8.06,76
2666,Camila Ramírez,Sistemas,28,Femenino,9,1529,Programación,5.49,88
2667,Pedro Vega,Educación,30,Masculino,10,4006,Base de Datos,8.83,92
2669,Carlos López,Educación,18,Masculino,8,3375,Programación,7.8,72
2669,Carlos López,Educación,18,Masculino,8,4397,Auditoría,9.54,75
2670,Carlos Gómez,Educación,27,Masculino,7,4579,Base de Datos,5.86,96
2671,José López,Psicología,21,Masculino,1,4550,Administración,5.35,60
2672,Ana Pérez,Contabilidad,21,Masculino,3,1660,Matemáticas,5.49,86
2676,Sofía Pérez,Educación,33,Masculino,8,3250,Administración,5.19,98
2676,Sofía Pérez,Educación,33,Masculino,8,4089,Matemáticas,6.2,69
2676,Sofía Pérez,Educación,33,Masculino,8,4639,Programación,6.83,79
2677,Camila Díaz,Sistemas,26,Femenino,7,4525,Administración,6.01,73
2678,Andrés Gómez,Derecho,29,Femenino,1,4789,Investigación,6.31,60
2680,Andrés Gómez,Sistemas,25,Masculino,8,3934,Contabilidad,9.28,90
2681,Pedro Díaz,Administración,33,Masculino,6,3773,Administración,9.12,90
2681,Pedro Díaz,Administración,33,Masculino,6,4941,Contabilidad,6.14,69
2682,José Vega,Educación,32,Masculino,10,3824,Inglés,9.92,98
2682,José Vega,Educación,32,Masculino,10,4773,Administración,7.94,80
2683,Pedro Gómez,Sistemas,22,Masculino,9,486,Auditoría,8.61,72
2683,Pedro Gómez,Sistemas,22,Masculino,9,3491,Python,8.18,93
2685,Sofía Morales,Psicología,19,Femenino,10,2188,Matemáticas,5.27,77
2687,Carlos Pérez,Contabilidad,28,Femenino,2,436,Contabilidad,6.53,98
2688,Carlos Gómez,Administración,33,Femenino,4,281,Auditoría,6.11,64
2689,Ana Morales,Educación,23,Femenino,1,4058,Programación,6.5,85
2690,José Torres,Administración,28,Femenino,4,99,Contabilidad,9.32,77
2691,Daniela Gómez,Sistemas,23,Masculino,3,2108,Python,9.57,68
2692,Sofía Ruiz,Sistemas,32,Femenino,6,247,Programación,6.9,80
2692,Sofía Ruiz,Sistemas,32,Femenino,6,297,Base de Datos,8.94,98
2692,Sofía Ruiz,Sistemas,32,Femenino,6,2474,Contabilidad,6.77,60
2693,Pedro Pérez,Educación,34,Femenino,9,2168,Base de Datos,5.52,62
2693,Pedro Pérez,Educación,34,Femenino,9,3452,Inglés,8.34,93
2695,Andrés Morales,Sistemas,20,Masculino,5,2745,Matemáticas,7.33,80
2697,Luis Pérez,Administración,20,Masculino,4,1462,Programación,7.07,73
2698,Daniela Vega,Contabilidad,35,Femenino,8,1869,Auditoría,8.69,75
2700,Ana López,Administración,22,Femenino,3,3336,Programación,5.34,95
2701,Pedro Pérez,Contabilidad,19,Masculino,2,551,Contabilidad,7.91,96
2703,Carlos Díaz,Administración,33,Masculino,4,613,Matemáticas,6.9,75
2705,Pedro Vega,Educación,35,Masculino,3,3133,Auditoría,8.86,97
2706,Carlos Vega,Administración,20,Femenino,9,532,Inglés,5.5,68
2706,Carlos Vega,Administración,20,Femenino,9,1292,Estadística,9.22,69
2706,Carlos Vega,Administración,20,Femenino,9,2224,Auditoría,8.15,98
2706,Carlos Vega,Administración,20,Femenino,9,2352,Estadística,5.02,85
2707,Luis Ruiz,Administración,25,Femenino,6,48,Estadística,7.57,77
2707,Luis Ruiz,Administración,25,Femenino,6,3402,Estadística,5.91,96
2707,Luis Ruiz,Administración,25,Femenino,6,4682,Auditoría,5.12,64
2709,Camila Morales,Sistemas,24,Femenino,7,544,Base de Datos,8.66,76
2709,Camila Morales,Sistemas,24,Femenino,7,4055,Administración,7.63,97
2710,Daniela Ruiz,Administración,22,Femenino,10,3613,Base de Datos,9.94,74
2711,Andrés Morales,Educación,23,Masculino,10,136,Programación,7.33,63
2711,Andrés Morales,Educación,23,Masculino,10,1119,Administración,5.64,75
2711,Andrés Morales,Educación,23,Masculino,10,3716,Estadística,8.06,63
2712,Andrés Castillo,Derecho,20,Femenino,10,698,Programación,7.13,89
2713,Ana Morales,Sistemas,35,Masculino,3,101,Python,5.58,76
2713,Ana Morales,Sistemas,35,Masculino,3,888,Matemáticas,9.87,86
2713,Ana Morales,Sistemas,35,Masculino,3,1084,Administración,6.47,99
2714,Ana Díaz,Contabilidad,30,Femenino,8,2512,Administración,8.71,83
2714,Ana Díaz,Contabilidad,30,Femenino,8,2824,Investigación,7.95,77
2714,Ana Díaz,Contabilidad,30,Femenino,8,3301,Base de Datos,6.22,64
2715,Camila Castillo,Psicología,28,Femenino,8,2622,Investigación,9.48,92
2715,Camila Castillo,Psicología,28,Femenino,8,3894,Investigación,5.55,69
2716,Andrés Ramírez,Derecho,35,Masculino,8,1565,Investigación,6.76,78
2716,Andrés Ramírez,Derecho,35,Masculino,8,3678,Estadística,6.57,82
2717,Camila Gómez,Educación,33,Femenino,9,686,Investigación,5.53,66
2717,Camila Gómez,Educación,33,Femenino,9,1126,Inglés,7.31,82
2717,Camila Gómez,Educación,33,Femenino,9,4322,Base de Datos,7.33,63
2718,Andrés Ruiz,Educación,20,Femenino,5,643,Investigación,8.78,68
2718,Andrés Ruiz,Educación,20,Femenino,5,1483,Administración,5.33,69
2720,Camila López,Psicología,24,Femenino,5,430,Contabilidad,5.62,83
2721,María Díaz,Psicología,31,Femenino,5,2285,Base de Datos,8.18,80
2722,Sofía Morales,Educación,24,Masculino,5,667,Auditoría,6.9,81
2723,María Díaz,Educación,35,Femenino,4,4546,Python,5.68,60
2725,María López,Psicología,28,Masculino,8,4589,Contabilidad,9.33,96
2726,Camila López,Derecho,33,Femenino,10,4093,Administración,7.9,90
2728,Luis Castillo,Sistemas,30,Femenino,1,602,Contabilidad,9.79,60
2729,Luis López,Contabilidad,33,Femenino,9,502,Inglés,7.6,69
2731,Ana Morales,Educación,33,Masculino,8,1476,Administración,6.98,96
2732,Pedro Morales,Contabilidad,21,Masculino,3,1615,Contabilidad,7.0,100
2732,Pedro Morales,Contabilidad,21,Masculino,3,2856,Auditoría,5.49,78
2735,Pedro López,Sistemas,19,Masculino,2,4067,Administración,5.59,75
2735,Pedro López,Sistemas,19,Masculino,2,4167,Administración,9.44,71
2735,Pedro López,Sistemas,19,Masculino,2,4342,Inglés,8.18,91
2735,Pedro López,Sistemas,19,Masculino,2,4675,Matemáticas,10.0,72
2736,Camila Ruiz,Educación,26,Femenino,7,3823,Matemáticas,7.5,84
2737,María López,Administración,26,Femenino,4,4798,Auditoría,8.04,74
2739,Pedro López,Psicología,18,Masculino,2,4914,Programación,7.94,88
2741,María Morales,Administración,25,Femenino,10,2029,Investigación,8.63,68
2742,Carlos Torres,Administración,26,Masculino,1,3194,Administración,8.24,66
2744,María Gómez,Sistemas,31,Femenino,8,4417,Python,5.24,64
2745,Carlos Morales,Psicología,30,Masculino,9,2985,Investigación,9.49,83
2746,José López,Educación,33,Femenino,9,118,Estadística,9.09,75
2746,José López,Educación,33,Femenino,9,1441,Auditoría,9.36,69
2746,José López,Educación,33,Femenino,9,1480,Inglés,8.92,86
2751,Pedro Ruiz,Derecho,18,Masculino,2,1689,Python,7.57,83
2752,Daniela Pérez,Derecho,29,Femenino,7,1666,Base de Datos,5.16,96
2753,Ana Ramírez,Derecho,32,Femenino,2,1837,Inglés,7.51,81
2754,Pedro Castillo,Contabilidad,25,Femenino,6,4071,Base de Datos,7.99,97
2756,Andrés Ruiz,Psicología,24,Masculino,7,2201,Investigación,7.26,87
2762,Carlos Castillo,Psicología,33,Femenino,3,4630,Python,7.88,80
2763,María Pérez,Administración,20,Masculino,2,4108,Python,5.52,92
2764,José Torres,Psicología,21,Femenino,9,1635,Investigación,6.62,96
2764,José Torres,Psicología,21,Femenino,9,2757,Python,5.35,66
2764,José Torres,Psicología,21,Femenino,9,3463,Administración,9.98,71
2764,José Torres,Psicología,21,Femenino,9,3588,Inglés,9.64,95
2764,José Torres,Psicología,21,Femenino,9,3949,Base de Datos,9.44,91
2764,José Torres,Psicología,21,Femenino,9,4542,Contabilidad,7.71,81
2765,Camila Torres,Administración,35,Masculino,4,148,Investigación,6.39,86
2765,Camila Torres,Administración,35,Masculino,4,3702,Python,6.36,89
2766,Ana Díaz,Administración,26,Masculino,9,1831,Base de Datos,5.1,80
2767,Andrés Pérez,Derecho,22,Masculino,1,746,Programación,7.89,96
2767,Andrés Pérez,Derecho,22,Masculino,1,4354,Investigación,5.38,76
2768,Daniela Torres,Administración,25,Femenino,10,3252,Contabilidad,7.11,61
2769,José Ramírez,Administración,32,Masculino,2,885,Auditoría,9.93,90
2769,José Ramírez,Administración,32,Masculino,2,1042,Estadística,8.79,62
2769,José Ramírez,Administración,32,Masculino,2,2468,Matemáticas,9.16,67
2773,Camila Ruiz,Psicología,30,Femenino,9,1308,Python,5.3,69
2773,Camila Ruiz,Psicología,30,Femenino,9,2181,Matemáticas,6.53,75
2773,Camila Ruiz,Psicología,30,Femenino,9,2402,Auditoría,7.17,69
2774,Pedro Torres,Psicología,33,Masculino,1,246,Auditoría,8.46,65
2775,María Gómez,Psicología,29,Femenino,2,1507,Programación,7.22,68
2775,María Gómez,Psicología,29,Femenino,2,1726,Estadística,8.66,62
2775,María Gómez,Psicología,29,Femenino,2,1801,Matemáticas,7.97,85
2775,María Gómez,Psicología,29,Femenino,2,4153,Investigación,8.75,60
2778,Pedro Torres,Derecho,22,Femenino,7,432,Base de Datos,7.48,91
2778,Pedro Torres,Derecho,22,Femenino,7,2067,Programación,5.23,88
2778,Pedro Torres,Derecho,22,Femenino,7,2630,Contabilidad,6.8,87
2779,María Torres,Sistemas,25,Femenino,5,4269,Programación,7.69,76
2782,Luis Castillo,Contabilidad,19,Femenino,8,3223,Investigación,8.27,87
2784,Andrés Ramírez,Sistemas,33,Masculino,6,330,Administración,5.03,69
2784,Andrés Ramírez,Sistemas,33,Masculino,6,2178,Programación,6.23,72
2784,Andrés Ramírez,Sistemas,33,Masculino,6,2221,Matemáticas,7.1,85
2784,Andrés Ramírez,Sistemas,33,Masculino,6,3403,Inglés,7.64,87
2784,Andrés Ramírez,Sistemas,33,Masculino,6,4982,Python,7.19,62
2785,Camila López,Contabilidad,34,Masculino,1,234,Programación,6.34,60
2785,Camila López,Contabilidad,34,Masculino,1,4323,Python,6.45,100
2786,Luis Torres,Educación,35,Femenino,1,3898,Auditoría,9.23,74
2788,Daniela Morales,Contabilidad,32,Femenino,10,1765,Base de Datos,5.51,69
2789,Camila Castillo,Contabilidad,19,Masculino,8,172,Contabilidad,9.4,77
2789,Camila Castillo,Contabilidad,19,Masculino,8,2778,Matemáticas,9.07,93
2790,Daniela Morales,Psicología,19,Masculino,3,4366,Administración,5.26,87
2791,Pedro Díaz,Educación,32,Femenino,3,646,Auditoría,8.85,98
2792,Carlos López,Sistemas,30,Femenino,7,2904,Base de Datos,8.41,93
2792,Carlos López,Sistemas,30,Femenino,7,3763,Auditoría,8.97,72
2793,María Pérez,Sistemas,27,Masculino,3,1033,Administración,9.13,74
2794,María Morales,Psicología,24,Femenino,3,2958,Auditoría,7.17,87
2796,Luis Torres,Sistemas,26,Femenino,2,1827,Investigación,5.49,82
2797,María Ramírez,Administración,33,Masculino,2,2014,Contabilidad,7.53,65
2797,María Ramírez,Administración,33,Masculino,2,3635,Contabilidad,9.61,82
2798,Daniela Díaz,Psicología,29,Femenino,5,3171,Inglés,7.84,65
2798,Daniela Díaz,Psicología,29,Femenino,5,3933,Contabilidad,9.18,98
2799,Sofía Vega,Psicología,28,Femenino,9,2107,Matemáticas,7.3,98
2802,José Ramírez,Educación,30,Masculino,10,2664,Contabilidad,5.82,82
2804,María Ramírez,Administración,21,Femenino,7,4922,Investigación,6.38,63
2805,Pedro Morales,Psicología,28,Femenino,2,3331,Matemáticas,6.55,74
2805,Pedro Morales,Psicología,28,Femenino,2,3980,Administración,5.1,92
2806,María Torres,Psicología,33,Masculino,6,3315,Contabilidad,8.45,81
2806,María Torres,Psicología,33,Masculino,6,3359,Programación,9.11,72
2806,María Torres,Psicología,33,Masculino,6,3938,Programación,7.58,100
2807,Ana Morales,Derecho,31,Masculino,7,2105,Contabilidad,9.9,88
2807,Ana Morales,Derecho,31,Masculino,7,4373,Contabilidad,6.19,95
2807,Ana Morales,Derecho,31,Masculino,7,4500,Administración,6.34,71
2808,Daniela Pérez,Contabilidad,29,Masculino,5,967,Investigación,9.94,89
2808,Daniela Pérez,Contabilidad,29,Masculino,5,982,Inglés,6.8,72
2808,Daniela Pérez,Contabilidad,29,Masculino,5,2297,Matemáticas,6.03,63
2808,Daniela Pérez,Contabilidad,29,Masculino,5,3381,Contabilidad,7.69,88
2808,Daniela Pérez,Contabilidad,29,Masculino,5,4053,Auditoría,8.64,83
2809,María Ramírez,Derecho,30,Masculino,7,1576,Estadística,9.84,98
2810,Pedro López,Contabilidad,25,Masculino,6,2161,Contabilidad,6.84,60
2810,Pedro López,Contabilidad,25,Masculino,6,4350,Python,7.93,86
2813,Pedro Ramírez,Sistemas,22,Masculino,1,2826,Auditoría,5.61,89
2815,Camila Ruiz,Sistemas,19,Masculino,5,1563,Programación,8.89,90
2817,Ana López,Administración,30,Femenino,2,3692,Administración,9.94,83
2818,José Ruiz,Contabilidad,34,Masculino,10,10,Auditoría,6.32,62
2818,José Ruiz,Contabilidad,34,Masculino,10,1275,Contabilidad,7.35,60
2819,José Torres,Sistemas,32,Femenino,3,848,Auditoría,7.51,84
2820,Andrés Gómez,Derecho,25,Femenino,1,1247,Python,7.06,82
2820,Andrés Gómez,Derecho,25,Femenino,1,3327,Base de Datos,7.94,92
2821,Pedro Díaz,Educación,23,Femenino,8,1186,Investigación,8.68,67
2823,María Castillo,Educación,28,Masculino,4,570,Estadística,7.71,63
2824,Daniela Torres,Educación,22,Masculino,2,4405,Investigación,8.15,73
2824,Daniela Torres,Educación,22,Masculino,2,4944,Base de Datos,7.98,77
2826,Carlos Torres,Educación,20,Femenino,6,1736,Administración,6.54,88
2826,Carlos Torres,Educación,20,Femenino,6,4442,Investigación,5.61,73
2828,Luis Vega,Educación,27,Masculino,8,237,Administración,7.76,94
2830,Luis Pérez,Sistemas,26,Femenino,3,3248,Inglés,8.44,75
2830,Luis Pérez,Sistemas,26,Femenino,3,4291,Administración,5.44,93
2831,Daniela Ramírez,Educación,30,Femenino,8,260,Auditoría,6.5,87
2835,Andrés Ruiz,Derecho,26,Masculino,3,468,Programación,9.47,65
2836,Pedro Pérez,Sistemas,29,Femenino,10,3207,Inglés,6.98,89
2837,Camila Díaz,Sistemas,21,Femenino,9,3708,Contabilidad,7.76,91
2838,María López,Administración,28,Femenino,9,527,Inglés,8.28,90
2838,María López,Administración,28,Femenino,9,3267,Inglés,5.76,91
2840,Daniela Ruiz,Psicología,27,Femenino,1,2212,Investigación,9.73,97
2840,Daniela Ruiz,Psicología,27,Femenino,1,4917,Contabilidad,6.86,62
2841,José Díaz,Sistemas,31,Masculino,8,2245,Contabilidad,6.96,71
2841,José Díaz,Sistemas,31,Masculino,8,2723,Inglés,9.97,98
2841,José Díaz,Sistemas,31,Masculino,8,3850,Investigación,5.87,85
2842,Pedro Ramírez,Psicología,25,Femenino,10,4608,Base de Datos,9.77,96
2846,Ana Morales,Sistemas,20,Femenino,9,3513,Inglés,9.26,96
2848,Ana Ramírez,Psicología,24,Femenino,2,2800,Contabilidad,8.53,78
2848,Ana Ramírez,Psicología,24,Femenino,2,3470,Contabilidad,7.26,95
2848,Ana Ramírez,Psicología,24,Femenino,2,3555,Inglés,9.34,69
2849,María Morales,Psicología,28,Masculino,9,1315,Administración,8.66,77
2851,María Ramírez,Sistemas,21,Masculino,5,1360,Investigación,7.08,67
2853,Pedro López,Educación,23,Femenino,2,3147,Base de Datos,5.13,83
2853,Pedro López,Educación,23,Femenino,2,3990,Matemáticas,6.35,76
2856,Carlos Gómez,Derecho,28,Masculino,9,3412,Estadística,6.64,80
2857,Andrés Ramírez,Psicología,21,Femenino,10,3442,Matemáticas,5.46,64
2859,Pedro López,Psicología,26,Masculino,10,2649,Inglés,7.34,94
2860,Luis Gómez,Administración,22,Femenino,3,3586,Base de Datos,7.95,70
2863,Carlos López,Psicología,33,Masculino,4,357,Administración,8.64,69
2863,Carlos López,Psicología,33,Masculino,4,1083,Matemáticas,9.42,81
2865,María Pérez,Sistemas,32,Masculino,1,1377,Auditoría,9.11,88
2865,María Pérez,Sistemas,32,Masculino,1,2475,Base de Datos,7.01,60
2865,María Pérez,Sistemas,32,Masculino,1,2937,Auditoría,8.28,75
2866,Sofía Díaz,Sistemas,29,Femenino,7,379,Contabilidad,9.84,85
2870,Ana Díaz,Administración,27,Femenino,5,2040,Contabilidad,6.42,96
2876,Luis Castillo,Contabilidad,28,Masculino,3,2506,Investigación,6.23,63
2876,Luis Castillo,Contabilidad,28,Masculino,3,3881,Inglés,9.97,84
2877,Sofía López,Psicología,20,Masculino,1,100,Programación,7.0,94
2879,Sofía Vega,Contabilidad,35,Femenino,2,2100,Matemáticas,7.93,92
2879,Sofía Vega,Contabilidad,35,Femenino,2,4145,Python,6.7,84
2879,Sofía Vega,Contabilidad,35,Femenino,2,4931,Programación,8.21,63
2881,José Pérez,Administración,20,Masculino,10,857,Auditoría,7.82,96
2881,José Pérez,Administración,20,Masculino,10,1763,Base de Datos,5.06,93
2882,Ana Gómez,Derecho,19,Femenino,6,139,Contabilidad,8.77,86
2882,Ana Gómez,Derecho,19,Femenino,6,4949,Programación,8.32,85
2883,Pedro Vega,Sistemas,26,Masculino,10,2883,Auditoría,6.7,68
2890,Pedro Ruiz,Contabilidad,26,Masculino,10,3073,Programación,5.32,63
2892,Pedro Ruiz,Administración,26,Masculino,10,3659,Matemáticas,9.71,86
2893,Carlos Ruiz,Sistemas,25,Masculino,1,1201,Investigación,7.03,72
2893,Carlos Ruiz,Sistemas,25,Masculino,1,1215,Programación,7.68,76
2894,María López,Educación,19,Masculino,7,3984,Investigación,6.37,78
2894,María López,Educación,19,Masculino,7,4140,Base de Datos,6.94,72
2895,Carlos López,Contabilidad,21,Masculino,4,2566,Contabilidad,6.13,84
2895,Carlos López,Contabilidad,21,Masculino,4,2979,Programación,8.59,98
2897,Daniela Torres,Administración,21,Femenino,6,322,Investigación,9.34,63
2898,Pedro Morales,Educación,34,Femenino,8,92,Programación,9.42,86
2899,María Torres,Administración,30,Femenino,4,1467,Base de Datos,8.07,91
2899,María Torres,Administración,30,Femenino,4,4985,Auditoría,8.37,61
2901,José Pérez,Derecho,32,Masculino,1,4733,Estadística,8.9,89
2903,Luis Castillo,Administración,27,Femenino,3,52,Investigación,7.06,63
2903,Luis Castillo,Administración,27,Femenino,3,3013,Base de Datos,7.01,95
2906,José Ramírez,Derecho,26,Masculino,8,3426,Administración,9.73,64
2906,José Ramírez,Derecho,26,Masculino,8,3696,Auditoría,9.92,91
2907,María Ramírez,Administración,18,Masculino,8,855,Base de Datos,5.88,97
2907,María Ramírez,Administración,18,Masculino,8,4032,Programación,7.76,62
2911,Sofía Gómez,Administración,27,Femenino,4,960,Matemáticas,8.72,79
2911,Sofía Gómez,Administración,27,Femenino,4,3415,Python,5.69,88
2916,José Ruiz,Administración,30,Femenino,2,2621,Base de Datos,8.51,66
2917,Pedro Ramírez,Psicología,24,Masculino,6,1222,Base de Datos,8.89,67
2918,Ana Díaz,Contabilidad,33,Masculino,9,1804,Inglés,8.33,85
2924,Sofía Morales,Sistemas,26,Femenino,4,3243,Investigación,5.09,80
2924,Sofía Morales,Sistemas,26,Femenino,4,4242,Inglés,7.78,70
2925,Luis Díaz,Administración,21,Masculino,5,2000,Base de Datos,5.87,92
2928,Pedro Díaz,Sistemas,20,Masculino,10,1729,Estadística,6.63,98
2928,Pedro Díaz,Sistemas,20,Masculino,10,1757,Base de Datos,5.26,83
2928,Pedro Díaz,Sistemas,20,Masculino,10,1828,Investigación,6.76,75
2928,Pedro Díaz,Sistemas,20,Masculino,10,2569,Estadística,8.08,67
2931,María Torres,Administración,25,Masculino,3,1103,Programación,5.53,79
2932,María López,Administración,22,Femenino,8,91,Matemáticas,8.41,66
2935,Luis Torres,Derecho,30,Masculino,3,1312,Base de Datos,6.25,62
2937,Luis Torres,Administración,20,Masculino,7,253,Administración,7.15,75
2937,Luis Torres,Administración,20,Masculino,7,956,Programación,6.5,70
2938,Luis Morales,Administración,23,Femenino,9,3518,Administración,6.76,75
2940,Sofía Vega,Educación,24,Femenino,7,1140,Python,6.09,91
2940,Sofía Vega,Educación,24,Femenino,7,3193,Python,5.79,90
2942,Sofía López,Educación,18,Masculino,7,847,Inglés,7.72,91
2944,Luis Torres,Sistemas,25,Masculino,9,1415,Estadística,8.44,90
2944,Luis Torres,Sistemas,25,Masculino,9,1620,Inglés,5.42,100
2945,Daniela Morales,Educación,22,Masculino,9,2820,Matemáticas,8.72,72
2946,Carlos Vega,Administración,22,Masculino,1,2903,Investigación,7.84,64
2946,Carlos Vega,Administración,22,Masculino,1,3988,Investigación,5.1,87
2950,Pedro Ramírez,Administración,22,Masculino,2,1346,Inglés,7.24,85
2950,Pedro Ramírez,Administración,22,Masculino,2,4962,Inglés,8.1,82
2951,Andrés Torres,Psicología,32,Masculino,7,1004,Administración,7.13,67
2951,Andrés Torres,Psicología,32,Masculino,7,1389,Estadística,5.1,84
2952,Andrés Gómez,Educación,28,Femenino,3,3853,Investigación,5.43,76
2953,José Díaz,Sistemas,19,Masculino,1,932,Matemáticas,6.37,89
2954,Ana Pérez,Sistemas,28,Masculino,10,1922,Investigación,6.41,76
2954,Ana Pérez,Sistemas,28,Masculino,10,2570,Estadística,9.48,98
2955,Luis Gómez,Educación,24,Femenino,2,653,Estadística,5.46,79
2955,Luis Gómez,Educación,24,Femenino,2,2016,Matemáticas,5.76,93
2955,Luis Gómez,Educación,24,Femenino,2,3511,Auditoría,8.36,98
2956,Daniela Vega,Educación,29,Masculino,10,1973,Investigación,9.02,65
2956,Daniela Vega,Educación,29,Masculino,10,4107,Administración,9.0,83
2958,Andrés Castillo,Contabilidad,26,Masculino,2,1246,Administración,7.8,76
2958,Andrés Castillo,Contabilidad,26,Masculino,2,1734,Investigación,5.74,87
2959,Andrés Torres,Psicología,35,Femenino,5,774,Administración,5.66,96
2960,Daniela Vega,Sistemas,22,Masculino,5,2043,Inglés,5.49,87
2960,Daniela Vega,Sistemas,22,Masculino,5,4776,Matemáticas,8.48,84
2960,Daniela Vega,Sistemas,22,Masculino,5,4907,Administración,7.55,67
2961,Andrés Ruiz,Sistemas,28,Femenino,8,4132,Estadística,8.83,78
2961,Andrés Ruiz,Sistemas,28,Femenino,8,4995,Investigación,5.35,63
2962,Ana Vega,Derecho,32,Masculino,1,3528,Base de Datos,9.8,80
2963,Sofía Pérez,Sistemas,26,Masculino,7,13,Auditoría,5.96,64
2964,Camila Díaz,Sistemas,29,Femenino,9,222,Auditoría,8.78,100
2964,Camila Díaz,Sistemas,29,Femenino,9,2019,Python,7.21,60
2964,Camila Díaz,Sistemas,29,Femenino,9,3923,Matemáticas,9.14,86
2965,Carlos Morales,Derecho,21,Masculino,7,3000,Estadística,6.76,92
2966,Carlos Castillo,Psicología,25,Femenino,6,4824,Contabilidad,5.24,87
2967,Ana Díaz,Contabilidad,23,Femenino,1,443,Investigación,9.75,62
2970,Camila Pérez,Psicología,34,Masculino,3,4166,Estadística,5.48,76
2971,Luis Pérez,Contabilidad,19,Masculino,7,1770,Base de Datos,9.09,98
2971,Luis Pérez,Contabilidad,19,Masculino,7,3476,Programación,6.15,93
2972,José Vega,Sistemas,35,Masculino,5,290,Estadística,9.9,83
2972,José Vega,Sistemas,35,Masculino,5,3319,Contabilidad,6.53,70
2973,José Torres,Psicología,33,Femenino,4,1878,Estadística,7.67,75
2973,José Torres,Psicología,33,Femenino,4,2173,Python,5.37,61
2974,Andrés López,Derecho,24,Masculino,7,1438,Estadística,7.62,84
2974,Andrés López,Derecho,24,Masculino,7,1875,Inglés,8.58,79
2974,Andrés López,Derecho,24,Masculino,7,2119,Python,6.4,98
2976,Sofía Castillo,Educación,23,Femenino,7,4651,Investigación,9.78,96
2977,José Torres,Sistemas,25,Femenino,3,2637,Administración,5.45,71
2977,José Torres,Sistemas,25,Femenino,3,3308,Investigación,8.58,92
2979,José Gómez,Derecho,19,Femenino,5,2510,Administración,6.52,66
2979,José Gómez,Derecho,19,Femenino,5,3335,Python,6.99,66
2983,Pedro Castillo,Derecho,26,Femenino,9,1320,Auditoría,6.19,64
2984,Sofía Vega,Psicología,18,Masculino,2,108,Investigación,5.35,81
2986,Camila Torres,Derecho,19,Femenino,1,1123,Administración,9.79,70
2986,Camila Torres,Derecho,19,Femenino,1,2480,Investigación,9.46,94
2989,Camila Gómez,Derecho,25,Masculino,2,16,Base de Datos,6.85,73
2991,Andrés Pérez,Psicología,24,Masculino,10,674,Estadística,9.66,72
2991,Andrés Pérez,Psicología,24,Masculino,10,1236,Investigación,6.4,71
2993,Camila López,Sistemas,31,Masculino,2,1375,Administración,5.95,82
2997,Pedro Gómez,Psicología,22,Masculino,4,1134,Investigación,6.12,97
2997,Pedro Gómez,Psicología,22,Masculino,4,4514,Python,9.76,91
2998,Pedro Díaz,Derecho,33,Femenino,5,272,Programación,7.51,77
3001,Luis Castillo,Psicología,20,Masculino,9,3165,Programación,5.07,85
3004,Sofía Torres,Derecho,24,Masculino,3,4249,Contabilidad,9.17,87
3005,María Ruiz,Psicología,34,Masculino,2,4076,Administración,8.33,65
3008,Andrés Vega,Derecho,19,Femenino,1,3240,Python,9.45,83
3009,Camila López,Derecho,30,Femenino,7,4010,Auditoría,8.92,89
3010,Ana Vega,Educación,21,Masculino,3,433,Programación,6.33,65
3010,Ana Vega,Educación,21,Masculino,3,2407,Python,5.6,65
3011,Pedro Pérez,Sistemas,24,Masculino,9,1797,Base de Datos,5.06,91
3011,Pedro Pérez,Sistemas,24,Masculino,9,1950,Programación,6.0,88
3011,Pedro Pérez,Sistemas,24,Masculino,9,4020,Contabilidad,5.58,86
3012,María Díaz,Derecho,30,Masculino,1,326,Estadística,8.81,96
3013,Pedro Torres,Educación,32,Masculino,6,794,Base de Datos,6.28,66
3013,Pedro Torres,Educación,32,Masculino,6,2931,Administración,5.97,87
3015,Camila Pérez,Derecho,34,Masculino,7,1901,Base de Datos,9.74,67
3015,Camila Pérez,Derecho,34,Masculino,7,4039,Python,9.01,97
3016,Sofía Gómez,Derecho,33,Femenino,9,3809,Programación,9.49,70
3017,Carlos Ruiz,Administración,34,Femenino,5,2323,Python,8.25,87
3017,Carlos Ruiz,Administración,34,Femenino,5,4378,Auditoría,7.9,64
3018,Ana Gómez,Administración,27,Masculino,9,2987,Python,6.45,69
3018,Ana Gómez,Administración,27,Masculino,9,4320,Matemáticas,7.78,92
3020,Andrés Vega,Administración,31,Masculino,4,278,Contabilidad,7.92,100
3020,Andrés Vega,Administración,31,Masculino,4,2547,Base de Datos,9.51,65
3020,Andrés Vega,Administración,31,Masculino,4,4906,Base de Datos,9.7,89
3021,María Díaz,Psicología,21,Masculino,2,366,Contabilidad,5.38,65
3021,María Díaz,Psicología,21,Masculino,2,4197,Administración,9.89,84
3022,Camila Ramírez,Educación,18,Masculino,9,2765,Programación,9.95,63
3022,Camila Ramírez,Educación,18,Masculino,9,4559,Contabilidad,6.05,64
3023,Camila Ruiz,Psicología,20,Femenino,5,2280,Python,5.34,73
3024,Sofía Torres,Sistemas,32,Femenino,10,178,Inglés,7.77,82
3024,Sofía Torres,Sistemas,32,Femenino,10,741,Inglés,9.75,80
3024,Sofía Torres,Sistemas,32,Femenino,10,1332,Python,9.12,77
3024,Sofía Torres,Sistemas,32,Femenino,10,4315,Administración,7.72,71
3025,Carlos Morales,Psicología,31,Femenino,5,3272,Contabilidad,6.46,80
3026,Andrés Ruiz,Psicología,32,Masculino,9,2046,Programación,7.01,95
3026,Andrés Ruiz,Psicología,32,Masculino,9,2053,Estadística,8.01,86
3028,María Torres,Contabilidad,21,Femenino,1,3932,Contabilidad,6.97,89
3028,María Torres,Contabilidad,21,Femenino,1,4295,Python,6.83,70
3028,María Torres,Contabilidad,21,Femenino,1,4795,Contabilidad,8.99,84
3029,Andrés Castillo,Psicología,24,Masculino,4,1735,Investigación,6.86,78
3029,Andrés Castillo,Psicología,24,Masculino,4,2182,Administración,8.3,93
3030,Luis Torres,Administración,27,Masculino,7,1574,Base de Datos,6.31,75
3030,Luis Torres,Administración,27,Masculino,7,2791,Estadística,5.25,84
3032,Ana Vega,Derecho,22,Femenino,2,334,Contabilidad,8.61,96
3032,Ana Vega,Derecho,22,Femenino,2,4882,Contabilidad,9.72,97
3033,Daniela Morales,Sistemas,32,Masculino,4,2451,Matemáticas,8.39,86
3035,Sofía Díaz,Educación,25,Masculino,9,3645,Python,5.72,66
3035,Sofía Díaz,Educación,25,Masculino,9,3738,Inglés,6.5,91
3036,Ana Castillo,Sistemas,29,Femenino,2,482,Programación,7.81,80
3038,Andrés Torres,Derecho,29,Masculino,7,1193,Estadística,8.05,84
3038,Andrés Torres,Derecho,29,Masculino,7,3368,Base de Datos,6.53,82
3039,José Gómez,Psicología,30,Femenino,6,4974,Matemáticas,6.58,77
3040,Pedro Gómez,Administración,18,Femenino,7,598,Estadística,7.68,72
3044,Ana Torres,Derecho,25,Masculino,1,279,Estadística,8.37,90
3044,Ana Torres,Derecho,25,Masculino,1,4280,Python,8.94,98
3045,Andrés Morales,Psicología,30,Femenino,2,2593,Python,8.51,97
3045,Andrés Morales,Psicología,30,Femenino,2,2743,Administración,5.73,80
3045,Andrés Morales,Psicología,30,Femenino,2,3433,Auditoría,7.07,70
3046,Ana Gómez,Derecho,34,Masculino,2,1343,Investigación,8.82,87
3046,Ana Gómez,Derecho,34,Masculino,2,3614,Investigación,5.22,69
3048,Luis Morales,Psicología,19,Femenino,2,445,Inglés,8.82,96
3048,Luis Morales,Psicología,19,Femenino,2,4654,Contabilidad,7.13,71
3049,José Ruiz,Sistemas,28,Masculino,8,3851,Inglés,9.92,78
3050,Pedro Torres,Educación,34,Masculino,10,3191,Auditoría,6.89,97
3052,María Castillo,Contabilidad,18,Femenino,8,922,Python,6.69,79
3052,María Castillo,Contabilidad,18,Femenino,8,4548,Matemáticas,7.93,74
3055,Sofía Torres,Contabilidad,18,Masculino,8,1697,Administración,7.26,92
3056,Daniela Morales,Sistemas,23,Masculino,5,2035,Contabilidad,8.13,82
3057,Ana Morales,Psicología,35,Femenino,2,975,Python,9.46,93
3057,Ana Morales,Psicología,35,Femenino,2,2319,Investigación,7.45,97
3057,Ana Morales,Psicología,35,Femenino,2,4930,Python,7.41,63
3058,María López,Administración,32,Masculino,2,499,Administración,7.79,83
3058,María López,Administración,32,Masculino,2,3199,Auditoría,6.69,85
3059,Carlos Díaz,Contabilidad,23,Masculino,6,711,Base de Datos,7.55,86
3059,Carlos Díaz,Contabilidad,23,Masculino,6,2095,Programación,9.93,75
3061,Ana López,Administración,21,Masculino,10,865,Investigación,7.93,81
3063,María Vega,Educación,28,Masculino,8,4994,Auditoría,6.7,62
3064,Daniela Vega,Psicología,29,Femenino,2,35,Base de Datos,7.7,93
3064,Daniela Vega,Psicología,29,Femenino,2,1417,Base de Datos,9.26,91
3064,Daniela Vega,Psicología,29,Femenino,2,2762,Auditoría,5.51,74
3066,José Ruiz,Sistemas,23,Femenino,1,1490,Python,8.89,65
3066,José Ruiz,Sistemas,23,Femenino,1,2192,Inglés,7.59,71
3068,Pedro Castillo,Contabilidad,19,Masculino,8,573,Investigación,7.24,84
3068,Pedro Castillo,Contabilidad,19,Masculino,8,2697,Programación,9.1,98
3069,María Castillo,Sistemas,30,Femenino,9,3175,Inglés,5.41,75
3072,Andrés Torres,Sistemas,24,Femenino,9,3950,Matemáticas,6.96,77
3073,Pedro Torres,Psicología,35,Femenino,8,1179,Matemáticas,8.44,80
3073,Pedro Torres,Psicología,35,Femenino,8,3789,Programación,5.13,87
3073,Pedro Torres,Psicología,35,Femenino,8,4787,Contabilidad,8.93,95
3074,Sofía Ramírez,Administración,31,Masculino,9,986,Contabilidad,8.86,99
3074,Sofía Ramírez,Administración,31,Masculino,9,4418,Programación,5.28,77
3075,María Gómez,Psicología,23,Femenino,7,3277,Programación,5.66,98
3076,Ana Díaz,Administración,32,Masculino,8,649,Investigación,5.93,97
3078,Daniela Ramírez,Educación,19,Femenino,8,574,Estadística,8.41,94
3079,María Morales,Psicología,22,Masculino,6,1742,Estadística,5.03,100
3079,María Morales,Psicología,22,Masculino,6,2647,Base de Datos,7.85,64
3080,Ana Morales,Psicología,22,Masculino,3,2172,Matemáticas,7.0,60
3081,Carlos López,Educación,29,Femenino,3,673,Contabilidad,9.08,85
3082,Luis Morales,Educación,29,Masculino,6,333,Investigación,7.27,70
3082,Luis Morales,Educación,29,Masculino,6,1641,Base de Datos,5.08,91
3082,Luis Morales,Educación,29,Masculino,6,3047,Matemáticas,8.37,76
3082,Luis Morales,Educación,29,Masculino,6,4465,Programación,5.72,70
3083,Andrés Ramírez,Sistemas,26,Femenino,10,1816,Inglés,7.3,62
3085,Carlos Díaz,Psicología,30,Femenino,10,3953,Programación,9.92,60
3085,Carlos Díaz,Psicología,30,Femenino,10,4768,Contabilidad,7.73,99
3087,Pedro Ruiz,Psicología,35,Femenino,9,3897,Python,6.51,74
3088,Ana Torres,Administración,19,Femenino,1,4072,Estadística,5.5,65
3089,Sofía López,Educación,35,Femenino,10,680,Estadística,7.25,98
3090,José Vega,Contabilidad,22,Femenino,10,2441,Matemáticas,6.89,66
3090,José Vega,Contabilidad,22,Femenino,10,3619,Contabilidad,9.21,72
3090,José Vega,Contabilidad,22,Femenino,10,4564,Python,9.43,93
3091,Camila Ruiz,Psicología,35,Masculino,2,238,Inglés,9.66,72
3091,Camila Ruiz,Psicología,35,Masculino,2,1074,Python,7.14,95
3091,Camila Ruiz,Psicología,35,Masculino,2,2929,Base de Datos,7.15,87
3092,José Díaz,Derecho,35,Femenino,1,2269,Matemáticas,9.64,83
3092,José Díaz,Derecho,35,Femenino,1,3839,Python,5.19,87
3093,Daniela Gómez,Contabilidad,23,Masculino,9,2592,Python,8.48,87
3093,Daniela Gómez,Contabilidad,23,Masculino,9,2676,Matemáticas,6.74,72
3094,Pedro Ramírez,Derecho,33,Masculino,9,2897,Base de Datos,9.94,96
3095,Carlos Pérez,Psicología,32,Femenino,7,1835,Auditoría,6.95,96
3095,Carlos Pérez,Psicología,32,Femenino,7,2343,Estadística,6.38,81
3095,Carlos Pérez,Psicología,32,Femenino,7,2821,Estadística,9.83,100
3096,Luis Ruiz,Sistemas,32,Femenino,10,3082,Investigación,5.66,77
3096,Luis Ruiz,Sistemas,32,Femenino,10,4043,Administración,8.3,88
3098,Sofía Morales,Psicología,33,Masculino,3,2712,Contabilidad,8.3,77
3099,Camila Vega,Psicología,24,Femenino,1,1166,Investigación,5.66,61
3100,Andrés Díaz,Educación,34,Masculino,7,1280,Matemáticas,6.31,87
3101,Carlos López,Contabilidad,19,Femenino,1,2351,Auditoría,5.29,82
3102,Camila Morales,Derecho,28,Femenino,10,1026,Investigación,9.09,65
3104,Andrés Torres,Educación,28,Femenino,5,2450,Auditoría,8.68,63
3105,José Torres,Psicología,30,Femenino,10,1532,Administración,7.47,63
3105,José Torres,Psicología,30,Femenino,10,4783,Inglés,5.04,61
3106,Pedro López,Administración,29,Femenino,3,147,Administración,6.06,80
3106,Pedro López,Administración,29,Femenino,3,4282,Estadística,8.97,92
3107,María Torres,Educación,35,Femenino,7,3072,Estadística,8.9,81
3107,María Torres,Educación,35,Femenino,7,4883,Inglés,9.17,81
3108,María López,Psicología,21,Femenino,7,2954,Base de Datos,8.3,94
3108,María López,Psicología,21,Femenino,7,3021,Administración,7.19,92
3109,Carlos Castillo,Sistemas,28,Masculino,9,4288,Inglés,5.2,87
3110,Camila Ramírez,Administración,28,Femenino,3,1789,Investigación,6.07,74
3110,Camila Ramírez,Administración,28,Femenino,3,2768,Contabilidad,8.49,68
3111,Sofía Torres,Derecho,25,Masculino,6,525,Investigación,9.09,69
3111,Sofía Torres,Derecho,25,Masculino,6,1013,Administración,8.06,68
3112,Andrés Ruiz,Educación,29,Masculino,4,3330,Python,8.34,64
3112,Andrés Ruiz,Educación,29,Masculino,4,4439,Estadística,6.09,87
3113,Andrés Gómez,Psicología,30,Femenino,6,652,Base de Datos,8.7,80
3114,Ana Ramírez,Psicología,26,Femenino,9,650,Estadística,8.86,78
3115,Camila Pérez,Psicología,28,Femenino,5,512,Base de Datos,9.11,75
3115,Camila Pérez,Psicología,28,Femenino,5,3978,Python,7.71,77
3115,Camila Pérez,Psicología,28,Femenino,5,4904,Python,6.51,65
3116,José López,Sistemas,24,Femenino,10,2657,Python,9.68,83
3116,José López,Sistemas,24,Femenino,10,3053,Auditoría,6.17,82
3117,Luis Vega,Psicología,20,Masculino,8,1424,Administración,6.97,96
3117,Luis Vega,Psicología,20,Masculino,8,2610,Base de Datos,5.27,83
3117,Luis Vega,Psicología,20,Masculino,8,3417,Python,7.23,85
3118,Sofía Ramírez,Administración,19,Masculino,9,4634,Estadística,9.05,60
3119,Camila Ruiz,Administración,26,Masculino,2,606,Inglés,7.67,82
3119,Camila Ruiz,Administración,26,Masculino,2,661,Base de Datos,5.69,79
3121,José Ramírez,Sistemas,28,Femenino,4,1916,Contabilidad,9.89,83
3121,José Ramírez,Sistemas,28,Femenino,4,3688,Inglés,6.9,70
3121,José Ramírez,Sistemas,28,Femenino,4,4497,Auditoría,6.66,89
3122,Luis López,Educación,23,Femenino,10,2691,Estadística,5.98,90
3122,Luis López,Educación,23,Femenino,10,2992,Estadística,9.78,74
3123,María Morales,Derecho,34,Masculino,4,591,Programación,6.59,86
3123,María Morales,Derecho,34,Masculino,4,2256,Administración,8.73,72
3124,Pedro Ramírez,Contabilidad,19,Masculino,10,1174,Administración,7.95,96
3125,José Torres,Educación,21,Femenino,2,898,Administración,5.93,62
3125,José Torres,Educación,21,Femenino,2,1088,Estadística,6.93,94
3125,José Torres,Educación,21,Femenino,2,1105,Investigación,9.11,61
3125,José Torres,Educación,21,Femenino,2,3745,Base de Datos,7.0,60
3126,Ana Díaz,Administración,32,Femenino,10,1295,Python,5.61,75
3126,Ana Díaz,Administración,32,Femenino,10,1359,Estadística,8.9,81
3127,Andrés Gómez,Educación,34,Femenino,9,2372,Programación,9.83,87
3130,Carlos Torres,Contabilidad,35,Femenino,7,1586,Administración,9.81,62
3130,Carlos Torres,Contabilidad,35,Femenino,7,1905,Base de Datos,7.16,73
3130,Carlos Torres,Contabilidad,35,Femenino,7,2079,Contabilidad,5.46,66
3134,Camila Ruiz,Derecho,29,Femenino,10,96,Python,9.29,74
3134,Camila Ruiz,Derecho,29,Femenino,10,1362,Python,6.52,62
3135,José Torres,Psicología,22,Femenino,10,1809,Auditoría,8.4,69
3135,José Torres,Psicología,22,Femenino,10,4021,Investigación,6.5,61
3136,Luis Gómez,Educación,31,Femenino,1,1544,Investigación,6.91,94
3139,Carlos Gómez,Contabilidad,28,Masculino,4,1578,Matemáticas,8.3,100
3140,Ana Díaz,Contabilidad,33,Masculino,9,2582,Investigación,7.75,94
3141,María Morales,Psicología,23,Masculino,5,974,Python,5.19,72
3146,José López,Sistemas,34,Masculino,3,2952,Inglés,5.09,84
3146,José López,Sistemas,34,Masculino,3,3230,Inglés,5.06,85
3147,Andrés Gómez,Educación,22,Masculino,2,485,Auditoría,7.09,70
3147,Andrés Gómez,Educación,22,Masculino,2,2528,Programación,8.9,85
3147,Andrés Gómez,Educación,22,Masculino,2,4386,Auditoría,6.24,81
3149,Sofía Gómez,Sistemas,30,Masculino,2,2328,Investigación,8.53,65
3150,Andrés López,Derecho,26,Femenino,3,4490,Programación,5.75,99
3151,María Vega,Derecho,29,Masculino,9,2584,Estadística,7.9,86
3152,Carlos Ramírez,Derecho,34,Masculino,8,262,Inglés,5.53,84
3152,Carlos Ramírez,Derecho,34,Masculino,8,2953,Inglés,5.22,73
3153,Carlos Torres,Contabilidad,33,Femenino,6,1296,Inglés,6.24,62
3153,Carlos Torres,Contabilidad,33,Femenino,6,1686,Administración,7.65,78
3153,Carlos Torres,Contabilidad,33,Femenino,6,1794,Contabilidad,7.28,79
3153,Carlos Torres,Contabilidad,33,Femenino,6,2321,Auditoría,5.81,87
3154,José Díaz,Psicología,26,Femenino,3,3605,Matemáticas,6.76,94
3155,Pedro Torres,Psicología,19,Femenino,3,2088,Estadística,6.35,80
3160,Camila Torres,Administración,22,Masculino,7,3184,Base de Datos,7.69,73
3162,Luis Castillo,Administración,35,Masculino,4,878,Inglés,8.66,70
3162,Luis Castillo,Administración,35,Masculino,4,2231,Contabilidad,6.03,78
3162,Luis Castillo,Administración,35,Masculino,4,4869,Inglés,7.17,67
3163,Carlos Díaz,Educación,29,Masculino,10,241,Base de Datos,7.48,62
3164,Andrés López,Contabilidad,35,Femenino,5,404,Estadística,6.87,61
3165,Pedro Gómez,Derecho,32,Femenino,4,4872,Estadística,5.06,65
3167,Camila Castillo,Contabilidad,33,Masculino,3,4031,Investigación,5.39,78
3170,Camila López,Educación,32,Femenino,2,3959,Administración,5.6,71
3173,Luis Torres,Contabilidad,30,Masculino,9,4150,Administración,8.21,72
3175,Daniela Ruiz,Educación,32,Femenino,6,3804,Investigación,5.1,78
3175,Daniela Ruiz,Educación,32,Femenino,6,3817,Estadística,8.71,73
3178,Ana Castillo,Contabilidad,25,Femenino,2,3981,Inglés,8.03,83
3180,Camila Torres,Administración,20,Masculino,3,1143,Inglés,9.59,62
3180,Camila Torres,Administración,20,Masculino,3,1951,Inglés,6.34,98
3180,Camila Torres,Administración,20,Masculino,3,2378,Investigación,6.6,83
3181,Sofía Torres,Educación,29,Masculino,2,4808,Python,5.03,94
3182,José López,Derecho,26,Masculino,1,3812,Base de Datos,9.17,98
3183,Sofía López,Sistemas,31,Femenino,2,1947,Investigación,6.42,69
3183,Sofía López,Sistemas,31,Femenino,2,3655,Contabilidad,9.41,83
3183,Sofía López,Sistemas,31,Femenino,2,3661,Inglés,6.82,80
3186,María Torres,Sistemas,32,Femenino,8,3589,Inglés,9.72,95
3187,Carlos Pérez,Sistemas,20,Masculino,2,2236,Matemáticas,5.65,73
3188,Pedro Morales,Sistemas,22,Masculino,1,1819,Inglés,8.82,96
3188,Pedro Morales,Sistemas,22,Masculino,1,2667,Python,7.8,98
3188,Pedro Morales,Sistemas,22,Masculino,1,4972,Python,8.43,71
3190,Camila Vega,Derecho,25,Masculino,10,4336,Estadística,7.31,92
3191,María Pérez,Contabilidad,24,Femenino,7,2877,Python,7.9,62
3193,José Vega,Sistemas,22,Femenino,3,3428,Inglés,5.08,77
3194,Luis Gómez,Contabilidad,18,Femenino,9,1264,Contabilidad,6.15,78
3195,Carlos Díaz,Sistemas,28,Masculino,3,2084,Estadística,6.6,86
3195,Carlos Díaz,Sistemas,28,Masculino,3,3405,Python,5.04,80
3196,Sofía Castillo,Derecho,22,Masculino,10,3379,Inglés,6.25,98
3198,María Ruiz,Psicología,29,Masculino,10,1994,Investigación,9.17,83
3199,Daniela Pérez,Sistemas,25,Femenino,2,61,Contabilidad,9.63,89
3199,Daniela Pérez,Sistemas,25,Femenino,2,2702,Base de Datos,7.02,80
3200,Carlos Castillo,Administración,31,Femenino,9,2882,Programación,5.31,69
3200,Carlos Castillo,Administración,31,Femenino,9,4362,Investigación,9.42,65
3201,Camila Vega,Contabilidad,30,Femenino,3,2866,Python,9.63,79
3202,María Pérez,Contabilidad,20,Masculino,1,2263,Base de Datos,5.39,60
3202,María Pérez,Contabilidad,20,Masculino,1,3926,Inglés,8.03,74
3204,Sofía Torres,Derecho,25,Femenino,5,1107,Programación,6.47,100
3204,Sofía Torres,Derecho,25,Femenino,5,2234,Base de Datos,9.95,68
3204,Sofía Torres,Derecho,25,Femenino,5,3487,Auditoría,5.97,82
3205,Ana Torres,Psicología,19,Femenino,2,2874,Investigación,8.49,66
3205,Ana Torres,Psicología,19,Femenino,2,3086,Matemáticas,9.16,79
3206,Pedro Morales,Psicología,18,Femenino,4,1611,Auditoría,5.02,91
3206,Pedro Morales,Psicología,18,Femenino,4,3637,Investigación,5.77,78
3207,Carlos Torres,Contabilidad,34,Masculino,6,4505,Matemáticas,9.33,72
3208,Camila Castillo,Administración,18,Masculino,5,871,Auditoría,5.16,98
3210,Camila Morales,Derecho,32,Femenino,7,1982,Python,6.67,66
3211,José Ruiz,Sistemas,29,Femenino,10,1510,Base de Datos,8.52,97
3212,Camila Díaz,Contabilidad,31,Masculino,4,2705,Contabilidad,9.19,70
3213,José Ramírez,Sistemas,22,Femenino,8,3283,Matemáticas,9.3,91
3214,Pedro Pérez,Sistemas,19,Masculino,2,2607,Base de Datos,9.11,95
3216,Andrés López,Sistemas,32,Femenino,5,707,Auditoría,5.57,82
3217,Luis Ramírez,Administración,31,Masculino,9,2853,Base de Datos,7.01,60
3217,Luis Ramírez,Administración,31,Masculino,9,3814,Estadística,8.25,88
3218,Ana Vega,Sistemas,29,Femenino,2,2111,Programación,5.41,64
3219,Carlos Ruiz,Sistemas,21,Femenino,1,2733,Estadística,7.92,97
3220,Daniela Gómez,Administración,34,Masculino,7,576,Programación,5.64,74
3220,Daniela Gómez,Administración,34,Masculino,7,819,Administración,6.59,77
3220,Daniela Gómez,Administración,34,Masculino,7,4886,Administración,6.5,65
3222,Camila Gómez,Sistemas,27,Femenino,9,489,Programación,7.29,75
3224,Luis López,Sistemas,18,Femenino,3,3370,Investigación,5.03,85
3225,Camila Vega,Psicología,29,Femenino,7,2471,Matemáticas,9.62,92
3225,Camila Vega,Psicología,29,Femenino,7,3093,Administración,8.81,66
3225,Camila Vega,Psicología,29,Femenino,7,3694,Base de Datos,5.55,72
3226,Pedro Ruiz,Contabilidad,33,Masculino,4,1229,Base de Datos,7.29,67
3226,Pedro Ruiz,Contabilidad,33,Masculino,4,2414,Programación,9.09,93
3227,Luis Vega,Sistemas,28,Masculino,4,4008,Base de Datos,5.84,90
3229,Pedro Morales,Administración,20,Femenino,10,1111,Programación,7.74,65
3230,Luis Vega,Administración,22,Femenino,1,1937,Administración,7.95,66
3230,Luis Vega,Administración,22,Femenino,1,2551,Auditoría,5.94,69
3233,Ana Ramírez,Psicología,33,Femenino,2,2485,Investigación,8.72,62
3233,Ana Ramírez,Psicología,33,Femenino,2,3925,Python,5.96,83
3234,José Pérez,Sistemas,26,Masculino,9,4193,Base de Datos,9.83,77
3234,José Pérez,Sistemas,26,Masculino,9,4327,Matemáticas,9.03,66
3235,Andrés Gómez,Educación,26,Masculino,6,905,Python,7.51,93
3235,Andrés Gómez,Educación,26,Masculino,6,4780,Matemáticas,7.11,75
3236,María Gómez,Contabilidad,23,Masculino,5,3627,Matemáticas,9.75,95
3237,Sofía Ruiz,Psicología,19,Femenino,10,2276,Investigación,5.6,73
3239,Luis López,Derecho,32,Masculino,7,1371,Auditoría,5.98,99
3240,Pedro Ruiz,Psicología,27,Masculino,7,1256,Contabilidad,9.44,83
3240,Pedro Ruiz,Psicología,27,Masculino,7,2546,Base de Datos,7.23,87
3240,Pedro Ruiz,Psicología,27,Masculino,7,3621,Python,8.48,88
3241,Pedro Gómez,Administración,24,Femenino,5,4446,Contabilidad,7.55,66
3245,Luis Castillo,Administración,31,Masculino,1,2121,Estadística,9.35,96
3245,Luis Castillo,Administración,31,Masculino,1,4810,Inglés,8.55,95
3246,María Ramírez,Sistemas,34,Femenino,9,3364,Base de Datos,9.26,99
3247,Carlos Gómez,Sistemas,31,Masculino,3,828,Programación,5.24,79
3247,Carlos Gómez,Sistemas,31,Masculino,3,3393,Inglés,8.99,93
3247,Carlos Gómez,Sistemas,31,Masculino,3,3559,Matemáticas,8.31,79
3247,Carlos Gómez,Sistemas,31,Masculino,3,3859,Estadística,9.12,67
3250,Luis Gómez,Derecho,18,Femenino,9,158,Matemáticas,5.38,100
3250,Luis Gómez,Derecho,18,Femenino,9,605,Matemáticas,7.76,78
3250,Luis Gómez,Derecho,18,Femenino,9,647,Administración,5.15,77
3250,Luis Gómez,Derecho,18,Femenino,9,2257,Python,5.05,67
3250,Luis Gómez,Derecho,18,Femenino,9,2404,Inglés,6.51,98
3252,Andrés Torres,Administración,21,Femenino,6,1865,Base de Datos,6.18,96
3252,Andrés Torres,Administración,21,Femenino,6,2651,Investigación,6.0,81
3253,Andrés Vega,Educación,25,Femenino,9,1262,Programación,8.82,65
3254,Camila Ramírez,Sistemas,35,Masculino,1,3810,Matemáticas,5.76,60
3256,Camila Ramírez,Educación,20,Masculino,4,276,Programación,6.83,85
3256,Camila Ramírez,Educación,20,Masculino,4,911,Programación,6.63,77
3256,Camila Ramírez,Educación,20,Masculino,4,1183,Matemáticas,7.07,95
3256,Camila Ramírez,Educación,20,Masculino,4,3095,Matemáticas,7.24,90
3257,Pedro Ruiz,Sistemas,27,Femenino,2,896,Inglés,7.45,76
3257,Pedro Ruiz,Sistemas,27,Femenino,2,1911,Matemáticas,8.57,87
3257,Pedro Ruiz,Sistemas,27,Femenino,2,2214,Matemáticas,6.13,73
3259,Sofía Morales,Psicología,34,Masculino,8,744,Matemáticas,9.84,73
3259,Sofía Morales,Psicología,34,Masculino,8,4616,Python,8.17,69
3260,Pedro Ruiz,Educación,33,Masculino,5,4472,Inglés,8.77,62
3261,Ana Ruiz,Contabilidad,25,Masculino,5,778,Programación,6.43,92
3263,Ana Ramírez,Psicología,25,Masculino,8,428,Programación,7.37,62
3266,Ana Ruiz,Derecho,27,Femenino,7,3259,Base de Datos,8.39,77
3266,Ana Ruiz,Derecho,27,Femenino,7,4660,Contabilidad,8.82,65
3268,José Ramírez,Psicología,27,Masculino,2,3662,Base de Datos,8.62,73
3272,Sofía López,Contabilidad,35,Femenino,9,3198,Inglés,9.17,76
3276,José Gómez,Administración,21,Masculino,6,3216,Administración,9.49,87
3278,María Ramírez,Educación,31,Masculino,6,2432,Inglés,5.42,76
3280,Andrés Gómez,Derecho,28,Masculino,3,2759,Estadística,7.78,80
3283,María Castillo,Contabilidad,18,Femenino,7,1194,Auditoría,8.28,78
3283,María Castillo,Contabilidad,18,Femenino,7,4764,Inglés,9.17,69
3284,Luis Ramírez,Educación,33,Masculino,9,548,Estadística,5.92,68
3285,Carlos Castillo,Psicología,35,Masculino,9,803,Estadística,9.38,78
3285,Carlos Castillo,Psicología,35,Masculino,9,2641,Investigación,9.29,68
3286,Andrés Pérez,Derecho,32,Masculino,2,60,Python,5.82,60
3286,Andrés Pérez,Derecho,32,Masculino,2,3280,Programación,7.04,73
3287,José Gómez,Derecho,26,Femenino,9,21,Contabilidad,5.33,96
3289,José Vega,Derecho,35,Masculino,10,3572,Matemáticas,6.13,100
3291,Pedro Ruiz,Contabilidad,20,Femenino,6,920,Python,6.98,81
3291,Pedro Ruiz,Contabilidad,20,Femenino,6,1728,Auditoría,9.2,88
3291,Pedro Ruiz,Contabilidad,20,Femenino,6,2021,Base de Datos,7.17,85
3295,Luis Gómez,Derecho,20,Femenino,1,2278,Administración,5.06,73
3295,Luis Gómez,Derecho,20,Femenino,1,4537,Base de Datos,9.45,81
3297,Pedro Díaz,Administración,31,Masculino,2,111,Contabilidad,7.77,72
3298,Andrés Ruiz,Contabilidad,28,Femenino,10,208,Contabilidad,7.5,91
3300,Sofía Ruiz,Contabilidad,22,Femenino,9,4912,Base de Datos,7.18,71
3301,Sofía Castillo,Administración,19,Femenino,7,4381,Auditoría,8.53,99
3302,Pedro Castillo,Educación,35,Femenino,7,4681,Investigación,7.13,79
3304,Carlos Pérez,Contabilidad,28,Femenino,6,494,Administración,5.23,63
3304,Carlos Pérez,Contabilidad,28,Femenino,6,3742,Inglés,9.34,89
3305,Daniela Ramírez,Contabilidad,35,Masculino,10,929,Base de Datos,8.9,93
3307,Sofía Pérez,Derecho,22,Masculino,6,3437,Administración,9.54,76
3308,José Morales,Derecho,22,Masculino,7,2889,Estadística,5.22,70
3309,Camila Castillo,Sistemas,21,Femenino,6,3450,Contabilidad,9.43,66
3310,Sofía Ruiz,Contabilidad,25,Masculino,1,1206,Auditoría,5.02,71
3310,Sofía Ruiz,Contabilidad,25,Masculino,1,2026,Inglés,8.22,94
3310,Sofía Ruiz,Contabilidad,25,Masculino,1,2403,Matemáticas,5.17,75
3312,José Torres,Derecho,31,Femenino,8,4391,Auditoría,7.8,63
3313,José Morales,Administración,28,Masculino,7,177,Matemáticas,6.53,97
3314,Ana Gómez,Sistemas,23,Femenino,2,1100,Investigación,6.58,84
3314,Ana Gómez,Sistemas,23,Femenino,2,4186,Auditoría,7.06,97
3315,Luis Díaz,Psicología,26,Femenino,1,2798,Investigación,6.96,74
3315,Luis Díaz,Psicología,26,Femenino,1,2867,Inglés,9.91,75
3315,Luis Díaz,Psicología,26,Femenino,1,3533,Contabilidad,5.73,81
3317,Andrés Morales,Derecho,33,Masculino,4,4507,Base de Datos,6.3,80
3319,José Ramírez,Administración,31,Femenino,3,2661,Estadística,6.49,88
3321,María Vega,Contabilidad,25,Femenino,6,1684,Base de Datos,8.95,83
3322,María Morales,Contabilidad,30,Masculino,8,547,Investigación,7.58,65
3322,María Morales,Contabilidad,30,Masculino,8,554,Programación,9.62,79
3322,María Morales,Contabilidad,30,Masculino,8,1626,Estadística,6.06,93
3324,Andrés Torres,Contabilidad,22,Masculino,9,3816,Matemáticas,5.92,62
3325,María Vega,Contabilidad,26,Femenino,5,1856,Matemáticas,5.57,72
3325,María Vega,Contabilidad,26,Femenino,5,3326,Inglés,8.09,70
3330,Daniela Morales,Administración,25,Femenino,3,3972,Matemáticas,6.21,99
3331,Daniela Torres,Sistemas,24,Femenino,3,3928,Base de Datos,6.21,93
3332,Luis Ramírez,Contabilidad,18,Masculino,2,4742,Contabilidad,7.71,68
3334,María Pérez,Derecho,25,Femenino,9,534,Inglés,7.39,72
3335,Andrés Torres,Contabilidad,25,Femenino,4,51,Matemáticas,5.47,87
3335,Andrés Torres,Contabilidad,25,Femenino,4,1864,Administración,8.36,65
3336,José Pérez,Sistemas,21,Masculino,7,1207,Programación,5.53,64
3336,José Pérez,Sistemas,21,Masculino,7,4337,Programación,8.6,93
3337,Daniela Ramírez,Psicología,27,Masculino,7,4356,Python,9.15,100
3339,José Castillo,Derecho,19,Masculino,9,1790,Estadística,8.81,80
3339,José Castillo,Derecho,19,Masculino,9,4400,Estadística,9.91,96
3339,José Castillo,Derecho,19,Masculino,9,4996,Inglés,7.85,96
3340,Camila Gómez,Derecho,24,Femenino,9,3004,Auditoría,8.33,98
3340,Camila Gómez,Derecho,24,Femenino,9,3440,Python,7.7,98
3340,Camila Gómez,Derecho,24,Femenino,9,4018,Base de Datos,7.52,91
3340,Camila Gómez,Derecho,24,Femenino,9,4309,Contabilidad,5.79,75
3341,Luis Pérez,Educación,28,Masculino,10,4392,Auditoría,8.5,95
3344,Ana Castillo,Contabilidad,33,Masculino,8,288,Contabilidad,5.16,83
3345,Luis Castillo,Derecho,22,Femenino,7,592,Base de Datos,6.5,71
3346,María Pérez,Sistemas,35,Femenino,5,4459,Python,6.69,96
3347,Carlos Castillo,Administración,24,Masculino,10,3977,Inglés,7.21,84
3348,Daniela Torres,Psicología,25,Masculino,10,1177,Contabilidad,5.95,60
3350,Pedro Torres,Psicología,24,Masculino,9,1180,Administración,5.53,87
3351,Andrés Pérez,Educación,35,Masculino,3,2202,Administración,9.02,80
3352,Carlos Gómez,Sistemas,21,Masculino,3,678,Inglés,5.7,79
3352,Carlos Gómez,Sistemas,21,Masculino,3,4234,Estadística,9.96,97
3353,María Torres,Sistemas,18,Masculino,9,3169,Base de Datos,8.18,60
3353,María Torres,Sistemas,18,Masculino,9,3618,Python,7.08,86
3355,Ana Vega,Educación,35,Femenino,7,940,Programación,5.1,60
3356,Luis Pérez,Psicología,20,Femenino,4,2066,Investigación,6.16,85
3357,Camila Morales,Sistemas,27,Masculino,4,3741,Inglés,9.4,80
3358,Andrés Castillo,Contabilidad,25,Masculino,10,1323,Administración,5.55,93
3360,Carlos López,Contabilidad,27,Femenino,10,4618,Inglés,8.76,68
3366,José Gómez,Educación,20,Masculino,5,4781,Base de Datos,5.5,97
3367,Ana Ramírez,Psicología,28,Masculino,7,917,Contabilidad,6.92,91
3368,Sofía Ruiz,Contabilidad,33,Masculino,9,2281,Contabilidad,8.84,91
3369,Sofía Pérez,Contabilidad,35,Masculino,7,1410,Contabilidad,7.22,100
3369,Sofía Pérez,Contabilidad,35,Masculino,7,4422,Base de Datos,5.25,83
3370,Pedro Vega,Administración,27,Masculino,7,2687,Estadística,7.48,99
3372,Sofía Ramírez,Sistemas,34,Masculino,9,3943,Contabilidad,6.32,87
3373,Pedro Vega,Psicología,34,Masculino,8,95,Matemáticas,6.33,66
3373,Pedro Vega,Psicología,34,Masculino,8,217,Inglés,6.44,85
3376,Luis Ruiz,Derecho,30,Masculino,10,2044,Estadística,5.46,87
3377,María Torres,Sistemas,20,Masculino,7,3668,Python,6.0,81
3378,Camila Ramírez,Educación,34,Masculino,7,94,Python,5.9,81
3378,Camila Ramírez,Educación,34,Masculino,7,4647,Matemáticas,5.65,78
3380,Camila Torres,Sistemas,32,Femenino,6,4659,Programación,6.15,88
3383,Pedro Ruiz,Administración,20,Masculino,9,2693,Investigación,5.04,83
3387,José Díaz,Contabilidad,22,Masculino,9,1523,Matemáticas,8.1,95
3387,José Díaz,Contabilidad,22,Masculino,9,2018,Investigación,9.49,93
3387,José Díaz,Contabilidad,22,Masculino,9,3077,Matemáticas,7.76,75
3390,Camila Ramírez,Sistemas,18,Masculino,2,315,Administración,9.14,85
3390,Camila Ramírez,Sistemas,18,Masculino,2,2718,Estadística,7.43,100
3390,Camila Ramírez,Sistemas,18,Masculino,2,4766,Programación,9.24,66
3392,Ana Ramírez,Administración,24,Masculino,5,879,Inglés,9.41,82
3392,Ana Ramírez,Administración,24,Masculino,5,1472,Python,6.67,95
3392,Ana Ramírez,Administración,24,Masculino,5,2680,Investigación,6.76,94
3392,Ana Ramírez,Administración,24,Masculino,5,3179,Matemáticas,9.18,77
3394,Ana Pérez,Sistemas,33,Masculino,3,1739,Base de Datos,9.18,98
3396,Luis Morales,Psicología,29,Masculino,8,914,Base de Datos,5.74,97
3397,Luis Pérez,Contabilidad,35,Masculino,2,2696,Python,5.08,69
3397,Luis Pérez,Contabilidad,35,Masculino,2,4694,Investigación,8.01,78
3399,Luis Gómez,Contabilidad,23,Femenino,2,287,Estadística,9.17,99
3400,Ana Díaz,Administración,32,Masculino,10,2078,Python,9.3,80
3400,Ana Díaz,Administración,32,Masculino,10,4340,Estadística,7.75,98
3401,Carlos López,Sistemas,19,Femenino,2,2246,Matemáticas,5.9,99
3401,Carlos López,Sistemas,19,Femenino,2,2758,Contabilidad,6.37,82
3403,José Gómez,Psicología,27,Femenino,5,2564,Base de Datos,5.01,74
3404,María Torres,Psicología,34,Femenino,7,230,Inglés,9.9,75
3404,María Torres,Psicología,34,Femenino,7,779,Investigación,8.51,65
3405,Sofía Vega,Psicología,24,Femenino,6,719,Inglés,7.44,65
3405,Sofía Vega,Psicología,24,Femenino,6,1738,Inglés,6.44,87
3408,María Castillo,Psicología,20,Masculino,2,316,Estadística,6.56,80
3408,María Castillo,Psicología,20,Masculino,2,1082,Programación,7.69,65
3410,Andrés Ruiz,Derecho,25,Masculino,2,800,Administración,6.36,64
3410,Andrés Ruiz,Derecho,25,Masculino,2,2922,Auditoría,8.7,65
3411,Daniela Castillo,Administración,29,Femenino,5,3166,Python,5.32,92
3411,Daniela Castillo,Administración,29,Femenino,5,3798,Investigación,8.47,95
3412,Andrés López,Contabilidad,22,Femenino,9,4760,Investigación,9.23,90
3413,Ana Morales,Contabilidad,35,Femenino,1,508,Auditoría,6.54,100
3413,Ana Morales,Contabilidad,35,Femenino,1,1068,Administración,9.83,63
3415,José Vega,Psicología,24,Femenino,3,4123,Python,7.51,100
3416,Camila López,Derecho,27,Femenino,3,2049,Base de Datos,5.72,68
3417,Andrés Pérez,Contabilidad,28,Masculino,8,3304,Contabilidad,9.42,94
3418,Daniela Castillo,Educación,19,Femenino,6,1547,Base de Datos,6.44,68
3418,Daniela Castillo,Educación,19,Femenino,6,1750,Base de Datos,7.46,75
3419,Daniela Ruiz,Contabilidad,29,Masculino,6,1768,Inglés,9.58,67
3421,Ana Vega,Contabilidad,28,Masculino,1,4048,Base de Datos,7.13,96
3422,Daniela Castillo,Educación,18,Masculino,4,350,Contabilidad,5.58,61
3423,Luis Gómez,Sistemas,32,Femenino,2,1676,Python,5.2,90
3423,Luis Gómez,Sistemas,32,Femenino,2,3660,Inglés,8.67,88
3425,Pedro Pérez,Educación,23,Masculino,1,4088,Matemáticas,8.97,79
3426,Pedro Ruiz,Contabilidad,25,Femenino,5,3113,Investigación,5.05,67
3426,Pedro Ruiz,Contabilidad,25,Femenino,5,3281,Auditoría,6.39,83
3427,Luis Torres,Sistemas,20,Masculino,3,682,Programación,5.18,83
3427,Luis Torres,Sistemas,20,Masculino,3,3288,Investigación,5.94,61
3430,Luis Díaz,Administración,23,Femenino,10,1050,Auditoría,9.58,75
3430,Luis Díaz,Administración,23,Femenino,10,3009,Contabilidad,8.83,90
3432,José Pérez,Derecho,21,Femenino,4,993,Estadística,7.56,99
3434,Sofía Díaz,Educación,18,Masculino,2,286,Auditoría,8.71,69
3434,Sofía Díaz,Educación,18,Masculino,2,2665,Inglés,7.38,70
3435,Ana Pérez,Derecho,27,Masculino,5,3434,Base de Datos,5.87,93
3435,Ana Pérez,Derecho,27,Masculino,5,4063,Auditoría,6.66,65
3437,Camila Torres,Sistemas,24,Femenino,1,6,Matemáticas,7.25,77
3437,Camila Torres,Sistemas,24,Femenino,1,1758,Administración,5.24,78
3437,Camila Torres,Sistemas,24,Femenino,1,4527,Inglés,8.64,93
3438,Andrés Ruiz,Educación,27,Masculino,2,1443,Contabilidad,6.55,88
3438,Andrés Ruiz,Educación,27,Masculino,2,3503,Contabilidad,9.92,65
3438,Andrés Ruiz,Educación,27,Masculino,2,3744,Python,9.37,80
3439,Andrés Castillo,Educación,21,Masculino,6,1168,Base de Datos,8.03,71
3439,Andrés Castillo,Educación,21,Masculino,6,2662,Programación,6.07,76
3439,Andrés Castillo,Educación,21,Masculino,6,4219,Auditoría,6.71,90
3439,Andrés Castillo,Educación,21,Masculino,6,4310,Base de Datos,6.84,93
3440,Sofía Ruiz,Administración,35,Femenino,6,812,Inglés,9.81,69
3441,María Díaz,Educación,28,Masculino,1,3425,Investigación,9.81,66
3442,Camila Morales,Sistemas,19,Masculino,7,163,Inglés,5.53,83
3442,Camila Morales,Sistemas,19,Masculino,7,2893,Estadística,5.31,76
3443,Daniela Ruiz,Psicología,18,Masculino,7,2675,Programación,8.87,98
3443,Daniela Ruiz,Psicología,18,Masculino,7,4188,Contabilidad,8.24,91
3445,Pedro Ramírez,Derecho,26,Masculino,4,112,Investigación,8.39,71
3445,Pedro Ramírez,Derecho,26,Masculino,4,961,Administración,6.86,97
3447,Sofía Castillo,Contabilidad,29,Masculino,1,4382,Auditoría,7.86,84
3447,Sofía Castillo,Contabilidad,29,Masculino,1,4953,Programación,5.3,77
3448,Ana Morales,Derecho,32,Femenino,3,775,Administración,7.73,71
3450,Ana Gómez,Derecho,24,Femenino,6,2590,Matemáticas,6.05,74
3451,José Torres,Derecho,23,Femenino,2,2752,Estadística,5.62,70
3455,Ana Díaz,Administración,18,Femenino,9,1010,Base de Datos,5.57,63
3455,Ana Díaz,Administración,18,Femenino,9,2017,Matemáticas,5.69,87
3455,Ana Díaz,Administración,18,Femenino,9,3501,Python,8.19,77
3456,José López,Sistemas,22,Masculino,2,2058,Python,9.68,79
3456,José López,Sistemas,22,Masculino,2,3512,Investigación,8.59,62
3457,Pedro Morales,Derecho,25,Masculino,10,3874,Administración,8.31,60
3458,Ana Castillo,Educación,28,Femenino,6,1859,Python,6.01,77
3458,Ana Castillo,Educación,28,Femenino,6,4885,Contabilidad,5.46,60
3459,Sofía Vega,Psicología,32,Femenino,10,4274,Programación,5.4,80
3461,Pedro Pérez,Administración,25,Femenino,3,1885,Estadística,9.12,76
3461,Pedro Pérez,Administración,25,Femenino,3,3231,Python,6.51,76
3462,Ana Torres,Derecho,29,Femenino,9,2792,Matemáticas,6.47,85
3464,Sofía Torres,Sistemas,32,Masculino,2,2034,Programación,5.55,63
3464,Sofía Torres,Sistemas,32,Masculino,2,3616,Auditoría,8.55,100
3465,Camila Torres,Administración,35,Masculino,3,1870,Matemáticas,5.72,71
3466,María Morales,Educación,23,Masculino,10,1952,Estadística,8.78,83
3466,María Morales,Educación,23,Masculino,10,4556,Inglés,9.49,88
3467,Carlos Gómez,Contabilidad,34,Masculino,9,42,Matemáticas,9.64,72
3468,Sofía Ramírez,Educación,18,Femenino,10,3963,Matemáticas,5.2,96
3470,Andrés Díaz,Contabilidad,35,Masculino,10,1182,Auditoría,6.83,77
3471,Camila Ruiz,Educación,32,Femenino,3,2604,Base de Datos,6.36,65
3473,Camila López,Derecho,35,Masculino,2,2580,Inglés,8.47,86
3474,Andrés Morales,Psicología,22,Femenino,3,2459,Programación,9.66,68
3474,Andrés Morales,Psicología,22,Femenino,3,3235,Programación,8.8,65
3474,Andrés Morales,Psicología,22,Femenino,3,3479,Matemáticas,6.39,85
3476,Andrés Torres,Administración,33,Masculino,1,2611,Matemáticas,6.35,66
3476,Andrés Torres,Administración,33,Masculino,1,3414,Contabilidad,6.16,73
3478,Carlos López,Administración,22,Masculino,5,434,Estadística,7.15,71
3478,Carlos López,Administración,22,Masculino,5,3707,Investigación,8.54,68
3478,Carlos López,Administración,22,Masculino,5,4369,Programación,8.22,69
3480,Carlos Vega,Educación,21,Masculino,7,1554,Auditoría,5.04,91
3481,Camila Ruiz,Psicología,24,Masculino,3,4221,Contabilidad,8.48,77
3481,Camila Ruiz,Psicología,24,Masculino,3,4748,Python,8.12,64
3482,Ana Torres,Sistemas,24,Masculino,5,2197,Investigación,7.86,83
3483,Carlos López,Administración,22,Femenino,8,204,Estadística,7.72,69
3484,Camila Torres,Educación,21,Masculino,6,3066,Investigación,6.3,63
3485,María Pérez,Administración,34,Masculino,7,2433,Base de Datos,7.68,64
3486,Camila Pérez,Derecho,26,Femenino,4,179,Programación,6.65,89
3489,Luis Pérez,Educación,23,Masculino,7,1687,Contabilidad,8.49,99
3489,Luis Pérez,Educación,23,Masculino,7,2681,Programación,9.87,81
3490,Luis Ramírez,Contabilidad,30,Masculino,3,4673,Investigación,7.98,91
3491,Sofía Vega,Administración,21,Masculino,5,437,Base de Datos,8.45,82
3492,María Vega,Contabilidad,20,Femenino,7,2304,Inglés,6.56,72
3493,Carlos Torres,Psicología,20,Masculino,2,2501,Python,8.08,65
3494,Pedro Ramírez,Sistemas,34,Masculino,6,1402,Contabilidad,9.55,81
3495,Pedro Vega,Contabilidad,31,Femenino,8,3467,Python,9.82,68
3495,Pedro Vega,Contabilidad,31,Femenino,8,4360,Python,9.69,72
3497,Sofía Vega,Derecho,29,Femenino,1,2330,Contabilidad,8.46,92
3499,Daniela Morales,Derecho,24,Femenino,10,1339,Estadística,5.83,71
3500,María López,Psicología,31,Femenino,1,590,Programación,7.48,82
3500,María López,Psicología,31,Femenino,1,3406,Base de Datos,6.29,74
3503,Luis Castillo,Administración,26,Masculino,7,1423,Investigación,8.88,98
3503,Luis Castillo,Administración,26,Masculino,7,2908,Investigación,9.37,96
3504,Carlos Díaz,Educación,35,Femenino,5,87,Programación,5.05,64
3506,Daniela Ruiz,Educación,21,Femenino,3,1796,Matemáticas,9.28,90
3508,María López,Psicología,28,Masculino,3,731,Base de Datos,8.08,73
3508,María López,Psicología,28,Masculino,3,4802,Inglés,8.47,90
3510,Andrés López,Administración,25,Femenino,4,25,Auditoría,7.0,74
3512,Daniela Morales,Sistemas,29,Femenino,6,4358,Investigación,9.83,62
3513,Daniela Morales,Educación,26,Femenino,6,4899,Base de Datos,6.82,64
3514,Daniela Morales,Psicología,26,Femenino,4,1900,Auditoría,6.3,65
3514,Daniela Morales,Psicología,26,Femenino,4,2494,Matemáticas,8.09,92
3515,Camila López,Derecho,29,Femenino,5,3757,Auditoría,5.61,68
3517,Pedro López,Contabilidad,22,Masculino,3,415,Python,8.07,75
3517,Pedro López,Contabilidad,22,Masculino,3,755,Estadística,8.52,60
3517,Pedro López,Contabilidad,22,Masculino,3,2737,Matemáticas,7.84,83
3518,Camila Castillo,Contabilidad,18,Masculino,10,767,Administración,8.96,75
3518,Camila Castillo,Contabilidad,18,Masculino,10,973,Investigación,7.15,90
3519,Camila Ruiz,Contabilidad,34,Masculino,6,2349,Administración,6.85,81
3519,Camila Ruiz,Contabilidad,34,Masculino,6,3090,Estadística,6.11,86
3520,Carlos Morales,Psicología,22,Femenino,6,2492,Auditoría,8.69,87
3521,Sofía Morales,Derecho,27,Femenino,3,4184,Matemáticas,8.07,84
3523,María Díaz,Educación,21,Femenino,3,2699,Matemáticas,7.78,85
3524,Pedro Gómez,Contabilidad,19,Femenino,9,1373,Administración,8.42,96
3524,Pedro Gómez,Contabilidad,19,Femenino,9,2658,Inglés,6.07,73
3524,Pedro Gómez,Contabilidad,19,Femenino,9,3734,Estadística,8.37,88
3526,José Díaz,Contabilidad,24,Masculino,8,1815,Estadística,6.92,80
3530,Andrés Ramírez,Sistemas,35,Femenino,6,4311,Matemáticas,5.52,76
3531,Carlos López,Contabilidad,26,Masculino,7,493,Base de Datos,9.41,83
3533,Luis Ramírez,Administración,23,Masculino,9,4447,Contabilidad,6.42,63
3533,Luis Ramírez,Administración,23,Masculino,9,4646,Investigación,9.31,61
3534,Pedro Díaz,Educación,22,Masculino,8,3545,Administración,6.82,75
3535,Daniela Ramírez,Administración,31,Femenino,6,4625,Investigación,6.69,94
3536,Pedro López,Administración,32,Masculino,2,3275,Investigación,9.98,61
3537,José Pérez,Educación,19,Femenino,3,1543,Auditoría,6.97,80
3538,Daniela Vega,Sistemas,18,Femenino,6,319,Estadística,8.72,83
3538,Daniela Vega,Sistemas,18,Femenino,6,1983,Investigación,9.24,97
3538,Daniela Vega,Sistemas,18,Femenino,6,3515,Python,6.08,71
3538,Daniela Vega,Sistemas,18,Femenino,6,3670,Base de Datos,9.72,61
3539,Andrés Pérez,Sistemas,18,Masculino,8,2104,Matemáticas,8.05,80
3540,Carlos Torres,Sistemas,27,Masculino,6,2247,Inglés,6.92,71
3540,Carlos Torres,Sistemas,27,Masculino,6,2837,Auditoría,9.59,78
3540,Carlos Torres,Sistemas,27,Masculino,6,3358,Contabilidad,5.47,88
3541,Daniela López,Sistemas,31,Masculino,10,700,Investigación,5.15,99
3541,Daniela López,Sistemas,31,Masculino,10,1239,Investigación,5.98,69
3543,Andrés Gómez,Derecho,23,Masculino,4,4146,Estadística,9.04,85
3547,Camila López,Administración,22,Masculino,3,1920,Base de Datos,6.3,80
3549,José Díaz,Derecho,25,Femenino,4,4478,Auditoría,8.58,76
3551,Camila Pérez,Derecho,30,Masculino,1,2310,Base de Datos,9.1,90
3551,Camila Pérez,Derecho,30,Masculino,1,2735,Inglés,7.12,77
3551,Camila Pérez,Derecho,30,Masculino,1,3044,Estadística,9.66,93
3551,Camila Pérez,Derecho,30,Masculino,1,3254,Estadística,8.97,96
3554,Pedro Pérez,Sistemas,18,Femenino,2,2183,Estadística,5.59,68
3554,Pedro Pérez,Sistemas,18,Femenino,2,3506,Contabilidad,5.52,91
3555,Carlos Morales,Sistemas,29,Masculino,9,3185,Administración,8.23,78
3556,Andrés Torres,Educación,20,Femenino,7,250,Estadística,8.8,66
3556,Andrés Torres,Educación,20,Femenino,7,2900,Programación,9.04,72
3557,José Vega,Contabilidad,30,Femenino,4,3427,Contabilidad,6.15,65
3558,Camila Ramírez,Contabilidad,22,Masculino,4,4414,Auditoría,6.95,84
3559,María Torres,Administración,23,Masculino,2,3746,Base de Datos,5.76,71
3561,Sofía Torres,Educación,23,Masculino,6,663,Contabilidad,7.11,90
3562,Pedro Pérez,Derecho,23,Femenino,4,1538,Administración,9.95,97
3563,Camila Pérez,Derecho,25,Femenino,4,4788,Investigación,7.49,63
3564,Luis Gómez,Psicología,19,Femenino,7,439,Contabilidad,8.2,63
3564,Luis Gómez,Psicología,19,Femenino,7,4112,Python,7.27,97
3566,Camila López,Psicología,27,Masculino,9,3975,Auditoría,9.3,84
3567,Camila Torres,Sistemas,20,Masculino,7,1192,Estadística,5.32,74
3567,Camila Torres,Sistemas,20,Masculino,7,1853,Investigación,6.59,64
3567,Camila Torres,Sistemas,20,Masculino,7,4094,Investigación,5.61,95
3568,Carlos Morales,Educación,19,Femenino,7,3114,Contabilidad,8.6,77
3570,Luis Díaz,Educación,26,Femenino,1,2764,Matemáticas,5.85,72
3571,Camila Díaz,Contabilidad,20,Masculino,2,2684,Investigación,6.43,87
3573,Sofía Díaz,Contabilidad,31,Femenino,1,1125,Contabilidad,9.2,68
3574,Sofía Gómez,Psicología,30,Masculino,10,348,Python,7.3,64
3574,Sofía Gómez,Psicología,30,Masculino,10,3553,Estadística,9.77,70
3579,Luis López,Psicología,25,Femenino,10,867,Inglés,8.25,71
3579,Luis López,Psicología,25,Femenino,10,2666,Administración,9.56,96
3580,Pedro Ramírez,Psicología,32,Femenino,1,431,Investigación,8.72,84
3581,Sofía Vega,Derecho,24,Masculino,3,1279,Investigación,6.25,84
3582,Pedro Ramírez,Derecho,25,Masculino,10,3395,Python,9.8,80
3584,Camila Ruiz,Psicología,35,Femenino,9,2707,Python,8.14,97
3584,Camila Ruiz,Psicología,35,Femenino,9,4201,Python,6.26,87
3585,Pedro Díaz,Administración,24,Femenino,4,2899,Contabilidad,6.13,70
3586,Luis Ruiz,Sistemas,30,Femenino,5,391,Python,7.05,75
3586,Luis Ruiz,Sistemas,30,Femenino,5,4718,Python,7.7,63
3587,María Pérez,Psicología,28,Masculino,4,209,Estadística,7.99,87
3588,Luis Torres,Sistemas,23,Masculino,10,1621,Matemáticas,5.7,72
3589,Luis Díaz,Sistemas,29,Femenino,7,44,Programación,7.26,75
3592,Daniela Morales,Contabilidad,27,Femenino,8,677,Contabilidad,9.16,64
3592,Daniela Morales,Contabilidad,27,Femenino,8,4602,Administración,8.42,83
3593,Pedro Castillo,Psicología,32,Femenino,5,2936,Base de Datos,6.41,80
3594,Luis Morales,Administración,30,Femenino,7,1311,Matemáticas,5.11,84
3595,Ana Castillo,Contabilidad,19,Masculino,7,4592,Python,5.93,71
3596,María Díaz,Contabilidad,25,Femenino,4,1882,Administración,9.4,86
3597,Ana Ruiz,Educación,30,Femenino,10,729,Estadística,8.88,75
3599,Luis Ruiz,Educación,29,Masculino,10,4999,Inglés,6.31,75
3602,Camila Gómez,Administración,34,Masculino,8,1788,Estadística,5.9,82
3602,Camila Gómez,Administración,34,Masculino,8,3181,Contabilidad,5.46,82
3605,Pedro Díaz,Contabilidad,31,Femenino,4,3309,Investigación,8.94,66
3606,José Díaz,Contabilidad,27,Masculino,5,4593,Estadística,5.81,81
3607,José Gómez,Contabilidad,21,Femenino,10,668,Administración,7.15,98
3608,Sofía Ruiz,Administración,25,Femenino,5,4771,Contabilidad,9.65,84
3609,Sofía Ramírez,Contabilidad,25,Femenino,7,4842,Inglés,7.53,92
3610,José Pérez,Psicología,35,Masculino,3,395,Inglés,8.85,84
3610,José Pérez,Psicología,35,Masculino,3,4424,Inglés,7.99,85
3611,María Pérez,Psicología,28,Femenino,3,1015,Python,5.32,80
3612,Sofía Ramírez,Educación,24,Femenino,2,2642,Administración,7.56,99
3613,María Torres,Sistemas,18,Femenino,3,3690,Auditoría,7.86,88
3616,Pedro Díaz,Contabilidad,33,Masculino,3,750,Inglés,5.0,87
3616,Pedro Díaz,Contabilidad,33,Masculino,3,4484,Estadística,6.78,71
3617,Ana López,Sistemas,19,Femenino,5,2010,Programación,7.49,66
3618,Sofía Morales,Contabilidad,30,Masculino,3,2895,Administración,8.03,61
3621,Camila Morales,Contabilidad,34,Femenino,4,3346,Estadística,7.38,66
3621,Camila Morales,Contabilidad,34,Femenino,4,4395,Base de Datos,8.75,79
3622,Camila Ruiz,Contabilidad,33,Masculino,9,223,Python,6.02,95
3622,Camila Ruiz,Contabilidad,33,Masculino,9,2639,Base de Datos,9.7,96
3623,Pedro Gómez,Psicología,24,Masculino,5,2027,Administración,9.44,85
3625,Pedro Morales,Administración,20,Masculino,4,1879,Investigación,5.04,85
3626,Andrés Vega,Contabilidad,19,Masculino,5,3724,Base de Datos,7.54,65
3631,Ana Pérez,Psicología,28,Masculino,10,57,Programación,5.49,94
3631,Ana Pérez,Psicología,28,Masculino,10,1265,Base de Datos,5.66,70
3635,Carlos López,Psicología,29,Masculino,3,251,Base de Datos,8.47,61
3636,Carlos Vega,Psicología,26,Femenino,7,1491,Programación,5.12,90
3636,Carlos Vega,Psicología,26,Femenino,7,2294,Administración,5.67,80
3636,Carlos Vega,Psicología,26,Femenino,7,2968,Inglés,5.09,60
3636,Carlos Vega,Psicología,26,Femenino,7,2981,Estadística,7.56,75
3637,Camila Torres,Derecho,28,Masculino,4,1795,Matemáticas,7.77,78
3638,María Torres,Psicología,22,Masculino,1,2268,Python,7.99,63
3638,María Torres,Psicología,22,Masculino,1,2599,Python,6.43,69
3638,María Torres,Psicología,22,Masculino,1,4813,Python,9.65,77
3639,Carlos Pérez,Administración,28,Femenino,10,392,Auditoría,6.42,88
3639,Carlos Pérez,Administración,28,Femenino,10,3784,Administración,5.54,77
3640,Luis López,Administración,18,Masculino,1,989,Investigación,5.62,76
3640,Luis López,Administración,18,Masculino,1,2560,Base de Datos,6.54,90
3640,Luis López,Administración,18,Masculino,1,4961,Contabilidad,8.52,85
3641,María López,Contabilidad,31,Femenino,8,4711,Python,8.65,94
3642,Luis Gómez,Educación,31,Femenino,6,2116,Python,6.11,61
3642,Luis Gómez,Educación,31,Femenino,6,2878,Python,9.54,82
3643,Ana Ramírez,Derecho,22,Femenino,10,2157,Base de Datos,6.22,62
3643,Ana Ramírez,Derecho,22,Femenino,10,3899,Estadística,5.51,68
3644,Sofía Díaz,Contabilidad,25,Masculino,3,654,Administración,8.81,66
3644,Sofía Díaz,Contabilidad,25,Masculino,3,1658,Auditoría,7.9,86
3645,José Díaz,Administración,19,Masculino,3,3687,Estadística,8.78,68
3649,Ana Gómez,Derecho,23,Masculino,3,3989,Investigación,5.45,76
3651,José Vega,Derecho,21,Femenino,8,1365,Auditoría,7.88,65
3652,Camila Castillo,Derecho,21,Masculino,5,689,Administración,6.96,97
3652,Camila Castillo,Derecho,21,Masculino,5,2241,Estadística,9.12,98
3653,Ana Morales,Contabilidad,35,Masculino,9,129,Base de Datos,8.72,90
3653,Ana Morales,Contabilidad,35,Masculino,9,1511,Auditoría,6.78,81
3655,Andrés Gómez,Administración,22,Femenino,10,935,Base de Datos,9.8,90
3655,Andrés Gómez,Administración,22,Femenino,10,3976,Matemáticas,6.16,65
3655,Andrés Gómez,Administración,22,Femenino,10,4814,Base de Datos,9.97,86
3658,Daniela López,Educación,24,Femenino,10,2143,Auditoría,5.62,63
3659,Luis Torres,Sistemas,22,Masculino,2,3338,Auditoría,7.61,75
3660,Ana Gómez,Psicología,32,Masculino,4,3783,Investigación,7.78,98
3661,Camila Vega,Derecho,19,Masculino,8,2771,Estadística,7.61,75
3662,Ana Ramírez,Contabilidad,19,Masculino,10,4888,Programación,6.62,85
3663,Carlos Díaz,Sistemas,26,Femenino,3,438,Python,8.63,82
3664,Sofía Díaz,Educación,21,Femenino,2,1536,Matemáticas,6.03,80
3666,María López,Psicología,32,Masculino,3,4443,Estadística,9.46,94
3669,Pedro López,Administración,18,Masculino,4,4663,Estadística,5.74,61
3669,Pedro López,Administración,18,Masculino,4,4955,Matemáticas,7.94,74
3672,José Ramírez,Sistemas,23,Masculino,6,176,Python,5.47,74
3673,Sofía Morales,Psicología,29,Masculino,10,304,Administración,7.57,66
3673,Sofía Morales,Psicología,29,Masculino,10,1990,Investigación,5.1,78
3675,Sofía Torres,Derecho,31,Masculino,3,4710,Base de Datos,9.49,65
3676,Sofía Díaz,Derecho,25,Femenino,3,55,Base de Datos,7.11,77
3677,Daniela Ramírez,Derecho,28,Masculino,3,2037,Contabilidad,7.86,60
3679,Pedro Díaz,Psicología,20,Masculino,10,4259,Investigación,5.86,88
3680,Carlos Pérez,Educación,29,Masculino,3,1403,Programación,5.66,68
3683,Pedro López,Derecho,25,Femenino,3,822,Inglés,6.57,67
3684,Pedro Torres,Psicología,27,Masculino,1,3183,Base de Datos,5.18,97
3684,Pedro Torres,Psicología,27,Masculino,1,4100,Base de Datos,9.08,87
3684,Pedro Torres,Psicología,27,Masculino,1,4460,Python,7.46,97
3685,Pedro Morales,Sistemas,28,Femenino,10,728,Contabilidad,6.74,65
3685,Pedro Morales,Sistemas,28,Femenino,10,3017,Investigación,6.45,90
3686,Andrés Pérez,Educación,35,Femenino,2,4024,Auditoría,8.95,68
3686,Andrés Pérez,Educación,35,Femenino,2,4235,Matemáticas,5.47,75
3687,María López,Educación,21,Masculino,9,130,Contabilidad,8.76,100
3687,María López,Educación,21,Masculino,9,463,Inglés,8.4,82
3687,María López,Educación,21,Masculino,9,1553,Investigación,6.78,71
3690,Luis Díaz,Educación,27,Masculino,6,3316,Contabilidad,7.84,98
3691,Andrés Torres,Derecho,35,Femenino,9,648,Inglés,6.14,95
3692,Daniela Morales,Contabilidad,18,Masculino,10,2339,Auditoría,9.07,71
3693,Luis Vega,Contabilidad,26,Masculino,7,3737,Administración,8.71,90
3693,Luis Vega,Contabilidad,26,Masculino,7,3855,Programación,9.31,70
3693,Luis Vega,Contabilidad,26,Masculino,7,4830,Inglés,9.51,85
3694,José Castillo,Administración,18,Masculino,7,1435,Python,5.89,97
3695,Carlos Ruiz,Psicología,33,Femenino,9,1909,Matemáticas,6.85,89
3696,Daniela López,Contabilidad,34,Femenino,7,402,Administración,9.65,86
3699,Sofía Torres,Educación,31,Masculino,3,1893,Inglés,9.37,68
3699,Sofía Torres,Educación,31,Masculino,3,2228,Contabilidad,5.47,66
3699,Sofía Torres,Educación,31,Masculino,3,3273,Inglés,5.15,99
3699,Sofía Torres,Educación,31,Masculino,3,4652,Administración,7.12,79
3701,Ana Castillo,Administración,26,Masculino,2,2097,Python,5.01,89
3703,Sofía Ramírez,Administración,31,Femenino,10,305,Programación,6.11,99
3703,Sofía Ramírez,Administración,31,Femenino,10,824,Contabilidad,7.32,67
3704,Andrés Gómez,Educación,23,Masculino,2,452,Base de Datos,9.49,88
3704,Andrés Gómez,Educación,23,Masculino,2,2196,Matemáticas,6.98,79
3705,Andrés Pérez,Sistemas,25,Femenino,7,830,Programación,8.74,75
3705,Andrés Pérez,Sistemas,25,Femenino,7,3094,Matemáticas,7.89,61
3705,Andrés Pérez,Sistemas,25,Femenino,7,3743,Base de Datos,5.71,84
3705,Andrés Pérez,Sistemas,25,Femenino,7,3987,Python,6.94,82
3707,Ana Díaz,Administración,23,Femenino,4,2782,Auditoría,7.57,85
3708,Andrés Morales,Administración,21,Masculino,6,1036,Estadística,5.49,74
3708,Andrés Morales,Administración,21,Masculino,6,2813,Inglés,8.67,94
3708,Andrés Morales,Administración,21,Masculino,6,4928,Matemáticas,5.45,86
3710,María Vega,Educación,18,Femenino,9,1052,Base de Datos,5.69,98
3711,Carlos Morales,Psicología,23,Masculino,1,4666,Estadística,6.23,89
3712,Daniela Morales,Psicología,31,Masculino,8,1941,Administración,9.74,96
3712,Daniela Morales,Psicología,31,Masculino,8,3996,Base de Datos,6.47,87
3712,Daniela Morales,Psicología,31,Masculino,8,4380,Contabilidad,7.91,70
3713,Pedro López,Administración,23,Masculino,9,1655,Python,5.52,63
3713,Pedro López,Administración,23,Masculino,9,2038,Administración,9.91,97
3713,Pedro López,Administración,23,Masculino,9,3461,Auditoría,6.31,88
3714,Sofía Morales,Educación,24,Masculino,8,3786,Contabilidad,5.81,68
3715,Pedro Gómez,Psicología,28,Masculino,9,566,Base de Datos,7.57,89
3715,Pedro Gómez,Psicología,28,Masculino,9,1165,Auditoría,7.95,74
3715,Pedro Gómez,Psicología,28,Masculino,9,1600,Contabilidad,8.85,80
3716,Pedro Torres,Derecho,32,Masculino,4,2314,Contabilidad,6.88,98
3716,Pedro Torres,Derecho,32,Masculino,4,4462,Inglés,8.5,85
3717,Pedro Vega,Contabilidad,21,Masculino,2,2710,Administración,5.93,74
3718,María Torres,Educación,34,Masculino,4,1449,Investigación,7.21,98
3719,María Ruiz,Administración,21,Masculino,6,2128,Python,9.69,63
3720,Carlos Ramírez,Educación,20,Femenino,6,1564,Programación,9.53,96
3720,Carlos Ramírez,Educación,20,Femenino,6,2153,Programación,6.64,72
3720,Carlos Ramírez,Educación,20,Femenino,6,2780,Base de Datos,9.24,66
3721,Ana Morales,Derecho,33,Femenino,2,3653,Programación,9.4,74
3722,Ana Morales,Educación,29,Masculino,1,2602,Programación,8.56,76
3723,Andrés Vega,Sistemas,26,Masculino,2,1034,Administración,7.8,99
3723,Andrés Vega,Sistemas,26,Masculino,2,3495,Base de Datos,5.35,81
3724,Sofía Torres,Derecho,32,Femenino,2,2761,Inglés,9.24,67
3724,Sofía Torres,Derecho,32,Femenino,2,4903,Programación,7.89,71
3728,Pedro Díaz,Educación,30,Femenino,3,3238,Investigación,5.24,78
3728,Pedro Díaz,Educación,30,Femenino,3,3652,Inglés,9.6,69
3730,Daniela López,Contabilidad,34,Masculino,6,3836,Auditoría,8.47,77
3731,Camila López,Psicología,26,Femenino,1,693,Matemáticas,7.61,82
3731,Camila López,Psicología,26,Femenino,1,1285,Auditoría,7.26,99
3736,José Vega,Contabilidad,27,Femenino,5,1551,Auditoría,9.65,99
3736,José Vega,Contabilidad,27,Femenino,5,3785,Contabilidad,5.99,98
3738,Pedro Ramírez,Administración,27,Femenino,9,4384,Estadística,9.45,78
3740,José Ruiz,Psicología,18,Femenino,5,126,Base de Datos,9.01,93
3740,José Ruiz,Psicología,18,Femenino,5,3197,Auditoría,7.88,87
3740,José Ruiz,Psicología,18,Femenino,5,4850,Programación,7.56,76
3742,Camila Torres,Sistemas,19,Masculino,7,231,Programación,5.72,72
3742,Camila Torres,Sistemas,19,Masculino,7,1002,Contabilidad,6.32,63
3743,Carlos Ramírez,Sistemas,30,Femenino,5,3372,Contabilidad,5.1,72
3745,Andrés Castillo,Contabilidad,34,Masculino,4,412,Estadística,5.55,91
3745,Andrés Castillo,Contabilidad,34,Masculino,4,2006,Estadística,9.87,99
3745,Andrés Castillo,Contabilidad,34,Masculino,4,4881,Investigación,9.58,60
3746,Ana Vega,Psicología,35,Masculino,1,4394,Investigación,9.86,61
3747,Camila Ramírez,Contabilidad,35,Masculino,10,1044,Auditoría,9.78,68
3751,Pedro Gómez,Psicología,29,Masculino,1,708,Auditoría,5.86,79
3751,Pedro Gómez,Psicología,29,Masculino,1,2452,Base de Datos,7.19,82
3751,Pedro Gómez,Psicología,29,Masculino,1,3295,Administración,8.62,75
3753,María Ramírez,Psicología,27,Femenino,8,1722,Administración,5.78,94
3754,Sofía Pérez,Psicología,33,Masculino,2,3314,Inglés,8.76,76
3754,Sofía Pérez,Psicología,33,Masculino,2,3520,Contabilidad,8.84,70
3755,Andrés Ramírez,Administración,31,Masculino,1,1627,Programación,5.74,97
3756,Luis López,Derecho,29,Masculino,1,743,Administración,9.25,94
3756,Luis López,Derecho,29,Masculino,1,815,Estadística,7.9,92
3757,María Castillo,Contabilidad,27,Femenino,3,1668,Investigación,5.86,81
3759,Camila Morales,Psicología,30,Femenino,3,23,Base de Datos,6.32,75
3759,Camila Morales,Psicología,30,Femenino,3,2279,Matemáticas,5.33,77
3759,Camila Morales,Psicología,30,Femenino,3,4203,Programación,6.45,86
3761,Camila Díaz,Psicología,31,Femenino,3,630,Auditoría,6.22,74
3761,Camila Díaz,Psicología,31,Femenino,3,944,Contabilidad,6.09,79
3761,Camila Díaz,Psicología,31,Femenino,3,1027,Inglés,9.01,88
3764,Daniela Pérez,Contabilidad,33,Femenino,8,11,Programación,5.62,84
3764,Daniela Pérez,Contabilidad,33,Femenino,8,4923,Base de Datos,6.06,68
3766,Sofía López,Psicología,31,Femenino,3,519,Programación,6.71,82
3767,Luis López,Psicología,25,Femenino,1,164,Base de Datos,7.18,93
3770,Pedro Torres,Educación,23,Masculino,2,352,Administración,5.44,66
3771,Daniela López,Educación,22,Femenino,8,3552,Auditoría,7.19,97
3771,Daniela López,Educación,22,Femenino,8,4038,Administración,8.11,78
3773,Camila Vega,Contabilidad,28,Femenino,3,4908,Inglés,7.28,65
3774,Carlos Ruiz,Educación,27,Masculino,6,2381,Administración,5.72,78
3775,Carlos Díaz,Sistemas,30,Masculino,9,1212,Auditoría,9.31,90
3775,Carlos Díaz,Sistemas,30,Masculino,9,2638,Contabilidad,9.93,76
3775,Carlos Díaz,Sistemas,30,Masculino,9,3390,Administración,6.67,76
3775,Carlos Díaz,Sistemas,30,Masculino,9,4014,Programación,8.99,85
3776,Camila Ramírez,Contabilidad,20,Femenino,2,616,Base de Datos,8.66,82
3776,Camila Ramírez,Contabilidad,20,Femenino,2,4275,Base de Datos,8.41,81
3777,Ana Díaz,Sistemas,34,Masculino,6,2785,Estadística,8.73,75
3778,José Ruiz,Sistemas,26,Femenino,8,2845,Programación,5.92,87
3780,Camila Torres,Contabilidad,32,Femenino,2,3300,Programación,8.21,98
3780,Camila Torres,Contabilidad,32,Femenino,2,4489,Inglés,8.05,91
3781,Daniela Gómez,Contabilidad,27,Femenino,4,228,Estadística,8.24,69
3785,Luis López,Administración,34,Masculino,7,221,Investigación,5.27,93
3785,Luis López,Administración,34,Masculino,7,3636,Matemáticas,9.51,63
3789,Luis Díaz,Administración,21,Femenino,5,1852,Base de Datos,6.2,79
3790,Pedro Díaz,Educación,24,Femenino,4,56,Matemáticas,9.37,64
3792,Pedro Ramírez,Administración,27,Femenino,7,2854,Programación,7.3,63
3794,Carlos Ruiz,Derecho,20,Femenino,4,2626,Estadística,9.43,65
3794,Carlos Ruiz,Derecho,20,Femenino,4,4587,Inglés,6.09,85
3795,María Morales,Administración,26,Femenino,7,3890,Contabilidad,8.49,84
3795,María Morales,Administración,26,Femenino,7,4693,Auditoría,7.2,67
3796,José Díaz,Sistemas,18,Masculino,2,4028,Base de Datos,7.08,63
3798,María Ruiz,Sistemas,35,Masculino,6,4099,Investigación,8.92,80
3798,María Ruiz,Sistemas,35,Masculino,6,4116,Auditoría,7.86,80
3798,María Ruiz,Sistemas,35,Masculino,6,4202,Base de Datos,5.31,63
3799,Carlos Gómez,Educación,20,Femenino,9,2406,Investigación,6.38,88
3800,José Castillo,Administración,27,Femenino,5,3820,Python,8.24,74
3801,Andrés Vega,Contabilidad,32,Femenino,8,2875,Investigación,9.07,69
3801,Andrés Vega,Contabilidad,32,Femenino,8,3284,Contabilidad,9.13,88
3803,Camila Vega,Administración,34,Masculino,10,1858,Inglés,7.8,87
3803,Camila Vega,Administración,34,Masculino,10,2151,Investigación,9.4,99
3804,Ana Torres,Administración,20,Femenino,10,282,Contabilidad,8.25,67
3804,Ana Torres,Administración,20,Femenino,10,1685,Python,9.3,64
3804,Ana Torres,Administración,20,Femenino,10,4437,Python,6.02,70
3806,Andrés Vega,Administración,32,Masculino,8,125,Python,7.79,67
3808,Camila Gómez,Contabilidad,24,Femenino,8,2089,Programación,7.04,90
3809,Carlos Vega,Derecho,34,Masculino,2,1560,Programación,5.39,99
3809,Carlos Vega,Derecho,34,Masculino,2,2650,Estadística,5.43,66
3810,Carlos López,Educación,18,Masculino,9,154,Contabilidad,8.83,70
3812,Sofía López,Psicología,33,Masculino,5,4138,Programación,5.61,99
3816,Camila Gómez,Educación,28,Masculino,8,3840,Investigación,5.88,60
3818,Luis Gómez,Psicología,25,Masculino,1,608,Estadística,9.01,90
3819,María Vega,Administración,33,Femenino,3,3148,Administración,8.64,73
3821,Sofía Pérez,Educación,34,Femenino,9,4027,Inglés,6.86,73
3822,Luis Vega,Educación,21,Masculino,5,2848,Investigación,9.81,89
3822,Luis Vega,Educación,21,Masculino,5,2969,Python,9.83,90
3823,Camila Pérez,Administración,27,Masculino,8,4016,Programación,6.77,98
3827,Camila López,Psicología,19,Masculino,6,2731,Inglés,7.18,85
3827,Camila López,Psicología,19,Masculino,6,4230,Investigación,7.67,64
3828,Andrés Díaz,Derecho,20,Femenino,5,4826,Administración,8.7,72
3829,Daniela López,Sistemas,28,Femenino,7,2166,Auditoría,8.46,97
3829,Daniela López,Sistemas,28,Femenino,7,2962,Matemáticas,5.66,60
3829,Daniela López,Sistemas,28,Femenino,7,4289,Python,5.22,63
3829,Daniela López,Sistemas,28,Femenino,7,4684,Estadística,9.57,62
3835,Camila López,Contabilidad,23,Masculino,7,29,Programación,6.26,95
3835,Camila López,Contabilidad,23,Masculino,7,1919,Base de Datos,5.45,93
3836,José Castillo,Sistemas,31,Masculino,1,2777,Investigación,5.94,66
3839,Ana Díaz,Sistemas,19,Masculino,9,3674,Matemáticas,9.34,68
3840,Andrés Pérez,Administración,33,Masculino,1,2216,Inglés,6.7,65
3840,Andrés Pérez,Administración,33,Masculino,1,2453,Programación,6.43,87
3840,Andrés Pérez,Administración,33,Masculino,1,3125,Auditoría,5.78,82
3842,Carlos Vega,Sistemas,26,Femenino,5,363,Inglés,8.16,77
3842,Carlos Vega,Sistemas,26,Femenino,5,3629,Inglés,5.55,74
3842,Carlos Vega,Sistemas,26,Femenino,5,4054,Contabilidad,7.89,95
3849,María Pérez,Educación,31,Masculino,2,1821,Inglés,7.81,70
3850,Pedro Castillo,Educación,19,Masculino,5,201,Contabilidad,5.16,78
3852,Daniela López,Psicología,33,Femenino,6,3048,Base de Datos,7.42,71
3855,María Pérez,Psicología,18,Masculino,6,213,Programación,8.26,77
3855,María Pérez,Psicología,18,Masculino,6,1515,Matemáticas,9.74,69
3855,María Pérez,Psicología,18,Masculino,6,3122,Estadística,9.97,60
3855,María Pérez,Psicología,18,Masculino,6,3357,Inglés,5.82,64
3856,María Vega,Educación,31,Masculino,3,2986,Contabilidad,8.11,70
3857,Andrés Torres,Derecho,22,Femenino,5,2309,Inglés,7.11,99
3857,Andrés Torres,Derecho,22,Femenino,5,3156,Auditoría,8.16,91
3857,Andrés Torres,Derecho,22,Femenino,5,3213,Programación,8.43,73
3858,Carlos Pérez,Contabilidad,20,Masculino,4,558,Programación,9.01,73
3858,Carlos Pérez,Contabilidad,20,Masculino,4,1914,Administración,9.98,98
3859,Luis Ruiz,Sistemas,29,Femenino,8,776,Estadística,5.08,64
3859,Luis Ruiz,Sistemas,29,Femenino,8,1662,Auditoría,7.42,87
3860,Carlos Pérez,Contabilidad,26,Masculino,1,1884,Investigación,9.63,81
3861,Ana Ramírez,Educación,26,Masculino,10,4075,Base de Datos,5.16,78
3862,María Torres,Contabilidad,29,Masculino,9,1234,Auditoría,6.72,71
3862,María Torres,Contabilidad,29,Masculino,9,4226,Matemáticas,7.66,91
3865,Sofía Vega,Derecho,22,Femenino,5,3140,Administración,6.51,67
3866,Sofía Morales,Administración,23,Masculino,6,4224,Auditoría,5.98,75
3869,Luis Gómez,Psicología,19,Masculino,4,4945,Estadística,7.07,65
3870,José Morales,Psicología,31,Masculino,7,1995,Base de Datos,8.11,78
3870,José Morales,Psicología,31,Masculino,7,3214,Investigación,9.16,75
3872,Pedro Ramírez,Educación,23,Masculino,3,1749,Estadística,8.27,78
3872,Pedro Ramírez,Educación,23,Masculino,3,2809,Estadística,5.23,61
3875,Andrés Ruiz,Sistemas,18,Femenino,8,1240,Python,5.88,91
3875,Andrés Ruiz,Sistemas,18,Femenino,8,4393,Base de Datos,6.99,67
3877,Daniela López,Administración,28,Masculino,1,1568,Auditoría,5.85,63
3877,Daniela López,Administración,28,Masculino,1,4096,Python,6.82,85
3878,Daniela López,Psicología,32,Masculino,4,1989,Estadística,7.47,82
3878,Daniela López,Psicología,32,Masculino,4,2052,Python,8.73,95
3879,Ana Ramírez,Administración,23,Masculino,2,2391,Administración,8.79,85
3879,Ana Ramírez,Administración,23,Masculino,2,3135,Matemáticas,5.84,74
3880,María Vega,Derecho,19,Femenino,2,153,Estadística,7.82,73
3881,Pedro Ramírez,Administración,23,Masculino,1,2865,Python,9.16,88
3881,Pedro Ramírez,Administración,23,Masculino,1,2906,Programación,6.76,99
3881,Pedro Ramírez,Administración,23,Masculino,1,3772,Matemáticas,6.12,60
3881,Pedro Ramírez,Administración,23,Masculino,1,4251,Investigación,5.04,83
3882,José Díaz,Educación,26,Femenino,2,1418,Base de Datos,5.82,74
3883,Daniela Gómez,Psicología,23,Masculino,8,1106,Base de Datos,7.67,68
3883,Daniela Gómez,Psicología,23,Masculino,8,1724,Contabilidad,9.85,96
3884,Ana Ramírez,Contabilidad,27,Masculino,7,941,Base de Datos,8.24,98
3885,Ana Torres,Administración,27,Femenino,3,4429,Investigación,9.62,70
3886,Carlos Díaz,Administración,20,Femenino,1,4720,Administración,7.37,65
3887,Carlos Díaz,Administración,24,Femenino,2,990,Base de Datos,6.03,100
3887,Carlos Díaz,Administración,24,Femenino,2,2215,Matemáticas,7.58,95
3887,Carlos Díaz,Administración,24,Femenino,2,3142,Administración,6.56,93
3887,Carlos Díaz,Administración,24,Femenino,2,3569,Base de Datos,9.24,71
3888,Carlos Pérez,Psicología,26,Femenino,8,1584,Contabilidad,5.73,87
3889,Daniela Torres,Derecho,18,Masculino,3,1787,Administración,8.49,71
3889,Daniela Torres,Derecho,18,Masculino,3,3906,Investigación,7.54,75
3890,Pedro Díaz,Contabilidad,21,Masculino,3,4834,Administración,8.57,94
3891,Daniela Morales,Sistemas,32,Femenino,9,507,Python,6.84,67
3891,Daniela Morales,Sistemas,32,Femenino,9,3883,Contabilidad,7.72,65
3893,Andrés Díaz,Sistemas,30,Masculino,3,2355,Programación,7.07,72
3893,Andrés Díaz,Sistemas,30,Masculino,3,3190,Base de Datos,7.34,80
3893,Andrés Díaz,Sistemas,30,Masculino,3,4847,Auditoría,8.1,88
3894,Luis Gómez,Psicología,21,Femenino,9,1518,Estadística,6.76,89
3894,Luis Gómez,Psicología,21,Femenino,9,1844,Investigación,6.05,64
3894,Luis Gómez,Psicología,21,Femenino,9,2063,Auditoría,5.66,68
3896,Sofía Vega,Derecho,26,Femenino,9,637,Contabilidad,5.23,64
3898,Daniela Morales,Sistemas,18,Femenino,5,3549,Programación,6.57,98
3899,Daniela Castillo,Sistemas,34,Masculino,8,1169,Auditoría,8.0,94
3900,Andrés Gómez,Psicología,21,Masculino,8,633,Python,8.18,70
3900,Andrés Gómez,Psicología,21,Masculino,8,1754,Estadística,6.87,96
3901,José Ruiz,Psicología,22,Masculino,7,694,Estadística,7.19,88
3901,José Ruiz,Psicología,22,Masculino,7,1267,Inglés,9.87,94
3902,José Pérez,Sistemas,30,Masculino,7,2787,Programación,7.26,76
3903,Sofía Torres,Administración,28,Masculino,5,2891,Administración,8.8,75
3904,Andrés Castillo,Psicología,31,Femenino,8,3481,Inglés,6.61,79
3906,Andrés Morales,Contabilidad,26,Femenino,3,2802,Contabilidad,9.26,75
3907,Carlos Pérez,Administración,20,Masculino,4,2448,Auditoría,5.64,60
3907,Carlos Pérez,Administración,20,Masculino,4,4208,Investigación,6.35,90
3909,María López,Sistemas,19,Masculino,1,1971,Inglés,8.46,98
3910,Andrés Vega,Derecho,25,Femenino,7,3344,Inglés,5.49,63
3911,Daniela López,Psicología,21,Masculino,1,2609,Administración,8.26,85
3912,Andrés Vega,Psicología,20,Masculino,5,549,Administración,9.68,60
3913,Luis Morales,Sistemas,18,Masculino,7,4486,Matemáticas,7.7,71
3914,Sofía Torres,Administración,22,Femenino,4,3921,Programación,9.95,64
3916,Ana Morales,Sistemas,35,Femenino,5,4535,Python,6.36,68
3917,Andrés Gómez,Psicología,31,Femenino,5,1612,Investigación,7.02,64
3919,Sofía Vega,Contabilidad,25,Masculino,7,518,Programación,6.88,71
3919,Sofía Vega,Contabilidad,25,Masculino,7,1228,Programación,5.16,82
3920,Luis Gómez,Educación,25,Femenino,2,1694,Auditoría,9.36,73
3920,Luis Gómez,Educación,25,Femenino,2,2577,Estadística,5.57,87
3920,Luis Gómez,Educación,25,Femenino,2,3877,Auditoría,7.97,91
3921,Luis Vega,Sistemas,28,Masculino,10,3991,Base de Datos,5.84,97
3922,Andrés Díaz,Educación,26,Femenino,9,3154,Investigación,5.22,76
3922,Andrés Díaz,Educación,26,Femenino,9,3802,Python,5.21,74
3922,Andrés Díaz,Educación,26,Femenino,9,4818,Administración,6.14,82
3924,José Pérez,Sistemas,29,Masculino,6,604,Matemáticas,8.48,73
3924,José Pérez,Sistemas,29,Masculino,6,5000,Programación,6.34,68
3925,María Castillo,Derecho,31,Masculino,8,670,Administración,5.89,85
3925,María Castillo,Derecho,31,Masculino,8,844,Python,5.44,84
3925,María Castillo,Derecho,31,Masculino,8,1478,Inglés,8.99,68
3926,Camila Morales,Psicología,26,Femenino,10,681,Auditoría,7.0,92
3927,José Morales,Derecho,32,Masculino,1,1678,Estadística,7.26,75
3928,Luis Pérez,Psicología,22,Femenino,1,4033,Estadística,6.76,72
3929,Carlos Vega,Sistemas,34,Masculino,3,2410,Contabilidad,8.47,66
3930,María Vega,Derecho,27,Masculino,3,2460,Inglés,7.58,94
3930,María Vega,Derecho,27,Masculino,3,3378,Auditoría,7.35,62
3931,Pedro Torres,Sistemas,34,Femenino,9,1939,Inglés,8.14,77
3932,Luis Ramírez,Contabilidad,28,Masculino,8,4129,Python,5.5,76
3934,Carlos López,Contabilidad,32,Masculino,1,2493,Contabilidad,6.41,65
3936,Camila Gómez,Psicología,21,Femenino,2,511,Base de Datos,7.62,99
3936,Camila Gómez,Psicología,21,Femenino,2,1058,Auditoría,7.85,86
3937,Carlos Díaz,Contabilidad,18,Femenino,7,1753,Auditoría,7.18,76
3939,Ana Castillo,Derecho,31,Masculino,1,3459,Inglés,9.29,72
3939,Ana Castillo,Derecho,31,Masculino,1,4279,Estadística,7.19,94
3940,Luis Torres,Psicología,25,Masculino,8,2315,Estadística,6.67,90
3941,Luis Pérez,Sistemas,23,Masculino,3,3057,Contabilidad,5.48,67
3942,Sofía Morales,Sistemas,29,Masculino,3,1976,Base de Datos,8.25,87
3943,Ana Castillo,Psicología,29,Masculino,8,4520,Auditoría,7.42,63
3943,Ana Castillo,Psicología,29,Masculino,8,4855,Auditoría,8.52,90
3945,Pedro Pérez,Contabilidad,23,Masculino,8,1479,Base de Datos,8.14,94
3946,Pedro López,Educación,27,Femenino,1,1162,Base de Datos,6.1,86
3948,Camila Ramírez,Educación,24,Femenino,8,1020,Administración,8.32,84
3950,Daniela Morales,Psicología,23,Masculino,6,2286,Estadística,6.68,98
3953,Pedro Torres,Administración,26,Masculino,10,1184,Base de Datos,6.85,95
3954,Daniela Morales,Psicología,32,Femenino,10,4877,Contabilidad,7.11,95
3955,José Ramírez,Derecho,20,Masculino,10,691,Estadística,6.48,65
3955,José Ramírez,Derecho,20,Masculino,10,1012,Auditoría,8.39,71
3958,Carlos Torres,Administración,28,Femenino,4,1014,Inglés,5.56,86
3959,José Pérez,Contabilidad,31,Femenino,9,623,Inglés,5.08,94
3959,José Pérez,Contabilidad,31,Femenino,9,3541,Inglés,7.07,95
3961,José Ruiz,Educación,29,Masculino,6,166,Inglés,7.18,97
3961,José Ruiz,Educación,29,Masculino,6,4148,Auditoría,8.74,64
3962,José Ruiz,Administración,18,Femenino,5,1211,Matemáticas,8.79,89
3963,José Gómez,Sistemas,21,Femenino,4,1185,Contabilidad,9.94,96
3963,José Gómez,Sistemas,21,Femenino,4,2885,Investigación,9.81,98
3964,Andrés Vega,Sistemas,34,Masculino,8,4571,Base de Datos,6.89,96
3964,Andrés Vega,Sistemas,34,Masculino,8,4939,Contabilidad,9.53,65
3967,Andrés Vega,Contabilidad,31,Masculino,7,3054,Programación,8.28,71
3967,Andrés Vega,Contabilidad,31,Masculino,7,4761,Estadística,8.86,68
3969,Ana Torres,Sistemas,23,Femenino,5,927,Programación,9.34,63
3970,María Castillo,Sistemas,23,Masculino,1,1805,Programación,6.39,89
3971,Luis Morales,Sistemas,27,Femenino,1,3775,Administración,8.02,94
3972,María Ramírez,Administración,21,Femenino,1,2050,Inglés,5.65,92
3972,María Ramírez,Administración,21,Femenino,1,2259,Inglés,5.34,95
3973,Ana López,Administración,19,Masculino,2,1575,Base de Datos,9.0,62
3973,Ana López,Administración,19,Masculino,2,2862,Auditoría,8.44,67
3974,Sofía Ramírez,Psicología,19,Masculino,2,1657,Programación,5.58,75
3974,Sofía Ramírez,Psicología,19,Masculino,2,1980,Inglés,5.1,88
3974,Sofía Ramírez,Psicología,19,Masculino,2,4697,Inglés,7.86,75
3976,Luis López,Sistemas,33,Masculino,10,747,Administración,9.47,63
3976,Luis López,Sistemas,33,Masculino,10,1313,Inglés,7.8,94
3977,Daniela Vega,Derecho,19,Masculino,7,49,Matemáticas,7.7,96
3981,María Díaz,Psicología,23,Masculino,1,1862,Python,5.28,65
3981,María Díaz,Psicología,23,Masculino,1,2348,Inglés,8.78,98
3983,Ana Ramírez,Administración,32,Masculino,4,1709,Auditoría,8.33,93
3984,Daniela Gómez,Derecho,21,Femenino,1,2653,Matemáticas,8.51,90
3984,Daniela Gómez,Derecho,21,Femenino,1,2945,Contabilidad,5.39,68
3986,María Ruiz,Psicología,30,Femenino,8,4068,Inglés,9.64,85
3987,Daniela Gómez,Psicología,24,Femenino,6,63,Base de Datos,5.95,73
3987,Daniela Gómez,Psicología,24,Femenino,6,1242,Contabilidad,6.25,96
3987,Daniela Gómez,Psicología,24,Femenino,6,1528,Estadística,7.96,89
3987,Daniela Gómez,Psicología,24,Femenino,6,3675,Administración,8.05,99
3988,María Pérez,Derecho,31,Masculino,1,1972,Contabilidad,8.09,99
3989,Carlos Castillo,Psicología,18,Femenino,6,1149,Inglés,9.44,60
3992,Carlos Gómez,Derecho,19,Femenino,10,3498,Contabilidad,6.12,66
3993,Pedro Vega,Contabilidad,32,Femenino,7,3752,Python,6.77,66
3994,Daniela Pérez,Derecho,32,Femenino,2,1250,Inglés,9.45,84
3994,Daniela Pérez,Derecho,32,Femenino,2,1985,Investigación,7.43,97
3994,Daniela Pérez,Derecho,32,Femenino,2,2389,Investigación,6.5,70
3995,Pedro Ruiz,Educación,21,Masculino,10,171,Matemáticas,6.77,76
3997,Pedro Castillo,Administración,30,Masculino,1,1986,Matemáticas,8.57,93
3998,Daniela Pérez,Administración,24,Femenino,1,248,Programación,5.18,64
4000,Sofía Vega,Administración,22,Femenino,9,141,Matemáticas,6.36,91
4000,Sofía Vega,Administración,22,Femenino,9,1357,Auditoría,9.1,66
4000,Sofía Vega,Administración,22,Femenino,9,2640,Python,6.82,78
4000,Sofía Vega,Administración,22,Femenino,9,3620,Contabilidad,8.0,100
4001,José Vega,Sistemas,25,Masculino,1,3035,Python,6.85,78
4001,José Vega,Sistemas,25,Masculino,1,3218,Auditoría,5.13,98
4003,Camila López,Sistemas,22,Masculino,6,2230,Python,5.93,64
4003,Camila López,Sistemas,22,Masculino,6,2415,Estadística,7.59,97
4003,Camila López,Sistemas,22,Masculino,6,3766,Auditoría,7.35,61
4006,Andrés Gómez,Sistemas,18,Femenino,1,1629,Python,7.36,99
4006,Andrés Gómez,Sistemas,18,Femenino,1,4661,Base de Datos,7.12,62
4008,Daniela Vega,Psicología,31,Masculino,6,3863,Estadística,6.63,83
4009,Daniela López,Psicología,28,Femenino,2,4832,Base de Datos,5.15,95
4011,Luis Torres,Administración,29,Femenino,9,972,Estadística,5.65,87
4011,Luis Torres,Administración,29,Femenino,9,3700,Administración,9.53,63
4011,Luis Torres,Administración,29,Femenino,9,3958,Auditoría,5.54,87
4011,Luis Torres,Administración,29,Femenino,9,4239,Matemáticas,8.98,81
4012,Luis Díaz,Contabilidad,26,Masculino,7,236,Base de Datos,7.23,90
4014,Ana Torres,Contabilidad,27,Femenino,6,1327,Programación,8.12,97
4014,Ana Torres,Contabilidad,27,Femenino,6,1422,Administración,9.33,75
4015,José Morales,Derecho,32,Masculino,1,1314,Matemáticas,7.83,94
4015,José Morales,Derecho,32,Masculino,1,4791,Inglés,6.7,61
4016,Camila Gómez,Derecho,21,Masculino,8,3056,Investigación,7.99,94
4018,Pedro Castillo,Educación,33,Masculino,8,859,Python,5.45,74
4018,Pedro Castillo,Educación,33,Masculino,8,2425,Administración,7.61,82
4019,Ana López,Sistemas,33,Femenino,5,1079,Auditoría,7.75,64
4019,Ana López,Sistemas,33,Femenino,5,1820,Programación,8.43,96
4019,Ana López,Sistemas,33,Femenino,5,3651,Auditoría,6.25,100
4020,María Vega,Sistemas,23,Femenino,5,4555,Base de Datos,7.5,74
4022,Pedro Pérez,Administración,23,Femenino,5,188,Estadística,9.36,96
4022,Pedro Pérez,Administración,23,Femenino,5,2243,Inglés,7.31,62
4022,Pedro Pérez,Administración,23,Femenino,5,3769,Inglés,8.01,77
4023,Pedro Vega,Derecho,22,Femenino,3,672,Auditoría,8.91,80
4025,Pedro Castillo,Administración,18,Femenino,7,4829,Auditoría,8.67,65
4026,María Torres,Derecho,20,Masculino,6,1330,Estadística,7.34,100
4026,María Torres,Derecho,20,Masculino,6,2318,Investigación,9.63,85
4027,María Vega,Derecho,33,Femenino,3,2077,Python,6.7,71
4029,Daniela Ruiz,Sistemas,31,Masculino,5,1604,Matemáticas,8.05,71
4030,Andrés Vega,Derecho,25,Masculino,1,1276,Inglés,6.5,87
4031,Camila Díaz,Administración,26,Masculino,6,1286,Matemáticas,6.6,69
4031,Camila Díaz,Administración,26,Masculino,6,1605,Estadística,5.72,87
4031,Camila Díaz,Administración,26,Masculino,6,4669,Contabilidad,6.0,85
4033,Sofía Morales,Educación,20,Femenino,10,3805,Python,8.35,86
4034,Daniela Morales,Contabilidad,18,Femenino,4,1225,Auditoría,9.34,91
4034,Daniela Morales,Contabilidad,18,Femenino,4,4983,Estadística,8.82,72
4035,Camila Morales,Derecho,19,Femenino,9,3797,Investigación,7.73,93
4036,Sofía Ramírez,Derecho,28,Femenino,5,284,Estadística,5.49,94
4036,Sofía Ramírez,Derecho,28,Femenino,5,4332,Matemáticas,5.67,80
4038,José Torres,Administración,33,Masculino,7,4692,Matemáticas,8.24,72
4043,Ana Castillo,Administración,35,Femenino,2,3101,Contabilidad,7.06,81
4043,Ana Castillo,Administración,35,Femenino,2,4052,Estadística,5.4,89
4044,José Castillo,Psicología,30,Masculino,1,1290,Matemáticas,6.71,79
4044,José Castillo,Psicología,30,Masculino,1,2794,Programación,7.17,63
4045,Camila Torres,Sistemas,31,Masculino,4,1998,Contabilidad,6.17,95
4046,Sofía Torres,Administración,18,Masculino,7,2760,Auditoría,5.24,79
4047,Sofía Vega,Sistemas,21,Femenino,3,2751,Inglés,5.23,77
4047,Sofía Vega,Sistemas,21,Femenino,3,3733,Administración,9.51,63
4047,Sofía Vega,Sistemas,21,Femenino,3,4493,Python,8.95,94
4048,Pedro Castillo,Derecho,20,Masculino,7,1000,Base de Datos,9.75,92
4049,Andrés Pérez,Sistemas,32,Femenino,1,1903,Estadística,6.12,73
4050,María Gómez,Derecho,24,Femenino,1,123,Investigación,6.22,60
4050,María Gómez,Derecho,24,Femenino,1,1196,Inglés,5.05,93
4053,Pedro Ruiz,Administración,21,Femenino,3,745,Contabilidad,6.61,78
4054,Sofía Castillo,Derecho,31,Masculino,9,2194,Inglés,6.34,85
4056,José Pérez,Administración,29,Femenino,2,2386,Contabilidad,8.52,84
4056,José Pérez,Administración,29,Femenino,2,3955,Inglés,9.67,95
4058,Carlos Ramírez,Administración,35,Masculino,3,723,Programación,7.55,96
4058,Carlos Ramírez,Administración,35,Masculino,3,3610,Matemáticas,7.86,99
4058,Carlos Ramírez,Administración,35,Masculino,3,3722,Auditoría,8.53,90
4060,José Ruiz,Derecho,19,Masculino,7,2131,Administración,7.59,62
4060,José Ruiz,Derecho,19,Masculino,7,2467,Investigación,5.85,67
4062,Carlos Vega,Educación,27,Femenino,4,665,Auditoría,8.08,89
4062,Carlos Vega,Educación,27,Femenino,4,1792,Administración,8.52,95
4063,Sofía Ramírez,Contabilidad,29,Masculino,8,2169,Matemáticas,9.6,100
4063,Sofía Ramírez,Contabilidad,29,Masculino,8,2548,Base de Datos,7.3,71
4065,Pedro Ramírez,Contabilidad,31,Masculino,3,839,Python,6.91,87
4065,Pedro Ramírez,Contabilidad,31,Masculino,3,2905,Matemáticas,9.16,96
4065,Pedro Ramírez,Contabilidad,31,Masculino,3,3901,Administración,8.97,87
4068,María Ruiz,Sistemas,26,Femenino,9,4463,Matemáticas,9.5,93
4069,Sofía Pérez,Psicología,25,Masculino,3,3793,Estadística,9.63,68
4070,Camila López,Administración,24,Masculino,1,3049,Contabilidad,5.66,100
4071,Carlos López,Contabilidad,20,Masculino,3,4691,Investigación,8.92,93
4071,Carlos López,Contabilidad,20,Masculino,3,4920,Python,8.55,61
4072,Camila Díaz,Contabilidad,19,Masculino,10,1488,Matemáticas,6.86,79
4074,Pedro Ruiz,Psicología,35,Femenino,4,3526,Base de Datos,8.78,72
4075,Sofía López,Administración,24,Masculino,5,1029,Python,5.51,86
4075,Sofía López,Administración,24,Masculino,5,3749,Investigación,5.79,95
4076,María Morales,Administración,31,Masculino,1,2633,Estadística,9.02,69
4078,Carlos Castillo,Contabilidad,20,Masculino,10,995,Matemáticas,8.05,76
4078,Carlos Castillo,Contabilidad,20,Masculino,10,1609,Base de Datos,8.26,60
4078,Carlos Castillo,Contabilidad,20,Masculino,10,4595,Estadística,6.07,80
4080,Sofía Ruiz,Administración,19,Masculino,3,3628,Matemáticas,5.64,62
4081,María Ramírez,Derecho,24,Masculino,8,4590,Auditoría,8.58,67
4083,Luis Pérez,Derecho,23,Femenino,2,229,Contabilidad,7.54,77
4083,Luis Pérez,Derecho,23,Femenino,2,1291,Administración,7.32,62
4086,Luis Ramírez,Contabilidad,25,Femenino,3,488,Contabilidad,7.49,65
4086,Luis Ramírez,Contabilidad,25,Femenino,3,1235,Investigación,6.05,83
4087,Pedro Castillo,Derecho,28,Masculino,9,1045,Python,7.65,63
4087,Pedro Castillo,Derecho,28,Masculino,9,2048,Investigación,9.98,91
4088,Pedro Castillo,Derecho,21,Masculino,1,1220,Matemáticas,6.17,75
4088,Pedro Castillo,Derecho,21,Masculino,1,2635,Estadística,7.27,70
4088,Pedro Castillo,Derecho,21,Masculino,1,2828,Base de Datos,7.33,69
4089,Sofía Morales,Sistemas,32,Masculino,1,3751,Investigación,7.18,70
4091,Carlos Castillo,Sistemas,24,Masculino,2,614,Programación,8.27,81
4092,Luis Díaz,Educación,25,Femenino,6,2671,Administración,5.57,86
4093,Ana Díaz,Sistemas,26,Masculino,3,773,Auditoría,5.36,60
4095,Ana Vega,Derecho,33,Femenino,3,3105,Administración,9.8,75
4095,Ana Vega,Derecho,33,Femenino,3,3523,Estadística,6.67,99
4096,José Ramírez,Psicología,22,Femenino,5,4863,Python,6.96,70
4097,Carlos Torres,Sistemas,34,Masculino,5,501,Python,5.23,68
4097,Carlos Torres,Sistemas,34,Masculino,5,1492,Base de Datos,5.95,90
4097,Carlos Torres,Sistemas,34,Masculino,5,2915,Contabilidad,7.0,63
4098,Camila Vega,Sistemas,23,Masculino,5,2620,Matemáticas,6.57,85
4099,Andrés Ramírez,Derecho,19,Femenino,8,346,Programación,9.17,82
4099,Andrés Ramírez,Derecho,19,Femenino,8,1866,Estadística,7.61,97
4099,Andrés Ramírez,Derecho,19,Femenino,8,2122,Inglés,5.85,72
4100,Pedro Ruiz,Administración,24,Masculino,3,690,Base de Datos,6.72,61
4100,Pedro Ruiz,Administración,24,Masculino,3,2094,Matemáticas,8.91,69
4101,Sofía Ruiz,Psicología,31,Femenino,2,33,Base de Datos,7.54,66
4102,Camila Ruiz,Sistemas,23,Femenino,8,2881,Programación,6.05,93
4108,María Díaz,Educación,29,Masculino,10,3220,Python,8.05,85
4108,María Díaz,Educación,29,Masculino,10,3860,Programación,5.21,66
4108,María Díaz,Educación,29,Masculino,10,4287,Auditoría,8.94,80
4111,Pedro Torres,Contabilidad,32,Masculino,9,516,Auditoría,9.6,63
4112,Pedro López,Psicología,26,Masculino,1,1150,Base de Datos,7.2,74
4112,Pedro López,Psicología,26,Masculino,1,2489,Investigación,5.66,66
4113,Luis Torres,Administración,25,Femenino,2,2835,Programación,5.78,65
4113,Luis Torres,Administración,25,Femenino,2,3233,Administración,8.91,81
4115,Sofía Morales,Derecho,23,Femenino,1,626,Investigación,9.03,71
4116,Carlos Morales,Derecho,18,Femenino,6,1364,Matemáticas,5.77,85
4116,Carlos Morales,Derecho,18,Femenino,6,2498,Auditoría,5.91,97
4120,Camila López,Psicología,23,Masculino,3,66,Programación,5.79,92
4120,Camila López,Psicología,23,Masculino,3,396,Programación,7.09,70
4122,Ana Pérez,Derecho,18,Masculino,8,1208,Contabilidad,6.7,67
4122,Ana Pérez,Derecho,18,Masculino,8,2811,Base de Datos,8.77,66
4122,Ana Pérez,Derecho,18,Masculino,8,3355,Contabilidad,8.13,67
4123,Daniela Pérez,Contabilidad,30,Femenino,7,2601,Base de Datos,5.05,87
4124,Luis Morales,Sistemas,33,Femenino,3,1170,Estadística,5.47,68
4124,Luis Morales,Sistemas,33,Femenino,3,1766,Matemáticas,9.16,95
4125,Pedro Castillo,Administración,34,Femenino,1,1963,Python,5.57,89
4125,Pedro Castillo,Administración,34,Femenino,1,2944,Estadística,5.27,86
4126,Ana Ruiz,Contabilidad,25,Femenino,3,1696,Investigación,6.39,64
4126,Ana Ruiz,Contabilidad,25,Femenino,3,3633,Matemáticas,8.84,80
4126,Ana Ruiz,Contabilidad,25,Femenino,3,4712,Auditoría,9.82,92
4128,Carlos López,Educación,21,Masculino,4,2847,Administración,7.34,87
4128,Carlos López,Educación,21,Masculino,4,4416,Matemáticas,5.38,72
4131,Camila Castillo,Contabilidad,21,Masculino,8,543,Inglés,6.36,67
4131,Camila Castillo,Contabilidad,21,Masculino,8,1677,Python,7.13,85
4131,Camila Castillo,Contabilidad,21,Masculino,8,4940,Auditoría,8.93,95
4133,Pedro Pérez,Derecho,24,Femenino,10,2253,Administración,7.05,70
4134,José Torres,Psicología,19,Femenino,7,985,Base de Datos,5.62,62
4136,Andrés Ramírez,Sistemas,20,Femenino,10,128,Investigación,9.15,95
4136,Andrés Ramírez,Sistemas,20,Femenino,10,2064,Inglés,8.81,88
4137,Sofía Ruiz,Administración,23,Femenino,3,4335,Inglés,8.79,80
4138,Ana Torres,Contabilidad,35,Masculino,8,933,Investigación,8.18,67
4139,José Castillo,Contabilidad,20,Femenino,3,4319,Python,8.86,66
4141,Andrés Morales,Psicología,26,Femenino,10,562,Matemáticas,7.86,69
4141,Andrés Morales,Psicología,26,Femenino,10,718,Inglés,7.05,91
4142,Ana Torres,Contabilidad,27,Femenino,4,1023,Inglés,9.26,70
4142,Ana Torres,Contabilidad,27,Femenino,4,3638,Estadística,6.13,100
4145,Luis Pérez,Sistemas,28,Masculino,9,1319,Investigación,8.67,61
4145,Luis Pérez,Sistemas,28,Masculino,9,2644,Inglés,6.31,62
4147,Pedro Castillo,Administración,28,Masculino,1,3530,Programación,6.48,95
4148,Sofía López,Derecho,35,Masculino,5,1886,Estadística,6.76,98
4148,Sofía López,Derecho,35,Masculino,5,3889,Inglés,5.35,71
4151,María Ramírez,Sistemas,30,Femenino,2,1822,Python,6.96,91
4151,María Ramírez,Sistemas,30,Femenino,2,3092,Matemáticas,6.91,91
4153,Pedro Ramírez,Administración,30,Masculino,7,3423,Administración,7.39,92
4154,Andrés Gómez,Contabilidad,27,Masculino,9,3201,Estadística,7.1,77
4155,Camila Vega,Educación,19,Masculino,3,110,Contabilidad,8.33,80
4156,Daniela Ramírez,Educación,23,Masculino,1,2008,Estadística,5.84,67
4157,Andrés Castillo,Contabilidad,19,Femenino,9,1723,Administración,8.24,78
4157,Andrés Castillo,Contabilidad,19,Femenino,9,3583,Base de Datos,9.07,88
4157,Andrés Castillo,Contabilidad,19,Femenino,9,4479,Contabilidad,8.24,79
4158,Pedro Pérez,Contabilidad,25,Femenino,7,1650,Matemáticas,7.32,100
4158,Pedro Pérez,Contabilidad,25,Femenino,7,4483,Inglés,9.81,62
4159,Pedro Pérez,Contabilidad,19,Masculino,4,387,Programación,9.18,93
4159,Pedro Pérez,Contabilidad,19,Masculino,4,1992,Matemáticas,7.94,81
4161,Ana Morales,Derecho,32,Masculino,1,2790,Administración,5.27,77
4162,Pedro Ramírez,Educación,21,Masculino,3,3561,Investigación,5.72,94
4164,Sofía Pérez,Psicología,32,Femenino,6,3025,Investigación,6.43,84
4165,María Vega,Contabilidad,19,Femenino,8,1047,Base de Datos,8.46,71
4166,María Ruiz,Derecho,24,Femenino,3,383,Administración,5.09,79
4169,Luis Ramírez,Sistemas,26,Femenino,2,2156,Contabilidad,6.78,90
4169,Luis Ramírez,Sistemas,26,Femenino,2,4087,Contabilidad,6.47,85
4170,Andrés Morales,Educación,32,Masculino,7,4411,Contabilidad,8.13,62
4171,Pedro López,Administración,19,Masculino,7,4367,Programación,5.92,96
4173,Sofía Ruiz,Administración,34,Masculino,10,3019,Estadística,5.76,60
4174,Andrés Torres,Derecho,21,Masculino,7,4036,Matemáticas,8.15,83
4176,Ana Vega,Derecho,27,Femenino,3,4211,Base de Datos,5.55,83
4177,Pedro Ruiz,Contabilidad,23,Masculino,4,3920,Base de Datos,9.31,64
4182,Daniela López,Sistemas,29,Femenino,10,356,Estadística,7.65,72
4183,Andrés Torres,Contabilidad,25,Femenino,4,1198,Programación,8.49,99
4185,Luis Morales,Derecho,34,Masculino,7,1164,Contabilidad,5.84,81
4186,Pedro Castillo,Educación,25,Masculino,6,4573,Inglés,6.91,95
4190,Ana Ruiz,Administración,31,Femenino,1,2435,Auditoría,5.82,69
4190,Ana Ruiz,Administración,31,Femenino,1,2739,Contabilidad,7.93,78
4190,Ana Ruiz,Administración,31,Femenino,1,3935,Inglés,6.93,97
4190,Ana Ruiz,Administración,31,Femenino,1,4612,Matemáticas,5.28,72
4192,Luis Ramírez,Administración,30,Masculino,9,1439,Auditoría,9.75,84
4192,Luis Ramírez,Administración,30,Masculino,9,2031,Programación,6.56,81
4196,José Gómez,Sistemas,31,Masculino,7,3203,Base de Datos,9.61,98
4196,José Gómez,Sistemas,31,Masculino,7,4481,Programación,8.15,65
4197,Sofía Gómez,Educación,30,Masculino,3,1053,Contabilidad,9.22,95
4198,Daniela Morales,Derecho,22,Masculino,9,339,Estadística,6.73,67
4201,José Castillo,Contabilidad,24,Femenino,10,2531,Inglés,7.52,93
4201,José Castillo,Contabilidad,24,Femenino,10,4105,Auditoría,7.48,77
4204,Carlos Castillo,Administración,29,Masculino,7,2159,Administración,6.56,94
4205,Sofía Pérez,Psicología,20,Masculino,4,1209,Contabilidad,9.38,96
4206,Daniela Díaz,Administración,18,Masculino,9,1960,Estadística,7.55,86
4206,Daniela Díaz,Administración,18,Masculino,9,3699,Contabilidad,9.91,61
4206,Daniela Díaz,Administración,18,Masculino,9,4451,Base de Datos,9.58,64
4207,José Ruiz,Derecho,30,Masculino,4,2527,Estadística,5.83,92
4208,Sofía Morales,Educación,32,Masculino,3,2449,Base de Datos,8.29,69
4209,José López,Derecho,28,Masculino,5,2466,Administración,9.76,87
4211,Andrés Gómez,Educación,35,Femenino,6,2779,Administración,8.8,79
4211,Andrés Gómez,Educación,35,Femenino,6,4041,Python,8.33,95
4212,José Pérez,Administración,30,Femenino,9,1504,Estadística,6.03,82
4213,Andrés Torres,Sistemas,29,Femenino,8,4658,Estadística,5.19,61
4214,María Vega,Contabilidad,26,Femenino,7,1090,Programación,7.23,62
4214,María Vega,Contabilidad,26,Femenino,7,4603,Administración,5.92,100
4215,Carlos López,Administración,25,Femenino,1,4853,Base de Datos,9.42,98
4216,Pedro Morales,Derecho,34,Femenino,5,220,Python,8.29,94
4217,Sofía Gómez,Administración,29,Femenino,10,4865,Python,8.56,95
4217,Sofía Gómez,Administración,29,Femenino,10,4946,Base de Datos,9.89,72
4219,Sofía Vega,Derecho,23,Masculino,7,3012,Programación,9.59,87
4222,Camila Morales,Psicología,22,Masculino,4,928,Base de Datos,5.33,92
4222,Camila Morales,Psicología,22,Masculino,4,4458,Base de Datos,7.72,80
4224,Andrés Ramírez,Educación,33,Femenino,10,4704,Inglés,9.1,94
4232,Sofía Gómez,Administración,27,Masculino,1,4213,Contabilidad,8.73,61
4233,María Vega,Psicología,33,Femenino,3,4927,Base de Datos,5.8,76
4234,Andrés Ramírez,Administración,19,Femenino,6,3892,Inglés,5.87,88
4235,Pedro Castillo,Administración,22,Femenino,1,3453,Auditoría,9.94,77
4237,Carlos López,Contabilidad,25,Masculino,10,3992,Auditoría,7.65,72
4238,Daniela Morales,Derecho,21,Femenino,9,2703,Base de Datos,7.19,66
4239,Sofía Morales,Administración,35,Masculino,6,2020,Estadística,5.42,80
4241,Camila López,Educación,18,Femenino,10,2162,Auditoría,8.29,69
4242,Pedro Morales,Sistemas,34,Femenino,10,1202,Python,8.68,64
4243,Camila Ramírez,Administración,27,Masculino,5,2816,Auditoría,7.42,77
4244,María Castillo,Derecho,26,Masculino,3,4273,Base de Datos,8.12,64
4246,Camila Morales,Sistemas,18,Masculino,8,1230,Inglés,6.58,60
4248,Camila Pérez,Administración,31,Masculino,10,2233,Python,5.86,86
4248,Camila Pérez,Administración,31,Masculino,10,2329,Matemáticas,9.38,70
4249,Carlos Pérez,Administración,28,Masculino,10,3074,Matemáticas,6.81,72
4249,Carlos Pérez,Administración,28,Masculino,10,4601,Programación,7.53,96
4250,María Vega,Derecho,24,Masculino,8,4321,Base de Datos,9.15,77
4250,María Vega,Derecho,24,Masculino,8,4568,Estadística,8.33,71
4251,Ana López,Contabilidad,23,Femenino,5,2961,Contabilidad,5.81,84
4251,Ana López,Contabilidad,23,Femenino,5,4198,Contabilidad,7.22,72
4252,José Ramírez,Contabilidad,35,Masculino,5,2047,Investigación,9.36,97
4252,José Ramírez,Contabilidad,35,Masculino,5,4515,Contabilidad,9.78,95
4253,Daniela Morales,Sistemas,32,Femenino,3,1018,Programación,8.44,99
4253,Daniela Morales,Sistemas,32,Femenino,3,3466,Contabilidad,5.32,83
4255,Camila Gómez,Psicología,20,Femenino,1,2817,Python,5.74,86
4255,Camila Gómez,Psicología,20,Femenino,1,3118,Auditoría,6.26,89
4255,Camila Gómez,Psicología,20,Femenino,1,4359,Estadística,5.58,68
4258,Pedro López,Contabilidad,19,Masculino,9,814,Investigación,8.5,83
4258,Pedro López,Contabilidad,19,Masculino,9,912,Inglés,9.59,60
4258,Pedro López,Contabilidad,19,Masculino,9,1468,Inglés,7.46,71
4258,Pedro López,Contabilidad,19,Masculino,9,3303,Inglés,9.31,64
4259,Camila Vega,Sistemas,29,Femenino,9,2023,Contabilidad,7.1,95
4259,Camila Vega,Sistemas,29,Femenino,9,2864,Estadística,6.24,66
4260,Luis Gómez,Contabilidad,32,Femenino,5,107,Programación,8.43,72
4260,Luis Gómez,Contabilidad,32,Femenino,5,1811,Inglés,8.96,72
4261,Sofía Morales,Educación,29,Masculino,10,4056,Contabilidad,9.03,75
4262,Luis Morales,Sistemas,33,Femenino,1,4398,Base de Datos,8.29,95
4263,Ana Castillo,Sistemas,25,Masculino,5,992,Contabilidad,8.11,68
4263,Ana Castillo,Sistemas,25,Masculino,5,2996,Inglés,6.58,72
4264,Camila Castillo,Sistemas,35,Femenino,1,2030,Programación,6.42,65
4265,María Ruiz,Educación,35,Masculino,3,1081,Estadística,8.93,70
4265,María Ruiz,Educación,35,Masculino,3,2454,Matemáticas,6.53,65
4266,Luis Vega,Sistemas,24,Femenino,7,945,Auditoría,6.99,66
4266,Luis Vega,Sistemas,24,Femenino,7,1426,Estadística,7.26,62
4266,Luis Vega,Sistemas,24,Femenino,7,1704,Python,6.47,94
4268,Andrés Morales,Educación,26,Masculino,8,2946,Matemáticas,6.52,95
4268,Andrés Morales,Educación,26,Masculino,8,4627,Estadística,5.75,78
4270,Carlos Ruiz,Educación,28,Masculino,7,1298,Matemáticas,7.36,79
4272,Camila Morales,Administración,24,Masculino,4,2299,Administración,5.92,100
4272,Camila Morales,Administración,24,Masculino,4,4861,Matemáticas,6.19,66
4273,Sofía Ramírez,Contabilidad,26,Masculino,9,2605,Investigación,9.89,68
4274,Andrés Pérez,Derecho,33,Masculino,9,3595,Investigación,8.78,72
4275,Sofía Vega,Derecho,19,Masculino,1,2072,Matemáticas,8.75,92
4275,Sofía Vega,Derecho,19,Masculino,1,4421,Matemáticas,9.36,88
4276,Luis Ruiz,Educación,20,Femenino,4,4716,Programación,8.69,74
4277,Luis Gómez,Administración,22,Femenino,7,1172,Investigación,6.85,62
4277,Luis Gómez,Administración,22,Femenino,7,4212,Contabilidad,8.45,77
4281,Pedro Pérez,Contabilidad,32,Masculino,3,903,Investigación,9.83,90
4281,Pedro Pérez,Contabilidad,32,Masculino,3,3115,Administración,8.08,83
4283,Daniela Castillo,Contabilidad,26,Femenino,8,71,Administración,9.67,73
4283,Daniela Castillo,Contabilidad,26,Femenino,8,373,Auditoría,5.79,83
4283,Daniela Castillo,Contabilidad,26,Femenino,8,3514,Python,9.7,100
4284,Ana Vega,Educación,22,Masculino,2,2267,Estadística,6.95,79
4285,Daniela Gómez,Contabilidad,30,Masculino,10,788,Programación,8.91,76
4286,Sofía Díaz,Educación,25,Femenino,7,996,Matemáticas,6.79,86
4286,Sofía Díaz,Educación,25,Femenino,7,1645,Inglés,7.06,71
4286,Sofía Díaz,Educación,25,Femenino,7,1771,Administración,5.86,79
4286,Sofía Díaz,Educación,25,Femenino,7,2829,Contabilidad,8.12,70
4287,Daniela Morales,Derecho,22,Femenino,3,1384,Contabilidad,7.74,99
4287,Daniela Morales,Derecho,22,Femenino,3,2629,Administración,7.24,68
4288,María Díaz,Educación,30,Masculino,6,3100,Auditoría,8.8,63
4289,María Pérez,Administración,30,Masculino,9,417,Administración,5.34,93
4289,María Pérez,Administración,30,Masculino,9,3249,Auditoría,7.29,64
4290,José Pérez,Administración,29,Femenino,9,1493,Contabilidad,8.88,69
4290,José Pérez,Administración,29,Femenino,9,4501,Investigación,7.3,85
4291,Daniela Pérez,Administración,30,Femenino,1,2523,Programación,8.95,70
4292,Camila Pérez,Derecho,25,Masculino,7,3574,Contabilidad,5.1,98
4292,Camila Pérez,Derecho,25,Masculino,7,4341,Python,6.22,84
4293,Pedro López,Derecho,18,Femenino,1,619,Python,9.2,64
4294,Carlos Vega,Educación,20,Femenino,5,3204,Matemáticas,9.76,96
4295,Ana Ruiz,Psicología,21,Masculino,4,1372,Matemáticas,6.21,77
4296,Sofía Pérez,Psicología,21,Masculino,1,542,Inglés,9.45,68
4296,Sofía Pérez,Psicología,21,Masculino,1,2232,Estadística,7.27,83
4298,Sofía Castillo,Contabilidad,23,Masculino,8,3112,Inglés,5.7,95
4298,Sofía Castillo,Contabilidad,23,Masculino,8,4679,Matemáticas,9.15,90
4299,Camila Ruiz,Derecho,29,Masculino,2,1956,Estadística,6.45,87
4300,Sofía Torres,Derecho,19,Masculino,10,4554,Auditoría,6.92,97
4301,Andrés Morales,Sistemas,22,Femenino,6,2336,Investigación,8.27,87
4303,Sofía Torres,Sistemas,28,Femenino,9,1867,Contabilidad,7.48,65
4303,Sofía Torres,Sistemas,28,Femenino,9,3441,Base de Datos,5.79,60
4304,Sofía Castillo,Educación,27,Femenino,4,1741,Administración,5.33,97
4305,Andrés Gómez,Sistemas,35,Masculino,9,560,Inglés,7.64,83
4305,Andrés Gómez,Sistemas,35,Masculino,9,2887,Contabilidad,5.65,80
4306,Luis Vega,Psicología,30,Femenino,6,3474,Auditoría,8.9,96
4307,Andrés López,Contabilidad,27,Femenino,7,461,Investigación,8.85,96
4307,Andrés López,Contabilidad,27,Femenino,7,1767,Programación,8.56,67
4308,Pedro Torres,Administración,29,Masculino,2,4300,Base de Datos,5.63,63
4308,Pedro Torres,Administración,29,Masculino,2,4560,Matemáticas,9.03,71
4310,Pedro Pérez,Administración,31,Masculino,7,303,Estadística,8.73,90
4310,Pedro Pérez,Administración,31,Masculino,7,1934,Auditoría,5.9,64
4310,Pedro Pérez,Administración,31,Masculino,7,4082,Estadística,9.16,78
4311,Carlos Castillo,Psicología,31,Masculino,8,4329,Inglés,8.61,67
4315,Ana Gómez,Derecho,25,Masculino,7,1698,Estadística,7.35,94
4316,Daniela Gómez,Contabilidad,31,Masculino,6,2943,Contabilidad,6.59,94
4317,Andrés Ramírez,Psicología,19,Femenino,3,2585,Auditoría,8.88,74
4319,Sofía Díaz,Contabilidad,32,Femenino,1,4747,Inglés,8.01,64
4321,Camila Ramírez,Psicología,19,Femenino,8,2598,Contabilidad,7.35,81
4324,Pedro Gómez,Psicología,25,Masculino,6,706,Administración,7.98,99
4324,Pedro Gómez,Psicología,25,Masculino,6,2995,Python,8.04,93
4326,Andrés Pérez,Contabilidad,32,Masculino,3,4895,Matemáticas,7.7,95
4329,Sofía Díaz,Derecho,33,Masculino,4,4306,Estadística,7.0,75
4331,María Ruiz,Derecho,27,Femenino,1,4374,Base de Datos,7.04,73
4334,Daniela Ramírez,Administración,23,Masculino,9,1333,Python,8.67,79
4334,Daniela Ramírez,Administración,23,Masculino,9,1464,Estadística,7.42,98
4335,Camila Torres,Sistemas,22,Masculino,3,2051,Estadística,8.47,89
4335,Camila Torres,Sistemas,22,Masculino,3,2477,Programación,9.49,86
4335,Camila Torres,Sistemas,22,Masculino,3,4623,Inglés,9.66,72
4336,Ana Ruiz,Sistemas,26,Masculino,2,4303,Python,6.31,76
4339,Luis Ruiz,Psicología,34,Masculino,10,1759,Estadística,7.57,100
4339,Luis Ruiz,Psicología,34,Masculino,10,3758,Contabilidad,6.71,83
4339,Luis Ruiz,Psicología,34,Masculino,10,4206,Estadística,7.93,82
4341,José Díaz,Administración,30,Masculino,8,1173,Investigación,6.15,90
4342,Camila Morales,Psicología,20,Masculino,9,596,Base de Datos,6.94,76
4346,María López,Sistemas,31,Masculino,7,1085,Inglés,9.98,60
4347,Pedro Castillo,Educación,33,Masculino,8,3475,Programación,5.23,94
4347,Pedro Castillo,Educación,33,Masculino,8,3676,Python,8.38,64
4347,Pedro Castillo,Educación,33,Masculino,8,3915,Python,6.52,68
4351,Daniela Castillo,Educación,19,Masculino,8,4648,Estadística,6.71,76
4352,José Pérez,Educación,31,Femenino,6,254,Investigación,7.83,71
4353,Andrés Torres,Derecho,32,Femenino,3,1535,Contabilidad,6.95,96
4356,Camila Morales,Contabilidad,31,Masculino,5,4672,Programación,8.38,88
4360,Andrés Morales,Sistemas,28,Femenino,1,2797,Estadística,6.38,99
4361,José Ruiz,Educación,24,Masculino,7,506,Inglés,8.54,79
4361,José Ruiz,Educación,24,Masculino,7,3684,Auditoría,7.05,95
4362,Pedro Castillo,Administración,22,Masculino,4,2133,Inglés,6.58,85
4363,Sofía Castillo,Derecho,21,Masculino,2,4567,Base de Datos,8.83,85
4364,Carlos Vega,Psicología,35,Masculino,2,40,Base de Datos,5.64,90
4364,Carlos Vega,Psicología,35,Masculino,2,3286,Administración,8.81,71
4365,Camila Ruiz,Contabilidad,35,Femenino,4,3534,Administración,6.98,84
4366,José Pérez,Sistemas,20,Masculino,8,1699,Contabilidad,7.26,83
4366,José Pérez,Sistemas,20,Masculino,8,2127,Auditoría,6.26,95
4367,Pedro Torres,Administración,24,Femenino,8,1408,Estadística,5.92,69
4368,José Torres,Educación,23,Femenino,7,2331,Investigación,7.93,86
4369,Daniela Vega,Educación,33,Masculino,9,1093,Python,8.13,73
4371,Andrés Vega,Educación,33,Masculino,6,471,Estadística,7.51,70
4371,Andrés Vega,Educación,33,Masculino,6,4264,Estadística,7.8,85
4372,Andrés Castillo,Sistemas,30,Masculino,7,4005,Base de Datos,6.23,60
4373,Luis López,Educación,26,Femenino,7,1271,Contabilidad,9.54,90
4373,Luis López,Educación,26,Femenino,7,2583,Inglés,7.66,74
4374,José Ramírez,Educación,35,Femenino,7,1059,Contabilidad,9.39,87
4374,José Ramírez,Educación,35,Femenino,7,1341,Auditoría,7.22,82
4375,Ana Díaz,Psicología,31,Femenino,10,1624,Inglés,9.83,61
4376,José Ruiz,Derecho,24,Masculino,1,18,Matemáticas,5.82,84
4376,José Ruiz,Derecho,24,Masculino,1,144,Python,9.53,97
4377,Sofía Ramírez,Administración,24,Femenino,2,1485,Base de Datos,7.85,84
4377,Sofía Ramírez,Administración,24,Femenino,2,3604,Python,5.24,79
4377,Sofía Ramírez,Administración,24,Femenino,2,4893,Auditoría,7.82,85
4378,Ana Vega,Sistemas,22,Femenino,2,2914,Auditoría,6.21,93
4380,Camila Díaz,Contabilidad,32,Femenino,5,2537,Estadística,5.01,82
4381,Camila Ramírez,Educación,34,Femenino,6,2960,Inglés,7.12,96
4381,Camila Ramírez,Educación,34,Femenino,6,3337,Programación,9.36,63
4383,José Ramírez,Derecho,26,Masculino,1,3234,Administración,5.56,71
4383,José Ramírez,Derecho,26,Masculino,1,4604,Investigación,9.62,62
4385,Pedro Vega,Administración,27,Masculino,6,3962,Contabilidad,5.64,66
4387,Luis Torres,Administración,26,Femenino,5,4262,Inglés,9.64,97
4389,Carlos López,Administración,34,Femenino,9,3891,Python,6.27,67
4390,Pedro Pérez,Psicología,25,Femenino,8,1840,Matemáticas,6.44,63
4391,Ana Gómez,Derecho,18,Masculino,7,823,Administración,9.82,73
4394,Ana Díaz,Educación,19,Masculino,1,1309,Estadística,5.63,74
4395,Sofía Castillo,Educación,20,Masculino,5,2235,Investigación,7.39,64
4396,Sofía Pérez,Psicología,31,Masculino,10,780,Programación,8.08,77
4397,Daniela Ruiz,Derecho,33,Masculino,5,3444,Inglés,5.67,98
4399,Camila Morales,Psicología,26,Masculino,5,683,Auditoría,8.19,65
4399,Camila Morales,Psicología,26,Masculino,5,4237,Matemáticas,5.22,77
4403,Andrés Pérez,Administración,31,Masculino,3,1656,Base de Datos,5.79,61
4404,Sofía Castillo,Contabilidad,22,Masculino,4,2096,Investigación,9.81,95
4405,Luis Díaz,Psicología,22,Femenino,9,2222,Contabilidad,6.63,61
4406,José Ruiz,Sistemas,32,Masculino,5,1095,Investigación,8.23,64
4406,José Ruiz,Sistemas,32,Masculino,5,2250,Contabilidad,8.33,64
4406,José Ruiz,Sistemas,32,Masculino,5,3124,Inglés,6.66,63
4407,Carlos Pérez,Administración,21,Femenino,8,593,Inglés,6.2,74
4410,Pedro Castillo,Educación,34,Masculino,4,140,Programación,9.0,74
4410,Pedro Castillo,Educación,34,Masculino,4,3524,Matemáticas,6.58,79
4410,Pedro Castillo,Educación,34,Masculino,4,3531,Base de Datos,6.99,64
4411,Ana Vega,Psicología,22,Femenino,9,3560,Contabilidad,6.65,96
4411,Ana Vega,Psicología,22,Femenino,9,4769,Auditoría,9.02,75
4413,María López,Administración,31,Masculino,6,1129,Matemáticas,6.32,100
4413,María López,Administración,31,Masculino,6,1977,Matemáticas,5.43,89
4413,María López,Administración,31,Masculino,6,2112,Python,9.46,88
4414,Andrés Morales,Educación,26,Masculino,8,3396,Inglés,6.41,81
4415,Pedro Ramírez,Contabilidad,34,Masculino,2,4540,Inglés,6.4,70
4415,Pedro Ramírez,Contabilidad,34,Masculino,2,4833,Investigación,8.43,64
4415,Pedro Ramírez,Contabilidad,34,Masculino,2,4851,Investigación,9.02,96
4416,Daniela López,Educación,18,Femenino,7,1321,Investigación,5.95,91
4416,Daniela López,Educación,18,Femenino,7,2416,Estadística,8.77,73
4416,Daniela López,Educación,18,Femenino,7,3880,Estadística,7.11,97
4416,Daniela López,Educación,18,Femenino,7,4266,Matemáticas,8.99,75
4418,Andrés Gómez,Derecho,35,Masculino,5,1562,Auditoría,6.56,63
4421,María Torres,Derecho,22,Masculino,8,1272,Matemáticas,9.02,88
4422,Luis Ramírez,Psicología,34,Masculino,3,584,Matemáticas,8.77,63
4422,Luis Ramírez,Psicología,34,Masculino,3,1133,Inglés,8.27,69
4423,Carlos López,Derecho,19,Masculino,7,1720,Base de Datos,7.67,67
4423,Carlos López,Derecho,19,Masculino,7,3034,Programación,8.99,60
4424,Camila Castillo,Educación,35,Femenino,1,1846,Administración,6.0,85
4424,Camila Castillo,Educación,35,Femenino,1,4285,Inglés,6.44,93
4425,Andrés Castillo,Derecho,32,Femenino,5,1613,Matemáticas,5.02,90
4430,Andrés Ruiz,Educación,30,Masculino,7,2365,Matemáticas,6.22,70
4433,Pedro Gómez,Administración,25,Femenino,2,4238,Base de Datos,8.29,60
4435,Andrés Vega,Sistemas,22,Femenino,2,4170,Estadística,9.06,95
4436,Andrés Torres,Sistemas,33,Masculino,7,3919,Estadística,5.73,68
4436,Andrés Torres,Sistemas,33,Masculino,7,4410,Base de Datos,6.2,79
4437,Pedro Ruiz,Sistemas,21,Masculino,8,1318,Administración,7.27,100
4439,Andrés Torres,Derecho,35,Masculino,4,2071,Auditoría,8.79,96
4439,Andrés Torres,Derecho,35,Masculino,4,2080,Base de Datos,6.43,71
4440,José Vega,Educación,31,Femenino,10,4177,Estadística,6.32,97
4441,Daniela Pérez,Administración,28,Masculino,7,725,Python,8.8,88
4442,Daniela Díaz,Derecho,34,Femenino,9,4062,Programación,6.81,85
4444,Daniela Ramírez,Administración,21,Masculino,4,1688,Auditoría,8.97,65
4444,Daniela Ramírez,Administración,21,Masculino,4,1813,Administración,9.05,94
4444,Daniela Ramírez,Administración,21,Masculino,4,3347,Auditoría,6.07,91
4447,Daniela Ruiz,Psicología,25,Femenino,5,2964,Contabilidad,6.69,85
4447,Daniela Ruiz,Psicología,25,Femenino,5,3603,Base de Datos,8.2,63
4447,Daniela Ruiz,Psicología,25,Femenino,5,3667,Inglés,6.5,99
4447,Daniela Ruiz,Psicología,25,Femenino,5,3946,Programación,6.61,89
4450,Luis Torres,Administración,28,Masculino,4,1294,Inglés,5.91,76
4451,Pedro Vega,Derecho,21,Femenino,7,78,Contabilidad,8.06,93
4451,Pedro Vega,Derecho,21,Femenino,7,2852,Auditoría,9.39,63
4452,Andrés Ruiz,Sistemas,19,Femenino,8,4561,Estadística,8.69,72
4453,Sofía Ramírez,Psicología,19,Masculino,4,1447,Python,8.04,91
4453,Sofía Ramírez,Psicología,19,Masculino,4,3903,Estadística,7.09,62
4454,José Castillo,Contabilidad,31,Femenino,5,2562,Estadística,5.11,62
4455,Pedro Ramírez,Psicología,27,Masculino,4,1761,Administración,9.36,79
4458,Daniela Vega,Educación,24,Masculino,6,418,Programación,8.93,92
4460,Carlos Ramírez,Administración,21,Femenino,9,2422,Base de Datos,7.12,60
4460,Carlos Ramírez,Administración,21,Femenino,9,4330,Python,8.03,72
4460,Carlos Ramírez,Administración,21,Femenino,9,4662,Python,7.58,83
4461,María Pérez,Administración,20,Femenino,9,291,Administración,5.3,77
4461,María Pérez,Administración,20,Femenino,9,578,Investigación,7.66,74
4461,María Pérez,Administración,20,Femenino,9,4403,Base de Datos,7.17,77
4462,Camila Castillo,Educación,23,Masculino,4,3848,Base de Datos,6.87,83
4462,Camila Castillo,Educación,23,Masculino,4,4461,Investigación,7.01,67
4463,Carlos Castillo,Sistemas,30,Femenino,2,2688,Estadística,8.17,92
4464,Andrés Díaz,Educación,26,Masculino,10,2822,Inglés,9.94,93
4468,Daniela Castillo,Educación,21,Femenino,2,4141,Contabilidad,8.63,99
4469,Daniela Pérez,Contabilidad,18,Masculino,3,435,Contabilidad,6.61,65
4471,Andrés Gómez,Educación,27,Masculino,4,4284,Base de Datos,8.0,96
4471,Andrés Gómez,Educación,27,Masculino,4,4954,Investigación,5.19,87
4472,José Castillo,Educación,33,Femenino,1,1636,Base de Datos,6.61,73
4473,Sofía Castillo,Psicología,24,Femenino,8,2916,Estadística,7.91,76
4473,Sofía Castillo,Psicología,24,Femenino,8,3909,Administración,7.79,90
4474,José Pérez,Educación,22,Masculino,9,880,Investigación,5.51,90
4474,José Pérez,Educación,22,Masculino,9,2208,Matemáticas,6.67,81
4475,Pedro Castillo,Educación,25,Masculino,1,4506,Auditoría,9.67,81
4476,Carlos Morales,Educación,29,Masculino,10,726,Matemáticas,9.95,66
4477,Sofía Morales,Educación,23,Masculino,9,1434,Base de Datos,6.97,80
4477,Sofía Morales,Educación,23,Masculino,9,2724,Python,5.79,76
4478,María Morales,Derecho,32,Femenino,2,808,Matemáticas,5.75,86
4478,María Morales,Derecho,32,Femenino,2,1814,Python,9.76,62
4478,María Morales,Derecho,32,Femenino,2,2518,Auditoría,6.71,90
4478,María Morales,Derecho,32,Femenino,2,3386,Contabilidad,7.78,78
4479,Sofía Morales,Derecho,31,Femenino,2,2206,Estadística,8.93,74
4479,Sofía Morales,Derecho,31,Femenino,2,2868,Contabilidad,9.11,88
4480,Ana Torres,Contabilidad,30,Masculino,5,3196,Base de Datos,8.76,88
4483,María Ramírez,Derecho,35,Masculino,7,4113,Contabilidad,7.69,89
4486,José Morales,Sistemas,26,Femenino,1,4998,Python,5.37,84
4487,Sofía Torres,Administración,25,Femenino,2,1887,Administración,7.27,61
4490,Daniela Torres,Derecho,24,Masculino,10,4599,Matemáticas,5.87,62
4491,Sofía Díaz,Educación,30,Femenino,6,1278,Administración,5.94,95
4491,Sofía Díaz,Educación,30,Femenino,6,3665,Investigación,6.87,79
4492,Sofía Torres,Educación,23,Femenino,8,2994,Investigación,7.69,67
4493,Pedro Castillo,Sistemas,27,Masculino,1,3864,Investigación,7.62,85
4494,María Vega,Contabilidad,18,Masculino,6,1710,Inglés,7.29,96
4496,José Vega,Derecho,33,Masculino,3,409,Auditoría,7.64,67
4497,Andrés Vega,Administración,18,Femenino,8,2303,Matemáticas,6.18,65
4497,Andrés Vega,Administración,18,Femenino,8,3465,Inglés,8.32,81
4501,Sofía Ramírez,Psicología,34,Femenino,10,1505,Administración,6.36,78
4502,Camila López,Sistemas,22,Masculino,5,2930,Base de Datos,5.58,67
4503,Ana Ruiz,Contabilidad,27,Masculino,8,1300,Programación,5.61,90
4504,Daniela Morales,Derecho,21,Masculino,1,41,Base de Datos,6.33,98
4505,Andrés Díaz,Psicología,19,Masculino,2,497,Contabilidad,9.13,99
4506,Andrés Ramírez,Administración,20,Femenino,4,454,Programación,6.45,79
4506,Andrés Ramírez,Administración,20,Femenino,4,1340,Investigación,7.52,70
4506,Andrés Ramírez,Administración,20,Femenino,4,1475,Administración,8.84,67
4506,Andrés Ramírez,Administración,20,Femenino,4,3806,Estadística,5.2,97
4507,Sofía Gómez,Contabilidad,20,Masculino,5,218,Python,7.27,80
4509,Luis Pérez,Derecho,35,Masculino,9,1440,Investigación,5.22,70
4509,Luis Pérez,Derecho,35,Masculino,9,4015,Programación,8.63,93
4511,José Torres,Contabilidad,32,Masculino,7,1189,Auditoría,8.49,63
4512,Andrés Pérez,Administración,31,Masculino,4,1861,Base de Datos,8.22,62
4514,Pedro Pérez,Sistemas,23,Masculino,1,3849,Programación,5.73,100
4517,José Torres,Sistemas,30,Femenino,8,314,Matemáticas,7.15,74
4518,Ana Gómez,Contabilidad,20,Femenino,6,1322,Base de Datos,8.07,80
4518,Ana Gómez,Contabilidad,20,Femenino,6,2923,Inglés,9.73,77
4518,Ana Gómez,Contabilidad,20,Femenino,6,2942,Contabilidad,9.34,75
4519,Sofía Ruiz,Administración,18,Masculino,7,3187,Contabilidad,5.45,73
4519,Sofía Ruiz,Administración,18,Masculino,7,4157,Administración,5.6,62
4520,Pedro López,Administración,34,Masculino,3,624,Investigación,5.06,93
4520,Pedro López,Administración,34,Masculino,3,2447,Auditoría,9.41,85
4520,Pedro López,Administración,34,Masculino,3,3669,Base de Datos,8.3,93
4523,Camila Morales,Administración,18,Masculino,10,2429,Matemáticas,7.96,77
4523,Camila Morales,Administración,18,Masculino,10,3294,Programación,9.32,70
4523,Camila Morales,Administración,18,Masculino,10,4686,Estadística,9.1,96
4525,José López,Administración,21,Masculino,4,227,Investigación,5.47,67
4525,José López,Administración,21,Masculino,4,3685,Inglés,8.5,77
4526,Carlos Díaz,Administración,34,Femenino,2,4848,Estadística,5.08,80
4527,María Torres,Administración,26,Femenino,7,3788,Inglés,6.84,80
4528,José Díaz,Administración,24,Femenino,3,3967,Administración,9.2,69
4530,Ana Torres,Contabilidad,34,Femenino,7,799,Investigación,6.12,75
4530,Ana Torres,Contabilidad,34,Femenino,7,2229,Base de Datos,5.16,98
4531,María Castillo,Administración,19,Femenino,4,4875,Contabilidad,9.64,75
4532,Pedro Ramírez,Educación,33,Masculino,5,4583,Programación,5.72,70
4533,Sofía Vega,Educación,29,Masculino,10,81,Base de Datos,6.36,98
4533,Sofía Vega,Educación,29,Masculino,10,1046,Investigación,9.19,90
4533,Sofía Vega,Educación,29,Masculino,10,4905,Python,8.81,96
4534,Daniela López,Contabilidad,30,Masculino,6,4004,Administración,8.62,69
4536,Luis Castillo,Derecho,30,Masculino,6,1351,Programación,7.78,96
4538,Luis Castillo,Derecho,29,Masculino,4,46,Matemáticas,7.94,60
4540,Daniela Castillo,Derecho,31,Femenino,4,419,Python,6.95,90
4540,Daniela Castillo,Derecho,31,Femenino,4,889,Programación,6.33,78
4540,Daniela Castillo,Derecho,31,Femenino,4,2458,Inglés,9.04,60
4541,Camila López,Psicología,31,Masculino,10,368,Python,7.25,96
4545,María Vega,Administración,28,Femenino,4,2174,Estadística,5.71,88
4545,María Vega,Administración,28,Femenino,4,3107,Estadística,9.61,87
4546,José Morales,Psicología,28,Femenino,4,714,Base de Datos,7.45,68
4547,Sofía Pérez,Derecho,21,Femenino,9,4256,Programación,9.75,97
4549,Sofía Vega,Educación,20,Femenino,2,175,Matemáticas,8.45,91
4549,Sofía Vega,Educación,20,Femenino,2,1482,Programación,5.09,96
4550,Camila López,Educación,34,Masculino,2,4943,Auditoría,6.07,86
4551,Pedro Vega,Educación,24,Femenino,2,1546,Investigación,9.22,83
4551,Pedro Vega,Educación,24,Femenino,2,4428,Estadística,8.73,91
4551,Pedro Vega,Educación,24,Femenino,2,4896,Programación,9.49,96
4553,Carlos Morales,Sistemas,33,Masculino,1,1925,Inglés,5.27,69
4554,Luis Castillo,Psicología,31,Femenino,9,173,Python,7.58,72
4555,Ana Vega,Administración,30,Femenino,10,4216,Auditoría,7.87,93
4559,Camila Morales,Administración,24,Masculino,8,2898,Matemáticas,5.98,91
4560,Carlos Ruiz,Psicología,27,Masculino,4,2970,Matemáticas,7.04,97
4561,Pedro Ruiz,Contabilidad,34,Masculino,2,328,Python,8.04,77
4561,Pedro Ruiz,Contabilidad,34,Masculino,2,589,Auditoría,9.4,71
4561,Pedro Ruiz,Contabilidad,34,Masculino,2,4860,Matemáticas,7.96,70
4563,Daniela Gómez,Psicología,31,Femenino,1,656,Programación,7.56,66
4564,Pedro Vega,Administración,24,Femenino,4,2004,Contabilidad,9.48,92
4567,María Ruiz,Psicología,26,Masculino,2,4538,Investigación,7.08,80
4568,María López,Administración,26,Femenino,4,4473,Auditoría,7.67,77
4569,Daniela Morales,Derecho,24,Femenino,9,1428,Investigación,7.58,100
4569,Daniela Morales,Derecho,24,Femenino,9,1648,Matemáticas,5.96,93
4569,Daniela Morales,Derecho,24,Femenino,9,3266,Python,6.71,80
4572,Luis Castillo,Psicología,20,Masculino,7,194,Investigación,8.03,99
4572,Luis Castillo,Psicología,20,Masculino,7,688,Auditoría,8.44,74
4573,Ana Castillo,Psicología,20,Masculino,1,4732,Matemáticas,6.67,84
4574,José Torres,Sistemas,22,Femenino,7,957,Base de Datos,6.47,90
4574,José Torres,Sistemas,22,Femenino,7,4299,Inglés,8.09,61
4575,Luis Morales,Psicología,19,Masculino,10,4629,Investigación,8.13,68
4577,María Castillo,Psicología,28,Femenino,9,2907,Base de Datos,9.01,88
4579,Luis Morales,Sistemas,33,Masculino,8,127,Auditoría,6.59,88
4581,Luis Díaz,Derecho,21,Masculino,8,3126,Matemáticas,6.72,60
4583,Carlos Castillo,Derecho,18,Masculino,9,2070,Estadística,5.96,99
4584,Andrés Gómez,Contabilidad,20,Masculino,3,660,Matemáticas,7.86,70
4585,Andrés Ramírez,Educación,27,Femenino,3,3911,Python,6.16,69
4585,Andrés Ramírez,Educación,27,Femenino,3,4725,Programación,5.75,85
4586,Daniela Gómez,Psicología,24,Femenino,8,3149,Matemáticas,6.91,71
4590,Sofía Castillo,Administración,25,Masculino,2,3936,Auditoría,8.0,96
4591,Camila Castillo,Sistemas,20,Masculino,2,2521,Administración,9.47,88
4594,José Díaz,Contabilidad,23,Femenino,3,1393,Python,5.2,93
4594,José Díaz,Contabilidad,23,Femenino,3,3507,Auditoría,9.19,84
4594,José Díaz,Contabilidad,23,Femenino,3,4127,Administración,5.89,72
4595,Daniela Castillo,Sistemas,18,Masculino,6,1929,Inglés,7.29,67
4595,Daniela Castillo,Sistemas,18,Masculino,6,4740,Administración,5.51,69
4596,José Ramírez,Educación,20,Femenino,10,1737,Estadística,6.08,88
4596,José Ramírez,Educación,20,Femenino,10,2748,Contabilidad,8.58,64
4596,José Ramírez,Educación,20,Femenino,10,3091,Contabilidad,7.42,94
4598,Pedro Ruiz,Contabilidad,34,Masculino,1,4178,Matemáticas,5.41,70
4599,Ana Díaz,Sistemas,28,Femenino,8,24,Programación,6.31,97
4600,Camila Morales,Administración,29,Femenino,9,947,Auditoría,8.05,79
4602,Carlos Morales,Derecho,22,Femenino,7,321,Administración,8.35,86
4602,Carlos Morales,Derecho,22,Femenino,7,4396,Matemáticas,7.6,74
4602,Carlos Morales,Derecho,22,Femenino,7,4891,Matemáticas,7.15,95
4603,Camila Pérez,Contabilidad,30,Masculino,8,3774,Base de Datos,8.92,80
4604,Ana Pérez,Sistemas,27,Femenino,2,868,Auditoría,8.93,74
4605,María Pérez,Derecho,34,Femenino,3,529,Contabilidad,5.69,99
4607,Ana Pérez,Educación,31,Femenino,9,1032,Matemáticas,8.27,89
4608,Sofía Pérez,Educación,26,Masculino,8,595,Investigación,9.84,95
4613,José Ramírez,Contabilidad,22,Masculino,6,2102,Estadística,6.5,85
4613,José Ramírez,Contabilidad,22,Masculino,6,4293,Estadística,6.18,69
4614,Sofía Ruiz,Psicología,27,Masculino,1,3096,Estadística,8.21,81
4614,Sofía Ruiz,Psicología,27,Masculino,1,3845,Investigación,7.79,91
4619,Pedro Castillo,Sistemas,29,Femenino,9,3116,Base de Datos,5.71,93
4620,Ana Ruiz,Derecho,34,Masculino,1,567,Python,7.79,79
4620,Ana Ruiz,Derecho,34,Masculino,1,2841,Investigación,8.39,80
4621,Carlos Vega,Sistemas,20,Masculino,5,1270,Investigación,7.62,100
4622,Luis Ruiz,Contabilidad,28,Masculino,5,3024,Programación,9.49,97
4624,José Ramírez,Psicología,31,Femenino,5,145,Python,5.42,87
4625,Carlos Vega,Sistemas,23,Masculino,9,4578,Auditoría,9.83,61
4627,Camila Ramírez,Psicología,18,Masculino,8,2617,Python,7.82,90
4628,Andrés Ruiz,Sistemas,22,Masculino,4,1407,Base de Datos,6.59,95
4629,Sofía Ramírez,Contabilidad,25,Femenino,10,1017,Matemáticas,9.89,81
4631,Daniela Díaz,Psicología,27,Masculino,9,4223,Auditoría,6.78,84
4632,José Torres,Psicología,18,Femenino,10,720,Python,8.98,74
4632,José Torres,Psicología,18,Femenino,10,2993,Programación,9.99,100
4632,José Torres,Psicología,18,Femenino,10,4387,Estadística,6.47,92
4632,José Torres,Psicología,18,Femenino,10,4430,Auditoría,5.33,76
4633,Pedro Ruiz,Educación,19,Femenino,6,2857,Inglés,8.45,63
4634,Carlos Vega,Psicología,35,Femenino,1,2039,Programación,9.22,74
4635,Pedro Gómez,Educación,19,Femenino,6,2062,Inglés,9.5,84
4635,Pedro Gómez,Educación,19,Femenino,6,2123,Auditoría,7.83,64
4636,Pedro Ramírez,Administración,25,Femenino,5,635,Estadística,9.47,62
4636,Pedro Ramírez,Administración,25,Femenino,5,1139,Base de Datos,8.68,90
4636,Pedro Ramírez,Administración,25,Femenino,5,4977,Administración,9.36,63
4638,Carlos Ramírez,Derecho,20,Masculino,7,1851,Python,7.61,83
4638,Carlos Ramírez,Derecho,20,Masculino,7,2167,Administración,8.08,86
4638,Carlos Ramírez,Derecho,20,Masculino,7,3922,Base de Datos,6.24,86
4639,Andrés Gómez,Contabilidad,35,Masculino,3,3172,Inglés,5.44,65
4640,Camila López,Educación,18,Femenino,4,331,Investigación,5.35,100
4640,Camila López,Educación,18,Femenino,4,4042,Programación,5.34,69
4642,José Castillo,Derecho,33,Masculino,6,4864,Matemáticas,9.92,93
4643,Ana Vega,Contabilidad,23,Masculino,3,642,Investigación,8.39,94
4643,Ana Vega,Contabilidad,23,Masculino,3,2827,Administración,6.44,60
4644,José Torres,Administración,27,Masculino,1,3821,Contabilidad,6.08,61
4644,José Torres,Administración,27,Masculino,1,4580,Auditoría,6.07,86
4647,Andrés Díaz,Contabilidad,32,Femenino,10,1526,Administración,7.72,75
4647,Andrés Díaz,Contabilidad,32,Femenino,10,4772,Contabilidad,8.44,65
4648,Ana Morales,Administración,33,Femenino,1,2810,Contabilidad,9.18,93
4649,Carlos Castillo,Administración,29,Femenino,1,4942,Programación,7.34,97
4650,María López,Administración,22,Femenino,10,2223,Python,9.61,69
4651,José Díaz,Administración,25,Masculino,6,3320,Contabilidad,7.38,88
4652,Andrés Torres,Psicología,30,Masculino,1,546,Matemáticas,5.88,100
4652,Andrés Torres,Psicología,30,Masculino,1,1513,Base de Datos,5.46,89
4653,José Pérez,Administración,31,Femenino,3,1744,Base de Datos,6.0,84
4654,Sofía Ruiz,Sistemas,32,Masculino,2,1833,Programación,9.51,77
4654,Sofía Ruiz,Sistemas,32,Masculino,2,2934,Python,9.95,60
4654,Sofía Ruiz,Sistemas,32,Masculino,2,3542,Matemáticas,7.06,93
4654,Sofía Ruiz,Sistemas,32,Masculino,2,3829,Base de Datos,5.49,83
4655,Daniela Castillo,Administración,22,Masculino,1,1557,Inglés,8.52,67
4655,Daniela Castillo,Administración,22,Masculino,1,3951,Inglés,7.69,69
4657,Camila López,Psicología,23,Femenino,7,2967,Administración,9.18,71
4658,Sofía López,Derecho,18,Femenino,4,1959,Python,7.75,62
4659,Carlos Díaz,Sistemas,24,Masculino,4,197,Auditoría,5.3,66
4659,Carlos Díaz,Sistemas,24,Masculino,4,930,Python,5.87,72
4659,Carlos Díaz,Sistemas,24,Masculino,4,2248,Estadística,6.97,62
4663,María Díaz,Psicología,25,Femenino,10,113,Contabilidad,7.03,60
4663,María Díaz,Psicología,25,Femenino,10,4498,Python,5.15,67
4664,Daniela Gómez,Psicología,19,Masculino,1,3292,Inglés,8.42,83
4665,Ana Torres,Educación,28,Femenino,2,3003,Base de Datos,9.63,75
4665,Ana Torres,Educación,28,Femenino,2,4900,Inglés,9.48,61
4668,José Pérez,Educación,32,Masculino,4,3557,Contabilidad,9.74,61
4669,Ana Castillo,Contabilidad,24,Masculino,4,169,Auditoría,8.34,81
4672,José López,Derecho,18,Masculino,10,495,Programación,5.97,95
4673,José Díaz,Administración,21,Masculino,8,3908,Base de Datos,8.32,88
4675,Camila Torres,Educación,33,Femenino,2,416,Investigación,5.94,65
4678,Ana Torres,Administración,25,Masculino,2,3363,Base de Datos,6.62,72
4678,Ana Torres,Administración,25,Masculino,2,4152,Administración,5.09,83
4679,Pedro Ramírez,Educación,35,Femenino,1,3036,Investigación,8.66,93
4679,Pedro Ramírez,Educación,35,Femenino,1,4717,Inglés,9.86,83
4680,Pedro Ramírez,Educación,31,Masculino,6,4792,Inglés,8.91,79
4681,María Torres,Administración,24,Femenino,2,1237,Base de Datos,9.9,74
4681,María Torres,Administración,24,Femenino,2,1608,Contabilidad,8.89,61
4682,Andrés Díaz,Psicología,22,Masculino,3,906,Auditoría,5.74,88
4682,Andrés Díaz,Psicología,22,Masculino,3,1368,Python,7.74,76
4683,Pedro Vega,Educación,27,Femenino,7,801,Administración,5.6,63
4683,Pedro Vega,Educación,27,Femenino,7,1253,Investigación,9.24,64
4683,Pedro Vega,Educación,27,Femenino,7,4709,Programación,7.98,97
4684,María Ramírez,Sistemas,20,Femenino,3,891,Programación,9.2,69
4686,María Ramírez,Contabilidad,25,Masculino,4,263,Administración,7.87,78
4686,María Ramírez,Contabilidad,25,Masculino,4,2069,Contabilidad,7.81,67
4687,Luis López,Administración,26,Femenino,6,918,Auditoría,7.37,71
4687,Luis López,Administración,26,Femenino,6,2603,Programación,6.53,74
4688,Sofía Vega,Derecho,30,Masculino,3,2444,Contabilidad,7.76,98
4689,Daniela Vega,Educación,26,Masculino,8,458,Administración,7.34,95
4689,Daniela Vega,Educación,26,Masculino,8,1457,Programación,5.89,89
4690,Andrés López,Educación,33,Femenino,6,3069,Base de Datos,7.68,100
4692,Luis Gómez,Contabilidad,18,Femenino,6,904,Matemáticas,7.38,65
4701,Pedro Ruiz,Administración,31,Femenino,7,4607,Administración,5.55,64
4702,Andrés Díaz,Sistemas,22,Masculino,7,795,Estadística,6.14,92
4702,Andrés Díaz,Sistemas,22,Masculino,7,2749,Investigación,8.41,87
4703,Carlos Ramírez,Derecho,33,Masculino,10,1506,Matemáticas,5.86,79
4703,Carlos Ramírez,Derecho,33,Masculino,10,3568,Investigación,9.02,84
4706,Carlos Ruiz,Sistemas,27,Femenino,6,3408,Administración,9.47,96
4707,Ana Torres,Administración,24,Femenino,8,1717,Base de Datos,7.2,83
4708,Daniela Vega,Educación,18,Femenino,6,1520,Base de Datos,7.54,85
4708,Daniela Vega,Educación,18,Femenino,6,4491,Investigación,7.53,69
4711,María López,Educación,34,Masculino,2,414,Matemáticas,8.59,78
4711,María López,Educación,34,Masculino,2,3673,Matemáticas,5.75,80
4711,María López,Educación,34,Masculino,2,4348,Contabilidad,5.54,78
4713,Daniela Torres,Educación,19,Femenino,6,2997,Contabilidad,9.56,81
4714,Luis Morales,Derecho,30,Femenino,1,3726,Matemáticas,8.5,64
4715,Pedro López,Derecho,25,Masculino,9,3861,Python,6.27,95
4716,Pedro López,Sistemas,21,Masculino,3,122,Matemáticas,8.59,84
4716,Pedro López,Sistemas,21,Masculino,3,3510,Estadística,5.59,75
4716,Pedro López,Sistemas,21,Masculino,3,4241,Contabilidad,5.0,82
4719,María Morales,Derecho,30,Masculino,9,3007,Inglés,8.16,72
4720,Carlos Vega,Psicología,30,Femenino,2,586,Administración,7.89,80
4721,María Morales,Sistemas,28,Femenino,10,50,Inglés,6.21,90
4722,José Morales,Psicología,22,Masculino,9,1556,Administración,5.17,62
4722,José Morales,Psicología,22,Masculino,9,2754,Python,6.43,96
4722,José Morales,Psicología,22,Masculino,9,4168,Matemáticas,7.91,65
4725,María Díaz,Sistemas,18,Masculino,2,1227,Base de Datos,5.27,87
4725,María Díaz,Sistemas,18,Masculino,2,3841,Python,8.28,77
4726,Camila Castillo,Derecho,21,Femenino,6,2677,Python,6.85,83
4726,Camila Castillo,Derecho,21,Femenino,6,4296,Investigación,8.65,95
4727,Andrés Pérez,Psicología,19,Masculino,9,192,Python,5.76,96
4727,Andrés Pérez,Psicología,19,Masculino,9,4519,Estadística,9.63,67
4729,Luis Pérez,Contabilidad,19,Femenino,4,3460,Investigación,7.26,73
4730,Luis Díaz,Derecho,30,Femenino,2,703,Estadística,9.0,94
4730,Luis Díaz,Derecho,30,Femenino,2,4171,Programación,6.49,95
4731,María Díaz,Administración,34,Masculino,5,3202,Investigación,7.97,70
4731,María Díaz,Administración,34,Masculino,5,4017,Investigación,8.76,93
4732,Andrés López,Derecho,27,Femenino,6,510,Matemáticas,8.61,97
4732,Andrés López,Derecho,27,Femenino,6,4585,Programación,6.02,95
4734,Ana Gómez,Derecho,34,Femenino,7,2701,Investigación,5.64,100
4734,Ana Gómez,Derecho,34,Femenino,7,4812,Auditoría,9.41,82
4735,José Ramírez,Sistemas,33,Femenino,9,324,Programación,6.06,90
4735,José Ramírez,Sistemas,33,Femenino,9,1178,Programación,5.59,60
4735,José Ramírez,Sistemas,33,Femenino,9,2772,Inglés,8.31,77
4736,José Pérez,Sistemas,19,Masculino,8,881,Matemáticas,5.81,64
4737,Luis Morales,Psicología,34,Masculino,8,1784,Python,7.64,72
4737,Luis Morales,Psicología,34,Masculino,8,2842,Base de Datos,8.42,72
4738,Luis Morales,Sistemas,21,Femenino,9,3420,Programación,5.61,73
4740,Sofía Ruiz,Derecho,30,Femenino,6,4726,Inglés,8.32,63
4741,Sofía Vega,Administración,24,Masculino,7,1708,Administración,8.28,80
4741,Sofía Vega,Administración,24,Masculino,7,3182,Administración,6.74,93
4743,Andrés López,Contabilidad,24,Femenino,6,1458,Administración,9.66,65
4745,Daniela Torres,Psicología,29,Masculino,6,612,Investigación,6.48,72
4746,María López,Psicología,34,Masculino,5,4852,Investigación,9.94,93
4747,Carlos Morales,Derecho,22,Masculino,8,2714,Estadística,5.55,98
4747,Carlos Morales,Derecho,22,Masculino,8,3455,Python,8.74,84
4748,Daniela Díaz,Psicología,19,Masculino,6,361,Inglés,8.41,96
4750,María Pérez,Administración,18,Masculino,9,1782,Administración,6.76,92
4753,Camila Gómez,Educación,29,Masculino,3,4125,Matemáticas,7.67,95
4754,Camila Torres,Psicología,29,Femenino,7,1558,Inglés,9.81,65
4757,Daniela López,Psicología,23,Femenino,8,4265,Base de Datos,5.26,71
4759,José Torres,Contabilidad,22,Femenino,9,3543,Investigación,8.14,84
4760,Pedro López,Sistemas,19,Masculino,8,1404,Programación,8.42,72
4760,Pedro López,Sistemas,19,Masculino,8,4729,Investigación,5.56,87
4760,Pedro López,Sistemas,19,Masculino,8,4734,Investigación,5.91,100
4762,Carlos López,Contabilidad,27,Femenino,4,2689,Python,8.34,86
4764,Luis Ruiz,Educación,31,Masculino,10,2990,Administración,9.7,84
4766,Pedro Díaz,Derecho,30,Femenino,7,3947,Programación,5.87,78
4766,Pedro Díaz,Derecho,30,Femenino,7,4770,Investigación,8.48,95
4768,José Castillo,Sistemas,18,Femenino,3,742,Python,9.34,65
4768,José Castillo,Sistemas,18,Femenino,3,4522,Matemáticas,6.35,62
4772,Ana Díaz,Educación,27,Femenino,4,89,Programación,5.74,68
4772,Ana Díaz,Educación,27,Femenino,4,2346,Python,5.48,93
4774,Luis Gómez,Contabilidad,19,Masculino,1,915,Estadística,9.62,96
4774,Luis Gómez,Contabilidad,19,Masculino,1,2991,Python,8.29,69
4776,Ana Vega,Sistemas,22,Femenino,6,1204,Administración,6.74,77
4777,Andrés Ruiz,Educación,24,Femenino,8,954,Auditoría,9.08,81
4778,Camila Ruiz,Derecho,35,Masculino,4,2808,Python,7.44,75
4778,Camila Ruiz,Derecho,35,Masculino,4,3324,Contabilidad,5.74,60
4779,Camila Castillo,Psicología,34,Masculino,6,2543,Estadística,8.61,84
4780,Daniela Gómez,Psicología,23,Masculino,5,2769,Inglés,5.6,80
4780,Daniela Gómez,Psicología,23,Masculino,5,3681,Inglés,7.38,71
4780,Daniela Gómez,Psicología,23,Masculino,5,4636,Inglés,9.12,66
4781,Sofía Morales,Derecho,20,Femenino,7,3956,Contabilidad,7.56,86
4781,Sofía Morales,Derecho,20,Femenino,7,4539,Programación,7.08,88
4784,Pedro Morales,Contabilidad,22,Masculino,5,1826,Python,8.83,100
4784,Pedro Morales,Contabilidad,22,Masculino,5,2195,Python,6.04,72
4784,Pedro Morales,Contabilidad,22,Masculino,5,2200,Python,7.33,99
4788,Pedro Pérez,Contabilidad,20,Masculino,9,3128,Contabilidad,6.84,85
4788,Pedro Pérez,Contabilidad,20,Masculino,9,3407,Administración,7.66,72
4790,Pedro López,Educación,19,Masculino,4,821,Estadística,5.78,70
4790,Pedro López,Educación,19,Masculino,4,1304,Estadística,6.98,75
4792,María Pérez,Sistemas,19,Masculino,1,3274,Base de Datos,8.12,96
4793,Sofía Pérez,Psicología,25,Masculino,9,2287,Inglés,6.91,100
4794,Daniela Vega,Sistemas,18,Femenino,9,4582,Estadística,8.2,75
4795,Ana Torres,Psicología,25,Femenino,5,1746,Contabilidad,7.47,89
4795,Ana Torres,Psicología,25,Femenino,5,1981,Matemáticas,6.01,96
4796,Luis Díaz,Psicología,23,Masculino,10,311,Programación,8.56,84
4796,Luis Díaz,Psicología,23,Masculino,10,1181,Contabilidad,6.31,94
4798,Pedro Gómez,Administración,31,Femenino,3,4257,Administración,9.43,70
4800,Pedro Vega,Sistemas,29,Femenino,8,4278,Estadística,5.41,72
4801,José Ramírez,Sistemas,29,Masculino,2,2087,Matemáticas,7.46,92
4802,Luis Pérez,Contabilidad,35,Masculino,4,3380,Investigación,5.3,63
4803,Ana Ruiz,Derecho,33,Masculino,10,4222,Matemáticas,8.14,98
4804,Daniela Ruiz,Psicología,27,Masculino,2,2625,Python,6.45,69
4805,Andrés Ruiz,Sistemas,27,Masculino,7,4750,Matemáticas,6.79,98
4808,Andrés Ramírez,Derecho,30,Masculino,9,530,Matemáticas,6.21,93
4808,Andrés Ramírez,Derecho,30,Masculino,9,936,Programación,6.75,70
4808,Andrés Ramírez,Derecho,30,Masculino,9,3562,Administración,9.31,99
4809,Andrés López,Derecho,25,Femenino,9,640,Base de Datos,8.76,85
4809,Andrés López,Derecho,25,Femenino,9,1257,Programación,9.83,86
4813,María Ramírez,Educación,30,Masculino,7,2239,Matemáticas,7.51,89
4814,Camila Torres,Administración,35,Masculino,8,601,Programación,6.09,73
4814,Camila Torres,Administración,35,Masculino,8,913,Programación,8.91,67
4814,Camila Torres,Administración,35,Masculino,8,1780,Matemáticas,5.92,82
4815,José Ruiz,Psicología,25,Femenino,10,1147,Estadística,7.58,84
4815,José Ruiz,Psicología,25,Femenino,10,4095,Contabilidad,9.69,73
4818,Sofía Ramírez,Derecho,27,Masculino,9,3022,Contabilidad,9.72,66
4819,María Vega,Contabilidad,35,Masculino,6,2124,Base de Datos,8.73,68
4820,Ana Gómez,Educación,27,Masculino,8,4175,Python,5.53,90
4820,Ana Gómez,Educación,27,Masculino,8,4543,Investigación,9.82,80
4821,Luis Morales,Contabilidad,33,Masculino,10,4069,Matemáticas,7.03,75
4823,Luis Vega,Psicología,32,Masculino,2,979,Contabilidad,5.84,62
4823,Luis Vega,Psicología,32,Masculino,2,1590,Matemáticas,7.6,71
4823,Luis Vega,Psicología,32,Masculino,2,4819,Investigación,9.33,94
4823,Luis Vega,Psicología,32,Masculino,2,4879,Administración,9.16,66
4824,José Vega,Derecho,19,Masculino,6,1043,Estadística,8.86,88
4824,José Vega,Derecho,19,Masculino,6,2443,Inglés,5.48,82
4824,José Vega,Derecho,19,Masculino,6,2888,Auditoría,6.74,99
4825,Ana Pérez,Educación,23,Femenino,5,869,Base de Datos,6.89,78
4825,Ana Pérez,Educación,23,Femenino,5,2513,Programación,8.02,75
4825,Ana Pérez,Educación,23,Femenino,5,3350,Auditoría,8.78,60
4826,Sofía Torres,Psicología,32,Femenino,6,4453,Programación,9.14,66
4828,Sofía López,Sistemas,21,Masculino,3,4115,Estadística,7.37,86
4830,Daniela Castillo,Administración,18,Femenino,10,1872,Python,7.45,83
4831,Camila Torres,Administración,23,Masculino,4,4690,Contabilidad,8.23,98
4832,Pedro Ruiz,Administración,21,Masculino,7,902,Matemáticas,7.77,84
4832,Pedro Ruiz,Administración,21,Masculino,7,3384,Contabilidad,7.87,95
4835,José Ruiz,Derecho,29,Masculino,8,709,Estadística,8.36,80
4838,José Pérez,Educación,30,Femenino,4,4111,Auditoría,9.63,72
4841,Andrés Morales,Contabilidad,34,Masculino,5,4117,Matemáticas,7.25,79
4842,Andrés López,Contabilidad,35,Masculino,6,1823,Investigación,8.08,82
4842,Andrés López,Contabilidad,35,Masculino,6,4700,Auditoría,6.45,96
4843,Andrés Morales,Educación,23,Femenino,8,3593,Estadística,9.24,65
4844,María Morales,Derecho,27,Femenino,4,2988,Python,5.53,73
4845,Carlos Pérez,Educación,32,Femenino,6,364,Python,6.76,64
4846,Andrés Ramírez,Sistemas,34,Femenino,4,3015,Auditoría,8.08,62
4846,Andrés Ramírez,Sistemas,34,Femenino,4,4889,Contabilidad,8.86,90
4848,José López,Educación,31,Femenino,9,807,Inglés,9.99,72
4848,José López,Educación,31,Femenino,9,1675,Base de Datos,9.57,60
4849,Ana Díaz,Sistemas,27,Femenino,1,472,Auditoría,5.77,99
4852,María Castillo,Administración,24,Masculino,8,675,Programación,5.9,95
4853,Daniela López,Educación,33,Masculino,10,1157,Base de Datos,5.67,92
4854,Camila Castillo,Educación,29,Masculino,4,2033,Contabilidad,6.21,79
4855,Andrés Pérez,Sistemas,31,Masculino,6,2139,Administración,9.2,75
4857,Ana Castillo,Contabilidad,18,Masculino,9,2155,Matemáticas,9.52,68
4857,Ana Castillo,Contabilidad,18,Masculino,9,2411,Base de Datos,6.92,87
4857,Ana Castillo,Contabilidad,18,Masculino,9,4156,Base de Datos,7.37,95
4859,Carlos Ramírez,Psicología,26,Masculino,4,2832,Estadística,5.27,79
4860,Daniela Ruiz,Contabilidad,24,Masculino,2,1777,Python,7.35,76
4863,Carlos Vega,Derecho,30,Masculino,6,3020,Auditoría,6.85,89
4864,Luis Pérez,Psicología,29,Femenino,4,1643,Contabilidad,7.08,90
4864,Luis Pérez,Psicología,29,Femenino,4,4938,Administración,8.4,60
4865,Andrés López,Psicología,29,Femenino,5,1425,Programación,7.63,62
4866,Camila Gómez,Contabilidad,31,Masculino,10,582,Python,7.23,63
4866,Camila Gómez,Contabilidad,31,Masculino,10,1376,Python,8.85,70
4866,Camila Gómez,Contabilidad,31,Masculino,10,3484,Estadística,5.3,86
4867,Luis Ruiz,Administración,28,Masculino,2,367,Programación,6.92,97
4867,Luis Ruiz,Administración,28,Masculino,2,1892,Investigación,8.96,80
4867,Luis Ruiz,Administración,28,Masculino,2,4965,Python,7.7,81
4868,Daniela Castillo,Contabilidad,29,Femenino,4,1940,Python,6.65,62
4868,Daniela Castillo,Contabilidad,29,Femenino,4,4784,Auditoría,6.51,68
4869,Daniela Pérez,Derecho,22,Femenino,3,1497,Estadística,6.67,62
4869,Daniela Pérez,Derecho,22,Femenino,3,4258,Programación,8.3,73
4872,Camila Ramírez,Contabilidad,31,Masculino,7,4155,Programación,7.81,67
4872,Camila Ramírez,Contabilidad,31,Masculino,7,4901,Matemáticas,5.63,65
4877,María Ruiz,Psicología,28,Masculino,7,1358,Contabilidad,5.19,96
4877,María Ruiz,Psicología,28,Masculino,7,3265,Administración,7.71,90
4877,María Ruiz,Psicología,28,Masculino,7,3366,Investigación,8.9,77
4882,Andrés Díaz,Sistemas,27,Masculino,1,1984,Programación,10.0,62
4885,Luis López,Contabilidad,22,Femenino,6,335,Estadística,9.42,69
4885,Luis López,Contabilidad,22,Femenino,6,1306,Base de Datos,6.86,65
4886,Camila Ramírez,Derecho,32,Masculino,10,28,Estadística,6.92,98
4886,Camila Ramírez,Derecho,32,Masculino,10,712,Base de Datos,7.87,87
4886,Camila Ramírez,Derecho,32,Masculino,10,981,Programación,6.69,68
4886,Camila Ramírez,Derecho,32,Masculino,10,1414,Matemáticas,6.15,61
4889,Andrés López,Educación,27,Masculino,7,184,Contabilidad,9.9,72
4889,Andrés López,Educación,27,Masculino,7,413,Programación,5.08,92
4890,Sofía Díaz,Administración,20,Masculino,3,4871,Programación,9.6,90
4891,Sofía Ramírez,Derecho,21,Masculino,6,658,Auditoría,8.92,84
4891,Sofía Ramírez,Derecho,21,Masculino,6,3217,Investigación,7.67,82
4893,Carlos Morales,Contabilidad,20,Femenino,4,1912,Contabilidad,5.37,95
4894,Carlos Vega,Sistemas,31,Masculino,10,312,Programación,6.47,92
4895,Luis Pérez,Educación,34,Femenino,4,1195,Python,9.73,71
4896,Sofía Torres,Administración,21,Masculino,7,3875,Contabilidad,6.72,83
4897,Sofía Gómez,Contabilidad,32,Masculino,8,3558,Inglés,7.15,68
4898,Pedro Ramírez,Sistemas,18,Femenino,3,375,Python,8.95,81
4900,Daniela Castillo,Contabilidad,20,Femenino,4,3847,Administración,7.28,90
4901,Ana Castillo,Contabilidad,28,Masculino,1,1531,Estadística,8.43,98
4901,Ana Castillo,Contabilidad,28,Masculino,1,4858,Programación,8.74,84
4903,Daniela Vega,Psicología,19,Masculino,5,3493,Inglés,6.16,88
4905,Pedro Pérez,Administración,19,Femenino,1,1316,Programación,5.8,93
4905,Pedro Pérez,Administración,19,Femenino,1,3103,Investigación,9.36,77
4905,Pedro Pérez,Administración,19,Femenino,1,3615,Matemáticas,8.11,76
4907,José Gómez,Psicología,22,Masculino,7,2384,Administración,6.54,67
4908,Andrés Vega,Sistemas,19,Masculino,4,4775,Base de Datos,5.29,90
4909,Andrés Torres,Derecho,23,Masculino,1,2524,Contabilidad,8.48,68
4910,Camila Gómez,Administración,25,Femenino,7,1160,Auditoría,8.19,78
4911,Ana Gómez,Psicología,27,Masculino,3,232,Programación,8.73,68
4911,Ana Gómez,Psicología,27,Masculino,3,1596,Estadística,8.54,67
4912,Ana Gómez,Administración,35,Masculino,6,2150,Auditoría,5.05,84
4913,María Torres,Sistemas,35,Masculino,2,2572,Base de Datos,8.4,69
4914,Pedro Vega,Sistemas,31,Masculino,7,3930,Python,7.09,95
4915,Ana López,Psicología,20,Femenino,4,1035,Inglés,8.58,83
4916,Pedro Ruiz,Sistemas,32,Femenino,8,769,Auditoría,6.42,61
4916,Pedro Ruiz,Sistemas,32,Femenino,8,1906,Matemáticas,9.98,78
4917,Pedro Ramírez,Administración,19,Masculino,1,1450,Python,6.22,95
4919,Daniela Pérez,Derecho,21,Femenino,4,160,Estadística,8.98,96
4921,Carlos López,Derecho,18,Femenino,2,2371,Estadística,8.22,84
4923,José Díaz,Derecho,33,Masculino,10,1163,Base de Datos,8.97,71
4924,Pedro Díaz,Contabilidad,30,Masculino,10,3062,Investigación,8.44,61
4926,Daniela Ramírez,Educación,21,Femenino,3,2114,Administración,6.93,60
4927,Pedro López,Psicología,29,Femenino,2,2753,Administración,7.96,75
4928,Carlos Morales,Derecho,32,Masculino,1,2383,Contabilidad,5.73,62
4928,Carlos Morales,Derecho,32,Masculino,1,2911,Programación,6.65,74
4929,Camila Díaz,Derecho,24,Femenino,2,860,Matemáticas,5.1,90
4929,Camila Díaz,Derecho,24,Femenino,2,3641,Programación,6.44,70
4930,María Vega,Psicología,33,Femenino,1,2581,Administración,5.69,75
4930,María Vega,Psicología,33,Femenino,1,2747,Matemáticas,7.64,66
4931,Carlos Torres,Administración,27,Femenino,2,3411,Python,8.9,94
4933,Pedro López,Educación,24,Masculino,5,1993,Inglés,5.66,78
4934,Luis Gómez,Derecho,31,Masculino,5,1944,Investigación,5.46,76
4937,Pedro Castillo,Derecho,18,Femenino,7,4002,Estadística,5.34,66
4938,Camila Morales,Psicología,30,Femenino,1,540,Estadística,9.64,81
4940,Ana Castillo,Psicología,25,Femenino,10,600,Python,9.37,72
4942,Sofía Torres,Educación,22,Masculino,3,3299,Inglés,9.95,71
4943,Daniela Pérez,Derecho,28,Masculino,5,826,Python,6.08,80
4943,Daniela Pérez,Derecho,28,Masculino,5,1071,Matemáticas,8.88,72
4943,Daniela Pérez,Derecho,28,Masculino,5,1454,Contabilidad,6.66,65
4943,Daniela Pérez,Derecho,28,Masculino,5,2554,Estadística,6.89,61
4944,Luis Pérez,Contabilidad,19,Femenino,3,1171,Programación,9.14,87
4948,Sofía Morales,Educación,19,Femenino,6,2740,Programación,6.76,61
4950,Daniela Castillo,Psicología,32,Masculino,6,1031,Auditoría,8.19,92
4951,Carlos Torres,Sistemas,33,Masculino,2,2005,Estadística,8.53,88
4955,María Gómez,Derecho,24,Masculino,3,3134,Contabilidad,9.83,99
4956,Sofía Ramírez,Contabilidad,29,Femenino,3,3071,Programación,5.1,61
4956,Sofía Ramírez,Contabilidad,29,Femenino,3,3085,Base de Datos,5.48,97
4957,Pedro Gómez,Derecho,27,Femenino,4,444,Base de Datos,8.4,83
4957,Pedro Gómez,Derecho,27,Femenino,4,2608,Estadística,9.08,89
4957,Pedro Gómez,Derecho,27,Femenino,4,3777,Estadística,6.48,63
4958,Daniela Vega,Psicología,20,Masculino,10,473,Administración,9.21,96
4958,Daniela Vega,Psicología,20,Masculino,10,2538,Administración,6.62,95
4958,Daniela Vega,Psicología,20,Masculino,10,4477,Matemáticas,8.31,94
4960,Carlos Pérez,Sistemas,24,Masculino,8,313,Investigación,5.5,67
4961,Luis Morales,Derecho,29,Masculino,3,1248,Matemáticas,7.88,94
4961,Luis Morales,Derecho,29,Masculino,3,3736,Estadística,7.85,80
4962,Luis Morales,Administración,24,Femenino,2,4480,Administración,9.23,99
4963,María Gómez,Derecho,34,Femenino,5,557,Administración,7.08,95
4964,Sofía Pérez,Sistemas,27,Masculino,4,155,Auditoría,9.82,67
4966,Andrés Díaz,Psicología,25,Femenino,7,1049,Administración,7.52,84
4966,Andrés Díaz,Psicología,25,Femenino,7,2426,Programación,7.55,66
4966,Andrés Díaz,Psicología,25,Femenino,7,3031,Estadística,9.62,77
4967,María Ruiz,Psicología,35,Masculino,3,503,Programación,5.7,99
4969,Camila Díaz,Sistemas,32,Femenino,2,1104,Estadística,6.41,88
4969,Camila Díaz,Sistemas,32,Femenino,2,4456,Inglés,6.17,87
4970,Sofía Torres,Contabilidad,35,Masculino,5,115,Administración,7.32,88
4970,Sofía Torres,Contabilidad,35,Masculino,5,1128,Estadística,9.21,68
4970,Sofía Torres,Contabilidad,35,Masculino,5,2722,Python,5.59,81
4970,Sofía Torres,Contabilidad,35,Masculino,5,3508,Programación,9.35,84
4971,Daniela Morales,Administración,21,Masculino,4,2358,Inglés,7.0,99
4972,Pedro Pérez,Sistemas,35,Femenino,4,2076,Administración,7.01,62
4972,Pedro Pérez,Sistemas,35,Femenino,4,2632,Estadística,9.79,96
4973,Sofía Ruiz,Contabilidad,29,Femenino,2,4676,Investigación,5.78,88
4974,María Vega,Contabilidad,28,Masculino,2,338,Inglés,7.07,73
4975,Camila Morales,Administración,19,Masculino,1,2529,Contabilidad,6.03,60
4976,Daniela Ruiz,Derecho,34,Femenino,10,887,Investigación,5.79,66
4976,Daniela Ruiz,Derecho,34,Femenino,10,2464,Inglés,9.82,93
4980,María Díaz,Educación,20,Femenino,7,2225,Auditoría,9.33,84
4986,María Torres,Educación,25,Femenino,6,4794,Python,7.13,75
4992,Camila Morales,Contabilidad,18,Femenino,2,3264,Inglés,7.94,100
4993,José Ramírez,Contabilidad,24,Masculino,4,1469,Matemáticas,8.54,72
4995,Camila Gómez,Educación,19,Masculino,7,2007,Estadística,9.12,62
4998,Carlos López,Derecho,30,Femenino,7,2921,Python,6.73,64
4998,Carlos López,Derecho,30,Femenino,7,4401,Investigación,6.71,95
5000,Camila López,Administración,35,Femenino,2,763,Base de Datos,7.2,73
