id_estudiante,nombre,carrera,edad,genero,semestre
1,Luis Pérez,Educación,26,Masculino,4
2,Carlos Gómez,Educación,35,Masculino,10
3,Pedro Pérez,Sistemas,20,Masculino,4
4,Andrés Ruiz,Sistemas,35,Masculino,9
5,Pedro López,Derecho,26,Masculino,3
6,Pedro Díaz,Contabilidad,22,Masculino,6
7,Luis Gómez,Derecho,21,Femenino,6
8,Sofía Castillo,Sistemas,32,Masculino,7
9,Luis Vega,Contabilidad,29,Masculino,2
10,Ana López,Contabilidad,20,Masculino,2
11,Pedro Castillo,Derecho,29,Masculino,6
12,Camila López,Educación,26,Masculino,10
13,Carlos Vega,Educación,25,Masculino,8
14,Pedro Castillo,Educación,35,Masculino,6
15,Ana López,Sistemas,28,Femenino,5
16,Luis López,Psicología,28,Masculino,8
17,Pedro Ramírez,Administración,26,Masculino,4
18,Andrés Vega,Contabilidad,31,Femenino,6
19,María Torres,Psicología,33,Masculino,1
20,Luis Torres,Educación,23,Femenino,10
21,Luis Morales,Derecho,32,Femenino,9
22,Ana Gómez,Educación,35,Femenino,6
23,Luis Castillo,Derecho,23,Femenino,1
24,José Vega,Administración,34,Masculino,5
25,Andrés Ruiz,Administración,22,Femenino,3
26,Andrés Vega,Sistemas,28,Femenino,1
27,Luis Díaz,Contabilidad,25,Masculino,4
28,Sofía Gómez,Sistemas,33,Masculino,9
29,Carlos Torres,Educación,33,Masculino,5
30,Andrés Ruiz,Derecho,24,Masculino,5
31,Pedro Díaz,Derecho,34,Femenino,2
32,María López,Sistemas,28,Masculino,10
33,Andrés López,Psicología,25,Masculino,2
34,Ana López,Sistemas,19,Femenino,2
35,Andrés López,Contabilidad,33,Masculino,9
36,Carlos Ruiz,Psicología,33,Masculino,8
37,Pedro López,Sistemas,21,Femenino,6
38,Pedro Morales,Derecho,19,Masculino,1
39,Pedro Díaz,Sistemas,25,Masculino,4
40,Andrés Ramírez,Administración,31,Masculino,5
41,Daniela López,Sistemas,32,Masculino,1
42,Andrés Pérez,Sistemas,25,Masculino,7
43,Daniela Ramírez,Administración,30,Masculino,3
44,Pedro Pérez,Derecho,26,Femenino,5
45,Pedro Vega,Educación,33,Masculino,4
46,José López,Sistemas,35,Masculino,6
47,Ana Pérez,Psicología,33,Masculino,1
48,Andrés Gómez,Administración,20,Masculino,4
49,Pedro Gómez,Psicología,25,Masculino,10
50,Luis Morales,Educación,34,Femenino,5
51,María Díaz,Administración,26,Femenino,3
52,José Ramírez,Contabilidad,20,Masculino,8
53,Sofía Ruiz,Sistemas,20,Masculino,9
54,José Torres,Contabilidad,20,Masculino,6
55,José Torres,Derecho,35,Femenino,10
56,Andrés Pérez,Educación,35,Femenino,2
57,Carlos Castillo,Sistemas,21,Masculino,5
58,José Ruiz,Administración,28,Masculino,5
59,Andrés Ramírez,Contabilidad,19,Masculino,7
60,José Pérez,Sistemas,28,Masculino,5
61,Carlos Ramírez,Psicología,31,Masculino,2
62,Luis Torres,Psicología,19,Femenino,10
63,Andrés Torres,Derecho,22,Masculino,5
64,Camila Pérez,Contabilidad,24,Masculino,2
65,Camila Vega,Derecho,22,Masculino,3
66,Carlos Morales,Sistemas,23,Femenino,7
67,María Castillo,Administración,21,Femenino,1
68,Daniela López,Administración,32,Femenino,5
69,María López,Sistemas,24,Femenino,6
70,José Gómez,Contabilidad,29,Femenino,9
71,Camila Pérez,Sistemas,26,Masculino,10
72,José Pérez,Sistemas,31,Femenino,6
73,Pedro Ruiz,Psicología,21,Femenino,10
74,María Castillo,Sistemas,31,Masculino,9
75,Andrés López,Contabilidad,31,Masculino,6
76,Sofía Díaz,Educación,21,Femenino,9
77,José Morales,Contabilidad,30,Femenino,9
78,Carlos López,Derecho,30,Masculino,10
79,Sofía Castillo,Derecho,35,Masculino,5
80,José López,Derecho,28,Femenino,8
81,Daniela López,Psicología,33,Masculino,2
82,José Vega,Educación,28,Masculino,4
83,José López,Administración,22,Masculino,1
84,María Ramírez,Psicología,20,Femenino,7
85,Sofía López,Educación,30,Femenino,7
86,María Torres,Educación,18,Masculino,7
87,María Torres,Educación,34,Femenino,1
88,Andrés López,Sistemas,32,Masculino,8
89,Andrés Vega,Psicología,28,Femenino,10
90,Andrés Morales,Psicología,32,Masculino,8
91,Daniela Castillo,Administración,26,Femenino,4
92,José Ramírez,Sistemas,27,Masculino,5
93,Camila Díaz,Psicología,20,Masculino,3
94,María Morales,Educación,22,Masculino,2
95,Pedro Morales,Contabilidad,35,Femenino,7
96,Ana López,Derecho,30,Masculino,10
97,Pedro Ramírez,Sistemas,29,Femenino,7
98,Pedro Vega,Educación,35,Masculino,8
99,María Castillo,Derecho,33,Masculino,7
100,Camila Morales,Educación,23,Femenino,3
101,Sofía Vega,Sistemas,30,Masculino,2
102,Pedro Torres,Derecho,23,Masculino,5
103,Pedro Díaz,Administración,32,Femenino,6
104,Pedro Castillo,Derecho,26,Masculino,8
105,Ana Vega,Sistemas,29,Masculino,2
106,Ana Pérez,Administración,24,Masculino,10
107,Carlos López,Administración,33,Masculino,10
108,María Ramírez,Educación,26,Femenino,3
109,Sofía Ruiz,Educación,21,Masculino,5
110,Luis Ruiz,Sistemas,27,Femenino,7
111,María Gómez,Psicología,25,Masculino,5
112,Sofía Gómez,Psicología,19,Femenino,9
113,Pedro Díaz,Sistemas,34,Femenino,1
114,Pedro Ramírez,Sistemas,31,Femenino,8
115,Carlos Morales,Administración,34,Femenino,10
116,Andrés Ramírez,Derecho,31,Femenino,6
117,María Gómez,Contabilidad,32,Masculino,8
118,Sofía Ruiz,Educación,30,Femenino,1
119,Daniela Díaz,Administración,33,Masculino,6
120,José Díaz,Contabilidad,26,Masculino,9
121,María Gómez,Administración,31,Femenino,9
122,María Ramírez,Educación,33,Femenino,1
123,Luis Castillo,Administración,30,Masculino,5
124,Sofía Díaz,Derecho,35,Femenino,7
125,Andrés Díaz,Contabilidad,32,Femenino,5
126,José López,Sistemas,24,Femenino,2
127,Andrés Torres,Administración,24,Femenino,5
128,Sofía Vega,Psicología,27,Masculino,4
129,José López,Contabilidad,23,Femenino,1
130,Andrés Torres,Contabilidad,19,Masculino,9
131,José Torres,Educación,33,Masculino,1
132,Sofía Castillo,Derecho,33,Femenino,6
133,Carlos Pérez,Contabilidad,33,Masculino,2
134,Pedro Ramírez,Sistemas,19,Masculino,3
135,Sofía Castillo,Sistemas,25,Masculino,9
136,Pedro Ruiz,Psicología,25,Femenino,8
137,Daniela Castillo,Psicología,31,Femenino,10
138,Sofía Pérez,Psicología,21,Masculino,4
139,José Gómez,Administración,25,Masculino,9
140,Luis Torres,Sistemas,31,Femenino,10
141,Daniela Castillo,Sistemas,25,Femenino,5
142,Daniela Gómez,Educación,25,Femenino,10
143,María Morales,Sistemas,35,Masculino,3
144,José Torres,Sistemas,19,Masculino,5
145,Sofía Ruiz,Contabilidad,32,Masculino,8
146,José Morales,Contabilidad,34,Femenino,8
147,Luis Ruiz,Sistemas,31,Femenino,10
148,José Pérez,Sistemas,25,Masculino,5
149,Sofía Pérez,Administración,33,Femenino,5
150,Carlos Ruiz,Derecho,33,Masculino,8
151,Camila Morales,Contabilidad,28,Masculino,3
152,Camila Morales,Educación,33,Femenino,7
153,Andrés Pérez,Derecho,20,Femenino,5
154,Camila Gómez,Derecho,34,Masculino,9
155,Daniela Morales,Sistemas,24,Femenino,10
156,Daniela Ramírez,Sistemas,24,Femenino,9
157,Carlos Castillo,Derecho,33,Masculino,1
158,Sofía López,Educación,23,Femenino,9
159,Ana Vega,Derecho,20,Masculino,2
160,Daniela Gómez,Educación,22,Femenino,5
161,Andrés Castillo,Derecho,33,Femenino,4
162,Daniela Vega,Administración,30,Masculino,10
163,Andrés Torres,Sistemas,26,Femenino,6
164,Andrés Castillo,Sistemas,27,Femenino,10
165,Sofía Ramírez,Administración,32,Femenino,6
166,Camila Vega,Psicología,30,Femenino,6
167,María López,Psicología,30,Masculino,7
168,Ana Díaz,Educación,33,Femenino,7
169,Carlos Ramírez,Sistemas,22,Femenino,2
170,Daniela Gómez,Psicología,32,Masculino,3
171,Pedro Torres,Sistemas,33,Femenino,6
172,Sofía Morales,Educación,20,Femenino,9
173,Pedro Díaz,Educación,33,Masculino,10
174,Luis López,Educación,27,Masculino,2
175,Pedro Gómez,Educación,21,Femenino,3
176,José Pérez,Sistemas,28,Masculino,5
177,Camila Díaz,Derecho,22,Masculino,9
178,Pedro Ruiz,Educación,23,Masculino,3
179,Luis Ruiz,Derecho,25,Femenino,10
180,Carlos López,Derecho,26,Femenino,5
181,Ana Ramírez,Contabilidad,35,Masculino,2
182,Daniela Díaz,Psicología,27,Femenino,5
183,Daniela Castillo,Administración,30,Femenino,2
184,María Morales,Psicología,29,Femenino,5
185,Ana Morales,Contabilidad,18,Masculino,10
186,Daniela Castillo,Administración,29,Masculino,4
187,Sofía Castillo,Educación,22,Masculino,1
188,José Ramírez,Sistemas,29,Masculino,2
189,José Díaz,Educación,31,Masculino,4
190,Carlos Vega,Contabilidad,34,Femenino,3
191,José Ramírez,Contabilidad,28,Masculino,8
192,Luis Torres,Administración,30,Femenino,2
193,Pedro Pérez,Contabilidad,35,Masculino,8
194,Camila Castillo,Psicología,30,Femenino,2
195,María Ramírez,Sistemas,35,Femenino,10
196,María Gómez,Educación,32,Femenino,7
197,Luis Torres,Sistemas,19,Femenino,8
198,Luis Gómez,Administración,35,Masculino,7
199,Daniela Díaz,Educación,35,Femenino,10
200,Carlos Morales,Educación,21,Femenino,10
201,Pedro Castillo,Sistemas,29,Masculino,8
202,Daniela López,Contabilidad,21,Femenino,9
203,Camila Pérez,Derecho,26,Masculino,2
204,Daniela Gómez,Educación,24,Masculino,1
205,Camila López,Administración,24,Masculino,9
206,María Ruiz,Administración,25,Femenino,3
207,Sofía Pérez,Contabilidad,22,Masculino,9
208,José Torres,Sistemas,18,Masculino,1
209,Camila López,Psicología,28,Masculino,3
210,José Pérez,Administración,31,Masculino,2
211,Daniela Ramírez,Contabilidad,34,Masculino,8
212,Andrés López,Psicología,19,Femenino,8
213,Ana Pérez,Derecho,30,Femenino,2
214,Daniela Ramírez,Sistemas,20,Femenino,10
215,Carlos Gómez,Administración,26,Femenino,7
216,Sofía Vega,Contabilidad,32,Femenino,2
217,Luis Vega,Educación,24,Femenino,8
218,María Morales,Contabilidad,32,Femenino,7
219,Luis Díaz,Derecho,28,Femenino,6
220,Carlos Ramírez,Sistemas,20,Masculino,2
221,Pedro Gómez,Educación,29,Masculino,9
222,Ana Ruiz,Psicología,35,Femenino,2
223,Pedro Díaz,Educación,31,Masculino,5
224,Sofía Castillo,Contabilidad,21,Masculino,3
225,Daniela López,Sistemas,29,Femenino,2
226,José Ruiz,Administración,31,Masculino,10
227,José Pérez,Administración,26,Femenino,6
228,Camila Pérez,Administración,22,Femenino,2
229,Carlos Pérez,Sistemas,34,Masculino,7
230,Pedro Ramírez,Contabilidad,23,Femenino,5
231,Camila Ruiz,Psicología,20,Masculino,3
232,Carlos Ruiz,Sistemas,20,Femenino,8
233,Pedro Ramírez,Psicología,32,Femenino,5
234,María Vega,Sistemas,29,Femenino,2
235,José Ruiz,Derecho,34,Femenino,1
236,María Morales,Psicología,19,Masculino,4
237,José López,Administración,26,Femenino,6
238,Luis Pérez,Derecho,31,Masculino,3
239,Pedro Vega,Educación,25,Femenino,2
240,Pedro Pérez,Derecho,18,Femenino,2
241,Camila Ruiz,Derecho,30,Femenino,5
242,Luis Morales,Sistemas,28,Masculino,10
243,Daniela Díaz,Sistemas,31,Masculino,4
244,Pedro Ruiz,Derecho,34,Masculino,7
245,José Díaz,Administración,28,Masculino,2
246,Andrés Gómez,Psicología,34,Masculino,6
247,Camila Torres,Administración,21,Masculino,5
248,María Torres,Psicología,22,Masculino,3
249,Daniela Ramírez,Psicología,32,Femenino,6
250,Carlos Ramírez,Sistemas,33,Femenino,5
251,José Ruiz,Sistemas,29,Masculino,5
252,Daniela Ramírez,Sistemas,19,Femenino,5
253,Luis Gómez,Psicología,34,Femenino,8
254,Sofía Vega,Educación,19,Femenino,10
255,María Díaz,Psicología,33,Masculino,1
256,Daniela Gómez,Contabilidad,20,Masculino,1
257,María Ramírez,Derecho,34,Masculino,6
258,Camila Castillo,Derecho,31,Femenino,10
259,Ana Díaz,Sistemas,28,Masculino,9
260,Pedro Castillo,Contabilidad,22,Femenino,2
261,Sofía Torres,Contabilidad,27,Femenino,3
262,Sofía Gómez,Contabilidad,35,Femenino,6
263,Carlos Vega,Sistemas,31,Femenino,1
264,Camila Castillo,Administración,24,Femenino,8
265,María López,Administración,22,Masculino,5
266,Luis Vega,Psicología,34,Masculino,6
267,Sofía Torres,Psicología,30,Masculino,3
268,Carlos Ruiz,Administración,32,Masculino,7
269,Camila López,Derecho,27,Femenino,4
270,Andrés López,Contabilidad,33,Masculino,6
271,Sofía Ramírez,Derecho,27,Femenino,9
272,Andrés Morales,Administración,24,Masculino,5
273,Ana Ramírez,Contabilidad,35,Masculino,9
274,Luis Castillo,Sistemas,23,Femenino,8
275,Andrés Torres,Derecho,20,Masculino,8
276,Camila Pérez,Derecho,19,Femenino,9
277,Camila López,Derecho,20,Femenino,4
278,Ana Díaz,Sistemas,28,Masculino,3
279,Ana Castillo,Derecho,22,Femenino,8
280,Sofía Pérez,Sistemas,18,Femenino,4
281,Carlos Vega,Educación,34,Femenino,2
282,José López,Contabilidad,21,Masculino,4
283,Pedro Ruiz,Derecho,20,Masculino,8
284,Sofía Vega,Sistemas,34,Masculino,3
285,José Morales,Sistemas,29,Masculino,10
286,Pedro Torres,Educación,20,Femenino,2
287,Andrés Vega,Psicología,34,Masculino,7
288,Daniela Pérez,Educación,30,Femenino,5
289,Ana Díaz,Sistemas,29,Masculino,2
290,Sofía Díaz,Administración,19,Femenino,9
291,Camila Torres,Educación,32,Femenino,3
292,Carlos Gómez,Educación,32,Masculino,5
293,María Pérez,Administración,19,Femenino,5
294,Andrés Morales,Psicología,33,Femenino,1
295,María Castillo,Contabilidad,19,Femenino,5
296,Luis Díaz,Derecho,30,Femenino,7
297,Camila Torres,Derecho,33,Femenino,9
298,José Gómez,Educación,31,Masculino,7
299,Sofía Torres,Psicología,27,Femenino,2
300,Luis Díaz,Educación,27,Femenino,8
301,Sofía Morales,Administración,32,Femenino,8
302,Ana Díaz,Psicología,31,Femenino,1
303,Luis Morales,Contabilidad,34,Masculino,1
304,Carlos Ruiz,Educación,32,Masculino,3
305,Luis López,Educación,29,Femenino,7
306,Sofía Pérez,Psicología,22,Femenino,6
307,Camila Ramírez,Sistemas,22,Femenino,7
308,Camila Castillo,Administración,21,Masculino,3
309,Daniela Vega,Derecho,35,Masculino,5
310,José Ramírez,Administración,27,Femenino,4
311,Luis Torres,Sistemas,32,Masculino,8
312,Luis Díaz,Educación,29,Masculino,9
313,Andrés Castillo,Contabilidad,23,Masculino,6
314,Andrés López,Sistemas,24,Masculino,4
315,Daniela Pérez,Contabilidad,35,Femenino,8
316,Andrés Torres,Psicología,20,Masculino,5
317,Pedro Ramírez,Psicología,31,Femenino,10
318,Luis Torres,Contabilidad,20,Femenino,8
319,Andrés Díaz,Administración,35,Masculino,3
320,Pedro Vega,Sistemas,21,Masculino,5
321,Carlos Torres,Contabilidad,25,Femenino,9
322,José Gómez,Contabilidad,24,Femenino,3
323,José Ruiz,Psicología,20,Masculino,10
324,Sofía Torres,Administración,28,Masculino,1
325,Luis Pérez,Educación,26,Masculino,10
326,Pedro Ruiz,Educación,18,Femenino,9
327,José Castillo,Derecho,25,Femenino,5
328,Daniela Gómez,Educación,19,Masculino,8
329,Pedro Ramírez,Derecho,24,Femenino,10
330,Carlos Díaz,Educación,28,Femenino,7
331,Carlos Díaz,Psicología,35,Masculino,6
332,María Ramírez,Sistemas,26,Femenino,4
333,Carlos Gómez,Sistemas,27,Femenino,10
334,Pedro López,Administración,28,Femenino,4
335,Carlos Ramírez,Psicología,32,Femenino,5
336,Daniela Pérez,Sistemas,30,Femenino,4
337,María Ruiz,Contabilidad,19,Masculino,5
338,Daniela Ruiz,Educación,33,Femenino,9
339,Ana Gómez,Derecho,22,Femenino,6
340,Pedro Díaz,Sistemas,30,Masculino,10
341,Andrés López,Contabilidad,35,Femenino,2
342,Pedro Vega,Derecho,35,Femenino,10
343,Sofía Gómez,Administración,21,Femenino,6
344,Camila Vega,Contabilidad,22,Masculino,10
345,Andrés Morales,Psicología,19,Masculino,1
346,Carlos Díaz,Derecho,34,Femenino,3
347,Sofía Vega,Administración,28,Femenino,3
348,Pedro Ruiz,Educación,27,Femenino,9
349,Andrés Vega,Derecho,27,Femenino,1
350,Camila Díaz,Educación,21,Femenino,10
351,José Pérez,Psicología,33,Femenino,10
352,Sofía López,Educación,19,Femenino,3
353,Andrés Ruiz,Derecho,22,Masculino,1
354,Sofía Gómez,Administración,18,Femenino,6
355,Pedro Torres,Derecho,24,Femenino,9
356,Sofía Ramírez,Educación,19,Masculino,9
357,María Vega,Contabilidad,33,Femenino,6
358,Carlos Ramírez,Psicología,28,Femenino,5
359,Sofía Ramírez,Administración,25,Femenino,9
360,José López,Contabilidad,27,Masculino,8
361,Camila Ramírez,Contabilidad,35,Femenino,5
362,Luis Ruiz,Educación,35,Femenino,7
363,Camila Torres,Contabilidad,19,Femenino,2
364,Camila Ramírez,Educación,26,Femenino,4
365,María Vega,Contabilidad,35,Femenino,3
366,Luis Ruiz,Educación,25,Masculino,1
367,Andrés López,Educación,25,Masculino,2
368,Pedro Díaz,Educación,33,Masculino,3
369,Ana Vega,Administración,31,Femenino,8
370,María Castillo,Contabilidad,27,Masculino,2
371,Sofía López,Psicología,19,Masculino,7
372,Carlos Pérez,Derecho,33,Masculino,5
373,Ana Pérez,Contabilidad,21,Femenino,5
374,Daniela Vega,Psicología,33,Masculino,9
375,Daniela Castillo,Administración,21,Femenino,3
376,Daniela Castillo,Educación,23,Masculino,6
377,José Ruiz,Educación,24,Masculino,10
378,Pedro Morales,Psicología,28,Masculino,7
379,Luis Torres,Administración,33,Femenino,4
380,Ana Castillo,Derecho,25,Femenino,5
381,Camila Castillo,Psicología,18,Femenino,6
382,María Pérez,Educación,21,Femenino,5
383,Carlos Morales,Educación,34,Femenino,2
384,José Díaz,Psicología,25,Masculino,3
385,Daniela Torres,Derecho,29,Femenino,9
386,Daniela Vega,Educación,24,Masculino,10
387,Luis Vega,Derecho,34,Femenino,2
388,Sofía Gómez,Sistemas,35,Masculino,10
389,Andrés Torres,Administración,28,Femenino,2
390,María Ruiz,Derecho,20,Femenino,1
391,Daniela Torres,Psicología,31,Femenino,10
392,Ana Vega,Derecho,27,Masculino,7
393,José Pérez,Educación,24,Masculino,1
394,Pedro Díaz,Educación,20,Masculino,2
395,Daniela Pérez,Contabilidad,31,Masculino,3
396,Pedro Díaz,Derecho,32,Femenino,7
397,Luis Vega,Administración,29,Masculino,3
398,Andrés Morales,Psicología,22,Masculino,1
399,Ana Castillo,Derecho,35,Femenino,9
400,Pedro López,Administración,32,Femenino,3
401,José López,Educación,21,Masculino,7
402,Sofía Pérez,Administración,24,Masculino,2
403,Sofía Pérez,Derecho,19,Masculino,1
404,Pedro Ramírez,Administración,35,Masculino,1
405,Carlos Vega,Contabilidad,25,Femenino,10
406,Sofía Díaz,Administración,27,Masculino,9
407,María Morales,Contabilidad,26,Masculino,9
408,Sofía Torres,Educación,31,Femenino,1
409,Camila Morales,Psicología,28,Femenino,7
410,Carlos Castillo,Derecho,23,Femenino,4
411,María Castillo,Educación,22,Femenino,1
412,Andrés Morales,Derecho,35,Masculino,7
413,María Castillo,Administración,28,Masculino,8
414,Camila Gómez,Psicología,24,Masculino,5
415,Pedro Ruiz,Psicología,19,Masculino,4
416,Sofía Vega,Administración,33,Masculino,6
417,José Pérez,Administración,24,Masculino,8
418,María Ruiz,Educación,24,Femenino,4
419,Andrés Díaz,Contabilidad,30,Femenino,9
420,Camila Castillo,Contabilidad,29,Femenino,8
421,Luis Ramírez,Contabilidad,24,Femenino,6
422,Pedro Pérez,Psicología,25,Masculino,1
423,José Vega,Psicología,31,Femenino,3
424,María Díaz,Administración,30,Masculino,8
425,Andrés Díaz,Contabilidad,33,Femenino,8
426,Carlos Díaz,Administración,22,Femenino,3
427,Andrés Pérez,Psicología,19,Masculino,1
428,Ana Morales,Administración,25,Masculino,3
429,Ana López,Psicología,32,Femenino,1
430,Sofía Ruiz,Derecho,33,Masculino,1
431,Andrés Vega,Derecho,18,Masculino,9
432,José Vega,Contabilidad,18,Femenino,3
433,Luis Gómez,Psicología,22,Masculino,4
434,Sofía Vega,Contabilidad,29,Femenino,7
435,Luis Díaz,Derecho,32,Masculino,4
436,José Gómez,Educación,19,Masculino,7
437,Pedro Morales,Psicología,33,Masculino,1
438,Carlos Gómez,Derecho,31,Femenino,10
439,Luis Vega,Sistemas,25,Masculino,10
440,Daniela Castillo,Sistemas,20,Femenino,9
441,Sofía Pérez,Administración,28,Masculino,4
442,Sofía Torres,Educación,30,Masculino,5
443,Carlos Ruiz,Administración,30,Femenino,7
444,Carlos Gómez,Psicología,29,Masculino,2
445,Pedro López,Sistemas,28,Femenino,6
446,Ana Castillo,Derecho,33,Masculino,6
447,Andrés Morales,Derecho,23,Femenino,2
448,Sofía Castillo,Administración,20,Masculino,5
449,Carlos Morales,Educación,22,Femenino,6
450,Camila Gómez,Sistemas,18,Femenino,8
451,Camila Castillo,Sistemas,22,Masculino,3
452,Pedro Ramírez,Psicología,35,Femenino,2
453,Ana Gómez,Contabilidad,35,Masculino,10
454,Sofía Díaz,Derecho,18,Femenino,7
455,Pedro Gómez,Educación,35,Masculino,10
456,Andrés Torres,Educación,30,Masculino,3
457,José Castillo,Contabilidad,33,Masculino,2
458,Carlos Morales,Contabilidad,31,Femenino,8
459,Luis Díaz,Contabilidad,25,Femenino,10
460,Sofía López,Derecho,21,Masculino,5
461,Ana Morales,Contabilidad,30,Femenino,8
462,Camila Morales,Educación,22,Femenino,6
463,Sofía López,Derecho,28,Masculino,7
464,Camila Castillo,Educación,33,Masculino,6
465,Pedro Castillo,Derecho,29,Masculino,10
466,María Ruiz,Psicología,23,Masculino,8
467,María Ramírez,Contabilidad,20,Femenino,8
468,Carlos Castillo,Administración,26,Masculino,7
469,Pedro Gómez,Derecho,33,Femenino,9
470,Andrés Morales,Psicología,19,Femenino,9
471,Sofía Gómez,Sistemas,25,Femenino,3
472,Sofía Pérez,Psicología,30,Femenino,7
473,Luis Pérez,Sistemas,26,Masculino,9
474,Andrés Vega,Psicología,25,Femenino,6
475,Pedro Ramírez,Educación,34,Masculino,6
476,Ana Ramírez,Sistemas,27,Femenino,2
477,Luis Torres,Contabilidad,27,Femenino,8
478,María Vega,Derecho,29,Femenino,2
479,Daniela Ramírez,Contabilidad,20,Femenino,1
480,Luis Pérez,Contabilidad,21,Masculino,4
481,Andrés Torres,Psicología,23,Femenino,9
482,Pedro Ramírez,Administración,30,Masculino,3
483,Pedro Morales,Sistemas,24,Femenino,10
484,Pedro Morales,Sistemas,24,Masculino,5
485,Luis Ruiz,Sistemas,35,Masculino,6
486,Camila López,Derecho,21,Femenino,8
487,Andrés Díaz,Psicología,30,Femenino,10
488,Luis Díaz,Contabilidad,32,Masculino,5
489,Sofía Ruiz,Sistemas,22,Femenino,2
490,María Castillo,Sistemas,23,Femenino,3
491,Andrés Morales,Derecho,22,Femenino,7
492,Carlos Ramírez,Educación,35,Masculino,9
493,Carlos Ramírez,Contabilidad,22,Masculino,6
494,Daniela Ruiz,Sistemas,29,Masculino,8
495,Carlos López,Derecho,35,Femenino,7
496,Daniela Morales,Educación,32,Femenino,3
497,Luis Ruiz,Sistemas,25,Femenino,1
498,José López,Psicología,27,Masculino,8
499,Sofía Ramírez,Psicología,34,Masculino,10
500,Luis Castillo,Psicología,29,Masculino,8
501,Andrés López,Derecho,21,Masculino,5
502,Ana Ramírez,Contabilidad,29,Masculino,8
503,Luis López,Administración,29,Femenino,3
504,Sofía Torres,Administración,24,Masculino,10
505,Camila Vega,Contabilidad,35,Masculino,6
506,José Castillo,Psicología,26,Masculino,3
507,Pedro Pérez,Contabilidad,22,Masculino,4
508,Carlos Díaz,Administración,30,Femenino,3
509,Sofía Castillo,Educación,31,Femenino,8
510,Luis Gómez,Derecho,34,Femenino,6
511,Daniela Ramírez,Contabilidad,18,Masculino,8
512,Camila Gómez,Psicología,30,Masculino,7
513,María Ramírez,Contabilidad,28,Femenino,6
514,Andrés Ruiz,Administración,33,Femenino,1
515,Ana Gómez,Educación,32,Masculino,2
516,Carlos Ramírez,Derecho,18,Femenino,4
517,Carlos Castillo,Administración,26,Masculino,6
518,José Gómez,Contabilidad,23,Masculino,7
519,José López,Derecho,20,Masculino,1
520,María Ramírez,Sistemas,22,Masculino,9
521,Daniela Pérez,Sistemas,28,Masculino,7
522,Carlos Ramírez,Sistemas,25,Femenino,2
523,Luis Gómez,Contabilidad,29,Femenino,3
524,Pedro Torres,Educación,22,Masculino,9
525,Sofía Pérez,Psicología,23,Femenino,6
526,María Torres,Derecho,32,Masculino,2
527,Luis Torres,Sistemas,30,Femenino,7
528,Camila Torres,Administración,26,Masculino,4
529,Andrés Ruiz,Psicología,27,Masculino,5
530,María Vega,Psicología,34,Masculino,7
531,José Pérez,Administración,33,Femenino,2
532,María Ramírez,Educación,20,Masculino,6
533,Camila Torres,Derecho,31,Femenino,9
534,Carlos Ramírez,Sistemas,18,Masculino,1
535,José López,Sistemas,19,Femenino,9
536,José Vega,Derecho,31,Femenino,2
537,Andrés Vega,Psicología,22,Femenino,2
538,José Gómez,Psicología,24,Masculino,9
539,Camila Morales,Psicología,20,Femenino,7
540,María Pérez,Administración,20,Femenino,2
541,Daniela Ruiz,Psicología,19,Femenino,3
542,Luis Pérez,Educación,22,Masculino,3
543,Daniela Díaz,Psicología,34,Femenino,3
544,Camila Torres,Educación,26,Masculino,1
545,Camila Morales,Contabilidad,34,Masculino,5
546,Sofía Gómez,Derecho,32,Femenino,1
547,Daniela Ruiz,Administración,29,Masculino,5
548,Luis Ruiz,Educación,21,Masculino,9
549,Ana Pérez,Sistemas,25,Masculino,8
550,Camila Morales,Administración,23,Masculino,9
551,Pedro López,Contabilidad,25,Femenino,6
552,José Gómez,Psicología,29,Masculino,9
553,Ana Torres,Administración,34,Masculino,7
554,Luis Ramírez,Contabilidad,27,Femenino,2
555,Andrés Ramírez,Sistemas,29,Masculino,5
556,Sofía Castillo,Educación,25,Femenino,6
557,Sofía Ramírez,Administración,35,Masculino,3
558,Ana Morales,Sistemas,25,Femenino,1
559,Camila Pérez,Educación,30,Femenino,2
560,María Vega,Administración,31,Femenino,1
561,Carlos Castillo,Sistemas,19,Masculino,9
562,Pedro Díaz,Derecho,20,Masculino,9
563,Carlos Morales,Sistemas,19,Femenino,3
564,María Castillo,Contabilidad,28,Femenino,6
565,Camila Ramírez,Contabilidad,25,Masculino,4
566,Carlos Ruiz,Sistemas,22,Masculino,3
567,Daniela Ramírez,Contabilidad,31,Masculino,9
568,Camila López,Derecho,27,Femenino,5
569,Luis Gómez,Administración,27,Masculino,4
570,Camila Torres,Sistemas,25,Femenino,7
571,Andrés Pérez,Educación,27,Femenino,3
572,Ana Morales,Derecho,35,Masculino,2
573,Daniela Gómez,Administración,21,Masculino,1
574,María Torres,Administración,30,Femenino,2
575,Sofía Ruiz,Contabilidad,20,Masculino,2
576,María Ramírez,Administración,20,Femenino,2
577,Ana Ramírez,Sistemas,23,Femenino,7
578,Daniela Pérez,Derecho,31,Masculino,6
579,María Torres,Contabilidad,26,Femenino,3
580,Ana Ruiz,Psicología,25,Femenino,8
581,Pedro Vega,Derecho,19,Masculino,5
582,Pedro Torres,Derecho,24,Masculino,9
583,Ana Morales,Educación,29,Femenino,9
584,Daniela Díaz,Psicología,34,Femenino,7
585,José Torres,Sistemas,28,Masculino,1
586,José Pérez,Derecho,34,Femenino,10
587,María Torres,Sistemas,25,Masculino,5
588,Andrés Pérez,Administración,30,Femenino,3
589,Carlos López,Psicología,28,Femenino,10
590,Ana Díaz,Psicología,22,Masculino,8
591,Andrés Castillo,Administración,33,Masculino,2
592,Ana López,Psicología,25,Masculino,9
593,Daniela Pérez,Contabilidad,24,Masculino,6
594,Carlos Díaz,Sistemas,18,Masculino,10
595,Carlos Gómez,Psicología,29,Masculino,6
596,Pedro Ruiz,Sistemas,28,Femenino,6
597,Carlos Torres,Educación,31,Femenino,6
598,Carlos Vega,Educación,29,Masculino,10
599,Carlos Morales,Contabilidad,27,Masculino,3
600,Ana Ruiz,Derecho,19,Masculino,10
601,Camila Ruiz,Administración,21,Femenino,3
602,Camila Gómez,Administración,29,Femenino,3
603,Luis Díaz,Derecho,18,Femenino,4
604,María Gómez,Contabilidad,26,Masculino,1
605,Ana Morales,Derecho,31,Masculino,7
606,Daniela Morales,Contabilidad,35,Femenino,2
607,Daniela Ruiz,Educación,25,Masculino,8
608,Luis Pérez,Contabilidad,18,Femenino,5
609,Luis Gómez,Contabilidad,23,Femenino,3
610,Luis Vega,Sistemas,28,Femenino,1
611,Pedro Torres,Psicología,31,Masculino,1
612,Luis Díaz,Administración,24,Femenino,9
613,Andrés Castillo,Educación,27,Femenino,4
614,Luis Pérez,Derecho,35,Femenino,3
615,Ana Díaz,Sistemas,31,Masculino,5
616,Sofía Ramírez,Administración,21,Masculino,4
617,Carlos Castillo,Sistemas,33,Masculino,5
618,Pedro Ramírez,Derecho,26,Masculino,9
619,Pedro Torres,Contabilidad,30,Femenino,3
620,Daniela Pérez,Contabilidad,32,Femenino,5
621,María Castillo,Psicología,19,Masculino,2
622,Luis Díaz,Psicología,31,Masculino,9
623,Ana Morales,Psicología,31,Femenino,10
624,María Ramírez,Contabilidad,20,Femenino,1
625,Andrés Ruiz,Psicología,22,Masculino,8
626,Carlos Torres,Administración,24,Masculino,1
627,Pedro Gómez,Educación,31,Masculino,3
628,Sofía Castillo,Contabilidad,20,Masculino,7
629,Andrés Morales,Psicología,28,Femenino,9
630,Daniela Pérez,Educación,34,Femenino,2
631,Pedro Torres,Administración,21,Masculino,10
632,Luis Castillo,Psicología,29,Femenino,5
633,Pedro Ramírez,Psicología,33,Masculino,3
634,José Morales,Administración,30,Masculino,7
635,Camila López,Sistemas,33,Femenino,6
636,Ana Díaz,Contabilidad,27,Femenino,8
637,Luis López,Administración,27,Femenino,6
638,José Morales,Psicología,20,Masculino,8
639,María Morales,Educación,33,Femenino,1
640,Andrés Torres,Sistemas,27,Femenino,3
641,Andrés Ruiz,Sistemas,23,Masculino,4
642,Ana López,Sistemas,32,Masculino,6
643,María Castillo,Contabilidad,32,Femenino,2
644,Ana López,Contabilidad,33,Femenino,3
645,Daniela Ruiz,Psicología,29,Femenino,3
646,José Gómez,Contabilidad,18,Femenino,1
647,Carlos Ruiz,Administración,25,Masculino,4
648,José Morales,Psicología,18,Masculino,8
649,Carlos Torres,Psicología,18,Masculino,5
650,Sofía Castillo,Educación,26,Femenino,7
651,Camila Ramírez,Contabilidad,24,Femenino,5
652,Andrés Ruiz,Derecho,21,Masculino,9
653,Camila Vega,Educación,27,Femenino,2
654,Daniela Gómez,Contabilidad,26,Femenino,5
655,José Castillo,Administración,22,Masculino,1
656,Sofía Morales,Educación,28,Masculino,1
657,Daniela Castillo,Contabilidad,31,Femenino,7
658,Ana Ruiz,Educación,24,Femenino,4
659,Andrés Ramírez,Educación,29,Femenino,3
660,Andrés Torres,Contabilidad,21,Femenino,3
661,José Vega,Administración,28,Masculino,4
662,Camila López,Educación,27,Femenino,6
663,Camila Castillo,Psicología,27,Femenino,2
664,Daniela Pérez,Educación,20,Femenino,4
665,Andrés Gómez,Educación,30,Femenino,7
666,Ana Torres,Administración,24,Femenino,7
667,Sofía Ramírez,Administración,28,Masculino,2
668,Daniela Díaz,Educación,23,Femenino,1
669,Ana Ramírez,Contabilidad,24,Masculino,10
670,Carlos Ramírez,Sistemas,22,Femenino,7
671,Pedro Morales,Derecho,30,Masculino,1
672,Andrés López,Educación,29,Masculino,6
673,Andrés López,Sistemas,18,Masculino,4
674,Camila Castillo,Administración,21,Femenino,9
675,Sofía Castillo,Administración,20,Masculino,5
676,José Ramírez,Educación,34,Femenino,7
677,Carlos Díaz,Derecho,29,Masculino,3
678,Pedro Pérez,Administración,25,Masculino,4
679,Ana Ruiz,Psicología,23,Masculino,6
680,Ana Morales,Educación,26,Masculino,10
681,Ana Gómez,Educación,18,Masculino,2
682,Pedro Ramírez,Derecho,21,Femenino,8
683,Carlos López,Educación,18,Femenino,7
684,Luis Vega,Contabilidad,22,Femenino,2
685,Andrés Ruiz,Sistemas,27,Masculino,2
686,Daniela López,Psicología,24,Femenino,9
687,María Díaz,Educación,31,Femenino,3
688,Ana Vega,Derecho,24,Femenino,6
689,María Pérez,Sistemas,20,Masculino,10
690,Daniela Torres,Sistemas,34,Masculino,2
691,José López,Derecho,27,Femenino,8
692,Ana Gómez,Administración,19,Femenino,6
693,Camila Morales,Educación,21,Masculino,1
694,Ana Torres,Educación,23,Femenino,6
695,Daniela Ruiz,Contabilidad,20,Femenino,6
696,Carlos Gómez,Derecho,30,Femenino,5
697,Pedro Ramírez,Derecho,23,Masculino,3
698,Ana Torres,Sistemas,31,Femenino,10
699,Daniela Torres,Psicología,30,Femenino,10
700,Ana Torres,Derecho,33,Masculino,7
701,Daniela Pérez,Sistemas,26,Femenino,1
702,Andrés Ruiz,Educación,25,Femenino,9
703,Andrés Ruiz,Sistemas,31,Masculino,8
704,Camila Morales,Administración,35,Masculino,1
705,Carlos Vega,Derecho,33,Masculino,2
706,Daniela Díaz,Administración,28,Femenino,1
707,Andrés López,Psicología,30,Femenino,4
708,Luis Ramírez,Derecho,32,Masculino,8
709,Daniela Díaz,Sistemas,33,Masculino,2
710,Pedro Morales,Sistemas,35,Masculino,2
711,Sofía Ruiz,Educación,27,Masculino,8
712,Camila Díaz,Sistemas,25,Femenino,6
713,Andrés Ruiz,Psicología,33,Femenino,8
714,Luis Gómez,Educación,25,Masculino,6
715,Camila Castillo,Psicología,34,Femenino,2
716,Ana Torres,Derecho,22,Femenino,2
717,José Ruiz,Administración,24,Masculino,7
718,María Ramírez,Administración,28,Masculino,7
719,Ana Ruiz,Sistemas,32,Femenino,10
720,Andrés Torres,Derecho,18,Masculino,9
721,Pedro Ruiz,Derecho,34,Masculino,10
722,Carlos Torres,Sistemas,30,Femenino,9
723,Pedro Morales,Psicología,25,Femenino,7
724,Camila Castillo,Derecho,22,Masculino,7
725,Sofía Vega,Contabilidad,35,Femenino,9
726,María López,Administración,27,Femenino,3
727,Carlos Vega,Psicología,28,Masculino,6
728,Andrés Ramírez,Psicología,31,Femenino,7
729,Ana Vega,Sistemas,18,Femenino,3
730,Ana Pérez,Administración,26,Masculino,5
731,José Torres,Sistemas,27,Masculino,9
732,Ana Díaz,Derecho,21,Masculino,9
733,Pedro López,Psicología,27,Masculino,7
734,Pedro Morales,Educación,28,Masculino,1
735,José López,Psicología,32,Masculino,6
736,Sofía Vega,Educación,24,Masculino,5
737,Daniela Torres,Educación,20,Masculino,3
738,Andrés Gómez,Derecho,19,Femenino,5
739,Andrés Castillo,Administración,23,Femenino,1
740,Camila Ramírez,Educación,22,Masculino,3
741,Camila Ruiz,Sistemas,27,Femenino,10
742,Andrés Díaz,Sistemas,28,Masculino,3
743,Andrés Gómez,Psicología,23,Femenino,9
744,Andrés Morales,Sistemas,29,Masculino,4
745,Camila Díaz,Contabilidad,27,Masculino,10
746,Andrés Ramírez,Psicología,18,Masculino,6
747,Daniela López,Educación,25,Masculino,6
748,Pedro Gómez,Derecho,26,Femenino,1
749,Andrés Díaz,Psicología,34,Femenino,8
750,Ana Castillo,Educación,24,Femenino,9
751,Luis Gómez,Administración,35,Masculino,2
752,María López,Educación,31,Masculino,4
753,Andrés Morales,Educación,20,Masculino,1
754,Daniela Díaz,Sistemas,20,Masculino,1
755,Carlos Castillo,Psicología,20,Masculino,5
756,Pedro Morales,Derecho,30,Femenino,6
757,Ana Morales,Educación,21,Masculino,10
758,Luis Ruiz,Sistemas,20,Femenino,9
759,Luis Castillo,Educación,27,Masculino,5
760,Daniela Morales,Derecho,18,Femenino,3
761,Andrés López,Administración,30,Femenino,3
762,José Díaz,Sistemas,35,Masculino,2
763,Ana Pérez,Psicología,30,Masculino,5
764,María Díaz,Administración,31,Masculino,3
765,Carlos López,Psicología,26,Masculino,2
766,Carlos Ruiz,Sistemas,35,Femenino,9
767,Luis Castillo,Educación,20,Femenino,2
768,María Ruiz,Derecho,28,Femenino,3
769,María Gómez,Contabilidad,20,Masculino,6
770,Daniela Ramírez,Contabilidad,27,Masculino,10
771,Sofía Díaz,Contabilidad,31,Masculino,1
772,Camila López,Administración,31,Femenino,6
773,Carlos Díaz,Derecho,32,Femenino,6
774,José Ramírez,Psicología,21,Masculino,10
775,Luis Castillo,Administración,35,Masculino,5
776,Luis Gómez,Sistemas,34,Masculino,10
777,Sofía Morales,Psicología,24,Masculino,9
778,José Vega,Psicología,33,Masculino,6
779,Pedro López,Psicología,27,Masculino,8
780,Andrés Vega,Sistemas,30,Femenino,9
781,Ana López,Psicología,23,Masculino,8
782,Carlos Torres,Psicología,22,Femenino,6
783,Ana López,Derecho,25,Masculino,5
784,Camila López,Sistemas,24,Femenino,7
785,Daniela Ramírez,Sistemas,19,Femenino,2
786,Andrés Castillo,Educación,26,Masculino,7
787,Pedro Díaz,Psicología,20,Femenino,7
788,María Vega,Derecho,29,Femenino,8
789,Daniela Ruiz,Sistemas,34,Masculino,8
790,Carlos López,Sistemas,34,Femenino,4
791,Carlos Torres,Administración,29,Masculino,4
792,Pedro Díaz,Educación,21,Femenino,8
793,Daniela López,Psicología,23,Femenino,1
794,María Pérez,Administración,23,Masculino,9
795,Ana Ruiz,Administración,19,Masculino,5
796,Carlos Vega,Derecho,18,Femenino,2
797,María Ramírez,Psicología,33,Femenino,3
798,María Morales,Psicología,22,Masculino,10
799,Andrés Castillo,Administración,28,Femenino,10
800,Sofía Gómez,Administración,30,Femenino,3
801,Luis Pérez,Administración,34,Femenino,3
802,Sofía Gómez,Administración,33,Masculino,9
803,Andrés Gómez,Sistemas,33,Masculino,10
804,Andrés Pérez,Educación,31,Femenino,6
805,Ana Vega,Derecho,25,Femenino,7
806,Camila Ruiz,Educación,21,Femenino,3
807,José Ramírez,Administración,20,Femenino,10
808,Andrés Morales,Contabilidad,24,Masculino,1
809,Sofía Vega,Sistemas,34,Masculino,7
810,María Díaz,Derecho,29,Masculino,3
811,Pedro Ruiz,Contabilidad,26,Femenino,10
812,Camila Ruiz,Contabilidad,30,Masculino,7
813,Andrés Vega,Derecho,23,Femenino,9
814,Andrés Ramírez,Contabilidad,27,Femenino,7
815,Carlos Gómez,Educación,25,Femenino,3
816,Luis López,Psicología,30,Femenino,9
817,Sofía Pérez,Administración,30,Masculino,2
818,Carlos Ramírez,Psicología,31,Masculino,2
819,José López,Contabilidad,20,Masculino,7
820,Pedro Ruiz,Educación,34,Femenino,10
821,Ana Torres,Educación,33,Femenino,1
822,María Vega,Contabilidad,24,Masculino,10
823,Andrés Vega,Educación,25,Masculino,1
824,Camila López,Educación,18,Masculino,2
825,José Morales,Contabilidad,30,Femenino,10
826,María Vega,Sistemas,20,Masculino,9
827,José Vega,Psicología,29,Femenino,5
828,María Ruiz,Administración,32,Femenino,10
829,Ana Castillo,Administración,31,Masculino,9
830,Luis Vega,Contabilidad,28,Masculino,9
831,José Vega,Psicología,26,Femenino,7
832,Sofía Ramírez,Administración,28,Femenino,8
833,Sofía Pérez,Derecho,21,Femenino,2
834,Pedro López,Educación,25,Femenino,7
835,Camila Vega,Psicología,18,Femenino,4
836,José Gómez,Derecho,28,Masculino,9
837,Carlos Ramírez,Contabilidad,29,Masculino,10
838,José Torres,Educación,24,Femenino,4
839,María López,Contabilidad,24,Masculino,4
840,María Ruiz,Contabilidad,22,Masculino,2
841,Luis Ramírez,Psicología,18,Masculino,8
842,Camila Ruiz,Contabilidad,33,Femenino,8
843,Carlos Vega,Contabilidad,30,Masculino,10
844,Carlos Pérez,Psicología,31,Femenino,9
845,Ana Vega,Contabilidad,30,Masculino,8
846,Luis Vega,Derecho,28,Masculino,1
847,María Morales,Psicología,21,Femenino,6
848,Sofía Castillo,Administración,35,Femenino,4
849,José Ramírez,Psicología,28,Femenino,3
850,Daniela Morales,Administración,31,Femenino,6
851,Pedro Castillo,Derecho,23,Masculino,10
852,María Gómez,Educación,26,Masculino,9
853,Pedro Morales,Administración,22,Masculino,8
854,Ana Torres,Derecho,33,Masculino,9
855,Andrés Díaz,Derecho,27,Femenino,9
856,Sofía Pérez,Derecho,21,Masculino,1
857,María Castillo,Derecho,21,Femenino,6
858,José Díaz,Contabilidad,35,Femenino,6
859,Ana Morales,Sistemas,29,Masculino,10
860,Sofía Vega,Administración,27,Femenino,6
861,Andrés Ramírez,Educación,32,Masculino,7
862,Sofía Castillo,Derecho,22,Masculino,6
863,Pedro Ruiz,Psicología,30,Masculino,2
864,Carlos Díaz,Administración,28,Femenino,5
865,José Ruiz,Educación,30,Femenino,8
866,Camila Ruiz,Psicología,32,Femenino,3
867,Carlos Pérez,Administración,25,Femenino,2
868,María Torres,Derecho,21,Masculino,2
869,Daniela Vega,Sistemas,18,Femenino,9
870,Luis Gómez,Contabilidad,22,Masculino,7
871,José López,Administración,27,Femenino,3
872,Carlos Vega,Administración,18,Masculino,6
873,Camila Ramírez,Derecho,35,Femenino,9
874,Daniela Torres,Educación,35,Masculino,10
875,Sofía Ramírez,Educación,31,Femenino,6
876,Daniela Vega,Administración,20,Femenino,5
877,Camila Morales,Contabilidad,22,Femenino,1
878,Ana Vega,Administración,29,Femenino,8
879,Andrés Pérez,Educación,33,Femenino,5
880,Ana Morales,Contabilidad,25,Masculino,9
881,Camila López,Derecho,35,Femenino,7
882,María Torres,Educación,30,Femenino,4
883,José Gómez,Derecho,25,Femenino,5
884,Andrés Castillo,Derecho,24,Masculino,3
885,Carlos Castillo,Sistemas,32,Femenino,5
886,Sofía Ramírez,Administración,28,Masculino,3
887,Ana Vega,Sistemas,23,Masculino,5
888,José Torres,Educación,32,Masculino,4
889,Luis Torres,Sistemas,33,Masculino,6
890,Pedro Castillo,Derecho,29,Femenino,1
891,Camila Gómez,Administración,19,Femenino,7
892,Luis Vega,Derecho,23,Masculino,5
893,Pedro Pérez,Sistemas,25,Femenino,8
894,María Pérez,Administración,32,Masculino,9
895,María Ramírez,Derecho,27,Femenino,3
896,Ana Vega,Psicología,21,Femenino,8
897,José López,Contabilidad,19,Masculino,2
898,María Morales,Contabilidad,18,Masculino,5
899,Sofía Gómez,Derecho,25,Masculino,1
900,Sofía Ramírez,Educación,22,Femenino,2
901,María Torres,Derecho,20,Femenino,1
902,Ana Díaz,Educación,22,Masculino,3
903,Daniela López,Contabilidad,35,Femenino,8
904,María Pérez,Educación,30,Femenino,3
905,José Pérez,Derecho,32,Femenino,9
906,Daniela López,Psicología,23,Femenino,6
907,Daniela Castillo,Psicología,35,Masculino,2
908,Andrés Torres,Derecho,27,Femenino,9
909,Camila Ramírez,Sistemas,34,Femenino,3
910,Ana Ruiz,Contabilidad,25,Femenino,2
911,Andrés Morales,Administración,34,Femenino,9
912,Carlos Ruiz,Contabilidad,28,Femenino,6
913,Luis Gómez,Psicología,20,Masculino,3
914,Carlos Pérez,Administración,21,Femenino,4
915,Luis Pérez,Psicología,30,Femenino,9
916,Sofía Ruiz,Contabilidad,19,Femenino,4
917,Sofía Gómez,Sistemas,24,Femenino,2
918,Daniela Pérez,Contabilidad,35,Femenino,6
919,Ana Ruiz,Contabilidad,34,Masculino,2
920,José Gómez,Administración,34,Masculino,2
921,María Vega,Derecho,24,Masculino,9
922,María Ruiz,Educación,23,Femenino,2
923,Sofía Díaz,Educación,32,Femenino,2
924,Carlos Torres,Psicología,30,Femenino,3
925,Andrés Ruiz,Derecho,29,Femenino,9
926,Camila Díaz,Derecho,31,Femenino,10
927,María Ruiz,Psicología,24,Femenino,9
928,José Díaz,Derecho,32,Femenino,1
929,Ana Castillo,Psicología,18,Masculino,5
930,Ana Castillo,Administración,24,Femenino,1
931,José Vega,Psicología,35,Masculino,2
932,Ana Ramírez,Contabilidad,22,Masculino,5
933,Camila Ruiz,Administración,25,Femenino,5
934,Luis Ruiz,Derecho,24,Masculino,6
935,Daniela Torres,Derecho,21,Femenino,1
936,Sofía Morales,Sistemas,19,Femenino,6
937,Pedro Morales,Sistemas,25,Masculino,7
938,Ana Castillo,Psicología,19,Femenino,9
939,Sofía Torres,Contabilidad,34,Masculino,3
940,Ana Morales,Derecho,34,Masculino,4
941,Pedro Castillo,Derecho,22,Masculino,6
942,Luis Ramírez,Psicología,19,Femenino,5
943,Luis Morales,Psicología,31,Masculino,3
944,Daniela Vega,Administración,33,Femenino,10
945,María Vega,Psicología,34,Masculino,4
946,Luis Castillo,Derecho,28,Masculino,2
947,Pedro Morales,Contabilidad,29,Masculino,6
948,Camila Ruiz,Educación,18,Femenino,3
949,Camila Ruiz,Derecho,22,Femenino,1
950,María López,Educación,29,Masculino,2
951,Luis Pérez,Administración,22,Femenino,1
952,Camila Gómez,Contabilidad,32,Femenino,1
953,Camila López,Educación,35,Masculino,4
954,Andrés Vega,Contabilidad,35,Femenino,10
955,Carlos Pérez,Derecho,34,Masculino,5
956,Carlos Pérez,Contabilidad,24,Femenino,1
957,Daniela Pérez,Sistemas,30,Femenino,6
958,Luis Pérez,Contabilidad,30,Masculino,7
959,Andrés Gómez,Contabilidad,33,Masculino,3
960,María Vega,Derecho,35,Masculino,1
961,María Vega,Contabilidad,28,Femenino,7
962,Carlos Pérez,Contabilidad,29,Femenino,5
963,María Vega,Contabilidad,19,Femenino,7
964,Ana Vega,Contabilidad,25,Masculino,6
965,Pedro Torres,Sistemas,30,Masculino,7
966,María Ruiz,Administración,31,Femenino,10
967,Camila Ramírez,Psicología,22,Masculino,3
968,Sofía Vega,Educación,24,Masculino,5
969,Andrés Torres,Derecho,22,Masculino,6
970,Luis Vega,Psicología,21,Masculino,6
971,Carlos Pérez,Contabilidad,31,Femenino,5
972,Daniela Castillo,Administración,24,Masculino,3
973,Carlos Pérez,Psicología,26,Masculino,10
974,María López,Educación,18,Femenino,2
975,Daniela Torres,Psicología,33,Femenino,3
976,Pedro Ramírez,Derecho,22,Masculino,4
977,María Pérez,Derecho,18,Femenino,7
978,María López,Administración,20,Masculino,8
979,Sofía Ramírez,Educación,28,Femenino,4
980,Pedro Morales,Sistemas,30,Femenino,7
981,Sofía Ruiz,Psicología,35,Masculino,9
982,Luis Ramírez,Derecho,19,Masculino,9
983,Andrés Morales,Educación,19,Femenino,9
984,Ana López,Contabilidad,32,Femenino,5
985,José Ramírez,Administración,31,Femenino,10
986,Ana Vega,Administración,32,Femenino,2
987,Andrés Gómez,Administración,35,Masculino,7
988,Pedro Díaz,Derecho,18,Masculino,8
989,Sofía López,Derecho,20,Femenino,6
990,Carlos Gómez,Sistemas,21,Femenino,6
991,Luis Vega,Educación,30,Masculino,7
992,Andrés Morales,Sistemas,23,Femenino,10
993,Carlos Torres,Administración,23,Masculino,7
994,José Castillo,Educación,32,Femenino,3
995,Luis Torres,Administración,18,Femenino,1
996,Daniela Ramírez,Derecho,35,Masculino,10
997,Daniela López,Administración,33,Femenino,7
998,Daniela Gómez,Psicología,18,Masculino,9
999,José Ruiz,Educación,35,Masculino,1
1000,Carlos Torres,Sistemas,29,Masculino,3
1001,Ana Ruiz,Psicología,27,Femenino,2
1002,Ana Gómez,Derecho,23,Masculino,5
1003,Sofía Ruiz,Psicología,35,Masculino,8
1004,Sofía Díaz,Sistemas,20,Femenino,6
1005,Camila Morales,Sistemas,31,Masculino,5
1006,Daniela Torres,Sistemas,26,Femenino,9
1007,Pedro Vega,Administración,24,Masculino,2
1008,Sofía Vega,Sistemas,33,Femenino,7
1009,Sofía Díaz,Contabilidad,34,Femenino,3
1010,Sofía Ruiz,Derecho,34,Femenino,8
1011,Carlos Ruiz,Administración,27,Masculino,1
1012,Luis Pérez,Derecho,21,Masculino,10
1013,Pedro Morales,Sistemas,28,Femenino,9
1014,María Pérez,Educación,24,Femenino,5
1015,Luis Castillo,Contabilidad,34,Femenino,1
1016,Luis Díaz,Contabilidad,30,Masculino,3
1017,María Díaz,Contabilidad,33,Femenino,1
1018,Carlos Ramírez,Administración,32,Femenino,8
1019,Pedro Pérez,Psicología,27,Femenino,9
1020,Andrés Pérez,Administración,28,Femenino,2
1021,Carlos Castillo,Sistemas,28,Femenino,9
1022,Carlos Ruiz,Psicología,30,Masculino,10
1023,Luis Castillo,Educación,28,Masculino,5
1024,Pedro Gómez,Derecho,25,Femenino,8
1025,José López,Psicología,27,Masculino,2
1026,Camila Pérez,Administración,20,Femenino,9
1027,Ana Ramírez,Psicología,22,Masculino,6
1028,Daniela Vega,Contabilidad,28,Masculino,2
1029,Andrés Torres,Administración,19,Femenino,7
1030,Andrés Gómez,Sistemas,27,Masculino,10
1031,Luis Díaz,Derecho,19,Masculino,9
1032,José Pérez,Psicología,27,Masculino,6
1033,María López,Contabilidad,26,Femenino,8
1034,Luis Castillo,Administración,23,Femenino,2
1035,Ana Ruiz,Psicología,34,Masculino,4
1036,Andrés Díaz,Psicología,28,Femenino,3
1037,José Ruiz,Administración,23,Masculino,5
1038,Sofía Díaz,Psicología,32,Masculino,3
1039,Ana Ramírez,Educación,19,Masculino,7
1040,Ana Gómez,Derecho,30,Masculino,10
1041,Sofía Ramírez,Psicología,29,Femenino,6
1042,María Vega,Sistemas,32,Masculino,2
1043,Daniela Gómez,Derecho,27,Femenino,8
1044,María López,Administración,26,Femenino,7
1045,Carlos Díaz,Contabilidad,32,Femenino,1
1046,Luis Ramírez,Sistemas,29,Femenino,8
1047,Carlos Castillo,Contabilidad,22,Masculino,7
1048,Luis Díaz,Psicología,20,Femenino,9
1049,Daniela Morales,Psicología,31,Masculino,10
1050,María Vega,Administración,33,Femenino,2
1051,Camila López,Educación,31,Femenino,10
1052,Camila Vega,Educación,25,Masculino,2
1053,Sofía Ramírez,Sistemas,32,Femenino,9
1054,Luis Ramírez,Administración,27,Femenino,2
1055,Sofía Gómez,Educación,30,Femenino,8
1056,Ana Gómez,Administración,22,Masculino,3
1057,Carlos Ramírez,Psicología,27,Femenino,10
1058,Sofía Ramírez,Administración,24,Femenino,5
1059,Sofía Castillo,Derecho,29,Masculino,10
1060,Ana Ruiz,Psicología,30,Masculino,5
1061,Ana Díaz,Psicología,19,Masculino,9
1062,Camila Gómez,Contabilidad,18,Masculino,7
1063,Sofía Morales,Educación,28,Femenino,7
1064,Pedro Morales,Psicología,24,Masculino,8
1065,Carlos López,Psicología,30,Femenino,7
1066,Carlos Castillo,Educación,22,Masculino,1
1067,Luis Pérez,Administración,33,Femenino,3
1068,Luis Torres,Educación,31,Femenino,10
1069,Pedro Ruiz,Administración,32,Femenino,9
1070,Daniela Morales,Contabilidad,25,Masculino,7
1071,Sofía Pérez,Psicología,33,Masculino,9
1072,José Morales,Psicología,29,Masculino,1
1073,Sofía Ramírez,Educación,29,Masculino,10
1074,Daniela Gómez,Administración,34,Femenino,8
1075,Andrés Gómez,Psicología,20,Masculino,8
1076,Luis Vega,Psicología,27,Masculino,6
1077,Andrés Pérez,Derecho,32,Femenino,10
1078,Camila Morales,Contabilidad,27,Femenino,3
1079,Ana Ruiz,Educación,27,Femenino,1
1080,Daniela Ruiz,Administración,19,Femenino,10
1081,Ana Castillo,Derecho,20,Masculino,9
1082,Luis Castillo,Contabilidad,22,Femenino,5
1083,José Pérez,Educación,21,Masculino,10
1084,Carlos Ramírez,Contabilidad,23,Femenino,4
1085,Daniela Torres,Psicología,19,Femenino,2
1086,Carlos Ruiz,Administración,33,Femenino,7
1087,María Ramírez,Educación,23,Masculino,10
1088,Camila Pérez,Educación,26,Masculino,1
1089,Carlos Ramírez,Derecho,33,Femenino,8
1090,Andrés López,Derecho,30,Femenino,5
1091,Carlos Vega,Derecho,18,Femenino,8
1092,Pedro Díaz,Psicología,19,Masculino,9
1093,Camila Morales,Psicología,26,Femenino,5
1094,José Gómez,Contabilidad,30,Femenino,4
1095,Sofía López,Psicología,28,Masculino,6
1096,Andrés Pérez,Educación,18,Masculino,1
1097,Pedro Gómez,Psicología,21,Femenino,6
1098,María Castillo,Contabilidad,24,Masculino,1
1099,Sofía Gómez,Sistemas,24,Masculino,2
1100,Luis Ruiz,Administración,30,Masculino,2
1101,Carlos Castillo,Contabilidad,32,Masculino,8
1102,José Morales,Educación,28,Femenino,3
1103,Luis Castillo,Sistemas,30,Femenino,6
1104,Ana Castillo,Contabilidad,23,Femenino,2
1105,Daniela López,Psicología,30,Masculino,8
1106,Luis Torres,Psicología,31,Masculino,10
1107,Luis Ramírez,Educación,26,Masculino,1
1108,Luis Gómez,Psicología,26,Femenino,1
1109,Daniela Torres,Educación,18,Masculino,7
1110,José Torres,Educación,28,Femenino,10
1111,Ana Vega,Educación,33,Femenino,7
1112,Pedro Gómez,Psicología,25,Masculino,7
1113,Daniela Gómez,Psicología,35,Femenino,6
1114,José Morales,Sistemas,20,Femenino,9
1115,Camila Gómez,Derecho,27,Masculino,3
1116,Andrés Pérez,Derecho,24,Femenino,7
1117,Luis Díaz,Derecho,20,Femenino,4
1118,Carlos Pérez,Administración,18,Masculino,8
1119,Pedro Gómez,Psicología,27,Femenino,9
1120,Daniela Pérez,Sistemas,28,Masculino,6
1121,Ana Morales,Sistemas,24,Femenino,9
1122,Carlos Ruiz,Administración,20,Masculino,3
1123,Daniela Pérez,Derecho,19,Masculino,3
1124,Ana Torres,Educación,19,Femenino,2
1125,Daniela Ruiz,Administración,20,Masculino,2
1126,Daniela Ruiz,Psicología,25,Masculino,4
1127,Pedro Díaz,Educación,30,Femenino,2
1128,Sofía Vega,Administración,28,Masculino,1
1129,Sofía Torres,Contabilidad,20,Masculino,5
1130,Carlos Morales,Administración,29,Masculino,8
1131,María Ruiz,Sistemas,22,Masculino,10
1132,Pedro Torres,Sistemas,33,Masculino,1
1133,Ana Torres,Sistemas,27,Femenino,8
1134,Carlos López,Administración,26,Femenino,7
1135,María Torres,Psicología,19,Masculino,8
1136,Sofía Gómez,Educación,27,Femenino,7
1137,Ana Vega,Administración,24,Masculino,9
1138,Luis Ruiz,Contabilidad,35,Masculino,8
1139,María Castillo,Sistemas,24,Masculino,3
1140,Daniela Ramírez,Administración,23,Masculino,1
1141,Camila Castillo,Administración,31,Femenino,6
1142,Sofía Ramírez,Sistemas,21,Masculino,9
1143,Carlos Torres,Sistemas,33,Masculino,2
1144,María Ramírez,Psicología,28,Femenino,4
1145,Camila López,Sistemas,28,Masculino,2
1146,María Morales,Administración,30,Masculino,2
1147,Daniela Ruiz,Derecho,19,Femenino,3
1148,María Ruiz,Derecho,23,Femenino,6
1149,Carlos Ramírez,Educación,24,Femenino,5
1150,María Díaz,Administración,19,Masculino,5
1151,Carlos Gómez,Derecho,32,Femenino,3
1152,Camila López,Contabilidad,23,Masculino,10
1153,Andrés López,Sistemas,31,Femenino,4
1154,Sofía Ramírez,Derecho,26,Masculino,7
1155,María López,Contabilidad,31,Masculino,10
1156,Carlos Ruiz,Sistemas,31,Masculino,1
1157,Daniela Vega,Sistemas,31,Femenino,8
1158,Luis Ramírez,Derecho,25,Masculino,9
1159,Ana Morales,Administración,22,Femenino,5
1160,María Gómez,Sistemas,33,Femenino,3
1161,Daniela Ruiz,Educación,18,Femenino,8
1162,Carlos Morales,Administración,29,Femenino,1
1163,Luis Morales,Educación,28,Masculino,5
1164,Pedro Castillo,Educación,35,Masculino,2
1165,Sofía Díaz,Educación,19,Femenino,1
1166,Luis Morales,Contabilidad,32,Masculino,6
1167,Camila Torres,Educación,35,Masculino,9
1168,María Torres,Contabilidad,25,Masculino,8
1169,Sofía López,Educación,25,Femenino,6
1170,José Vega,Educación,31,Femenino,1
1171,Luis Díaz,Contabilidad,32,Femenino,9
1172,Andrés Gómez,Derecho,35,Femenino,8
1173,Sofía Díaz,Educación,20,Masculino,8
1174,Luis Gómez,Derecho,23,Femenino,2
1175,Luis Torres,Contabilidad,21,Masculino,8
1176,Carlos López,Psicología,18,Femenino,7
1177,Andrés Torres,Derecho,29,Femenino,8
1178,Ana Castillo,Administración,20,Masculino,4
1179,Andrés Díaz,Derecho,28,Femenino,8
1180,Sofía Vega,Psicología,32,Femenino,5
1181,Sofía Torres,Contabilidad,23,Femenino,4
1182,Daniela Díaz,Contabilidad,19,Masculino,6
1183,José Ramírez,Administración,23,Femenino,3
1184,Carlos Torres,Administración,25,Masculino,1
1185,Camila Ruiz,Administración,32,Femenino,6
1186,Carlos López,Psicología,19,Femenino,6
1187,Carlos Díaz,Derecho,35,Masculino,9
1188,José Gómez,Sistemas,30,Femenino,3
1189,Daniela Díaz,Administración,18,Femenino,5
1190,Daniela Castillo,Psicología,22,Femenino,6
1191,Luis Ramírez,Sistemas,22,Masculino,5
1192,Ana Morales,Psicología,25,Femenino,6
1193,Luis Díaz,Sistemas,24,Masculino,5
1194,María Pérez,Sistemas,35,Femenino,2
1195,Andrés Morales,Administración,33,Femenino,10
1196,Sofía Vega,Sistemas,29,Femenino,3
1197,Pedro Díaz,Derecho,29,Masculino,5
1198,Camila Díaz,Contabilidad,32,Masculino,4
1199,Daniela Morales,Derecho,27,Masculino,7
1200,Pedro Torres,Psicología,20,Masculino,4
1201,José Ramírez,Psicología,28,Masculino,10
1202,Pedro Gómez,Sistemas,31,Femenino,7
1203,Carlos Vega,Derecho,22,Masculino,3
1204,Pedro Castillo,Psicología,33,Masculino,5
1205,Sofía Castillo,Derecho,35,Femenino,4
1206,Ana Pérez,Administración,26,Femenino,8
1207,Luis Castillo,Derecho,23,Femenino,4
1208,Ana Gómez,Contabilidad,33,Masculino,10
1209,Camila Ruiz,Derecho,31,Femenino,8
1210,Luis Díaz,Psicología,18,Femenino,3
1211,Sofía Pérez,Administración,28,Femenino,3
1212,Camila Torres,Sistemas,26,Femenino,7
1213,Camila Pérez,Contabilidad,27,Masculino,9
1214,María Torres,Sistemas,23,Femenino,6
1215,José Castillo,Educación,29,Masculino,9
1216,Sofía Díaz,Administración,18,Masculino,9
1217,José Díaz,Derecho,31,Femenino,3
1218,Luis López,Administración,34,Masculino,4
1219,Andrés Ruiz,Educación,34,Masculino,7
1220,Daniela Gómez,Sistemas,22,Masculino,8
1221,Camila Castillo,Educación,29,Masculino,8
1222,Sofía Vega,Contabilidad,23,Femenino,1
1223,Luis López,Administración,22,Masculino,5
1224,Carlos López,Administración,20,Femenino,2
1225,Luis Pérez,Derecho,31,Masculino,4
1226,Luis Pérez,Educación,34,Masculino,8
1227,Luis Castillo,Sistemas,20,Femenino,1
1228,Luis Gómez,Psicología,24,Masculino,3
1229,Camila Pérez,Sistemas,22,Femenino,10
1230,Camila Díaz,Administración,34,Masculino,9
1231,Sofía Gómez,Sistemas,18,Masculino,4
1232,José Torres,Psicología,18,Masculino,4
1233,Andrés Ramírez,Contabilidad,23,Femenino,2
1234,Carlos Díaz,Derecho,31,Masculino,9
1235,María Morales,Sistemas,28,Masculino,8
1236,Luis Vega,Administración,33,Femenino,5
1237,Andrés Pérez,Sistemas,28,Femenino,2
1238,Pedro Castillo,Derecho,27,Femenino,4
1239,Andrés Morales,Contabilidad,31,Masculino,2
1240,Daniela Díaz,Administración,18,Femenino,2
1241,Pedro Ramírez,Psicología,20,Masculino,3
1242,Pedro Morales,Educación,21,Masculino,2
1243,Camila López,Contabilidad,24,Femenino,2
1244,María Morales,Educación,33,Femenino,10
1245,Sofía Castillo,Educación,30,Femenino,8
1246,Sofía Morales,Derecho,34,Femenino,3
1247,Daniela Gómez,Sistemas,26,Femenino,8
1248,María Torres,Sistemas,21,Masculino,2
1249,Daniela Pérez,Administración,30,Femenino,3
1250,José Ruiz,Psicología,21,Masculino,9
1251,Daniela Ramírez,Administración,27,Femenino,8
1252,Andrés Castillo,Psicología,28,Masculino,1
1253,Pedro Gómez,Derecho,32,Femenino,7
1254,Daniela Ramírez,Sistemas,19,Masculino,9
1255,José Torres,Derecho,31,Masculino,5
1256,Pedro Ramírez,Sistemas,33,Femenino,8
1257,Andrés Torres,Psicología,19,Femenino,5
1258,Daniela Ruiz,Derecho,29,Femenino,6
1259,Ana Pérez,Psicología,19,Masculino,6
1260,Camila Ruiz,Sistemas,28,Femenino,2
1261,Pedro Díaz,Contabilidad,31,Femenino,1
1262,María López,Administración,27,Masculino,2
1263,José Gómez,Contabilidad,23,Masculino,9
1264,Camila Pérez,Derecho,31,Femenino,5
1265,Ana Ramírez,Psicología,18,Femenino,7
1266,Sofía Morales,Contabilidad,21,Femenino,2
1267,María Díaz,Derecho,34,Femenino,3
1268,Sofía Castillo,Contabilidad,31,Masculino,8
1269,Luis Vega,Administración,27,Femenino,1
1270,José Ruiz,Derecho,25,Masculino,10
1271,Luis Ruiz,Contabilidad,26,Masculino,10
1272,Andrés Ramírez,Derecho,24,Femenino,2
1273,José Vega,Contabilidad,31,Femenino,4
1274,Pedro Morales,Contabilidad,34,Femenino,9
1275,Carlos Pérez,Educación,34,Masculino,10
1276,Daniela López,Educación,32,Femenino,9
1277,Sofía Morales,Psicología,19,Masculino,6
1278,Daniela Torres,Administración,22,Femenino,7
1279,Pedro Díaz,Sistemas,24,Femenino,5
1280,José Torres,Contabilidad,25,Femenino,4
1281,Luis Torres,Administración,18,Masculino,5
1282,Daniela Ramírez,Psicología,31,Femenino,1
1283,María Torres,Contabilidad,22,Masculino,5
1284,José Vega,Administración,19,Femenino,1
1285,Ana Gómez,Contabilidad,27,Masculino,7
1286,Camila Gómez,Derecho,22,Masculino,2
1287,Sofía Vega,Sistemas,34,Femenino,8
1288,Luis López,Psicología,21,Femenino,6
1289,Sofía Morales,Educación,25,Femenino,4
1290,Carlos Gómez,Administración,24,Femenino,8
1291,Pedro Castillo,Psicología,19,Femenino,9
1292,Camila Gómez,Contabilidad,35,Femenino,8
1293,María Castillo,Administración,29,Femenino,6
1294,José Pérez,Educación,19,Masculino,4
1295,José Vega,Derecho,27,Femenino,2
1296,Andrés López,Derecho,30,Masculino,7
1297,José Castillo,Sistemas,25,Femenino,4
1298,Carlos Ramírez,Educación,28,Femenino,1
1299,José Gómez,Derecho,33,Femenino,6
1300,Pedro Gómez,Administración,26,Masculino,6
1301,Pedro Ruiz,Educación,35,Femenino,8
1302,Ana Pérez,Educación,23,Femenino,3
1303,Ana Morales,Administración,27,Femenino,10
1304,Luis Gómez,Administración,25,Masculino,10
1305,Pedro Díaz,Derecho,33,Masculino,5
1306,Carlos Ruiz,Contabilidad,27,Masculino,2
1307,Pedro Díaz,Administración,30,Femenino,10
1308,María Pérez,Sistemas,35,Masculino,2
1309,Daniela López,Contabilidad,23,Masculino,7
1310,Sofía Morales,Psicología,26,Masculino,2
1311,Camila Torres,Psicología,21,Masculino,9
1312,Pedro Ramírez,Educación,33,Masculino,4
1313,María López,Contabilidad,27,Femenino,7
1314,Carlos Morales,Administración,24,Femenino,4
1315,Pedro Torres,Derecho,22,Masculino,5
1316,José López,Psicología,32,Masculino,6
1317,Sofía Ramírez,Sistemas,18,Femenino,3
1318,Camila Morales,Educación,24,Femenino,7
1319,Sofía Castillo,Sistemas,21,Masculino,1
1320,Camila López,Derecho,29,Masculino,1
1321,José Vega,Psicología,30,Femenino,7
1322,Camila Torres,Psicología,19,Masculino,5
1323,Carlos Vega,Derecho,28,Femenino,3
1324,Luis Díaz,Educación,34,Femenino,3
1325,José Gómez,Contabilidad,19,Masculino,8
1326,José Díaz,Derecho,27,Femenino,10
1327,José Vega,Contabilidad,31,Masculino,6
1328,Daniela Torres,Psicología,32,Masculino,4
1329,Carlos Pérez,Administración,23,Masculino,8
1330,José Torres,Educación,32,Femenino,2
1331,Daniela Pérez,Derecho,29,Femenino,8
1332,Daniela Gómez,Educación,22,Masculino,6
1333,Luis López,Contabilidad,23,Masculino,9
1334,José Ruiz,Educación,24,Masculino,9
1335,Sofía Torres,Derecho,20,Masculino,8
1336,Luis Díaz,Sistemas,27,Masculino,7
1337,Camila Ruiz,Sistemas,28,Masculino,1
1338,Luis Ramírez,Educación,33,Femenino,5
1339,Sofía Pérez,Contabilidad,19,Femenino,6
1340,Sofía Torres,Administración,19,Femenino,6
1341,Ana Gómez,Psicología,30,Masculino,7
1342,José Torres,Administración,30,Masculino,1
1343,María Torres,Derecho,30,Femenino,3
1344,Luis Castillo,Derecho,31,Femenino,10
1345,Carlos Díaz,Educación,21,Femenino,9
1346,María Ramírez,Derecho,30,Femenino,5
1347,Sofía Ruiz,Derecho,20,Femenino,6
1348,Sofía Torres,Derecho,31,Masculino,1
1349,Andrés Díaz,Derecho,25,Masculino,8
1350,Andrés Vega,Sistemas,27,Femenino,7
1351,Luis Ramírez,Contabilidad,22,Masculino,5
1352,María Vega,Derecho,27,Masculino,9
1353,Luis Pérez,Psicología,21,Femenino,7
1354,Luis Ramírez,Educación,26,Femenino,5
1355,Sofía Gómez,Psicología,18,Masculino,8
1356,Carlos Torres,Derecho,19,Masculino,7
1357,José Díaz,Psicología,32,Femenino,10
1358,José Díaz,Administración,24,Masculino,2
1359,Sofía Castillo,Educación,21,Femenino,9
1360,Ana Pérez,Derecho,21,Masculino,3
1361,Daniela Ramírez,Educación,30,Femenino,5
1362,Sofía Ruiz,Contabilidad,30,Femenino,2
1363,Carlos Torres,Sistemas,24,Masculino,1
1364,María Pérez,Administración,33,Masculino,4
1365,Pedro Vega,Administración,20,Femenino,8
1366,Carlos Ramírez,Derecho,18,Masculino,3
1367,Carlos Ramírez,Derecho,33,Masculino,8
1368,Sofía López,Administración,27,Femenino,1
1369,Camila Pérez,Sistemas,31,Femenino,8
1370,Sofía Ruiz,Educación,35,Femenino,1
1371,Daniela Morales,Derecho,34,Femenino,4
1372,Ana Vega,Sistemas,31,Femenino,9
1373,Luis Castillo,Educación,31,Femenino,2
1374,Daniela Ruiz,Educación,29,Femenino,7
1375,Ana Torres,Contabilidad,24,Femenino,6
1376,Daniela López,Psicología,25,Femenino,10
1377,Daniela Torres,Contabilidad,30,Femenino,6
1378,Daniela Torres,Psicología,24,Femenino,2
1379,Daniela Torres,Administración,24,Masculino,10
1380,Daniela Gómez,Derecho,33,Femenino,4
1381,María Vega,Sistemas,18,Femenino,5
1382,Camila Torres,Administración,34,Masculino,2
1383,Camila Morales,Sistemas,25,Masculino,9
1384,María Ramírez,Contabilidad,28,Femenino,1
1385,Andrés Castillo,Administración,34,Masculino,1
1386,Daniela Ramírez,Sistemas,21,Masculino,9
1387,Ana Vega,Sistemas,23,Masculino,4
1388,Camila Torres,Educación,27,Femenino,9
1389,Daniela Gómez,Administración,29,Femenino,3
1390,Luis López,Derecho,31,Masculino,4
1391,Daniela Díaz,Contabilidad,34,Masculino,2
1392,José Díaz,Educación,31,Femenino,4
1393,Carlos Vega,Derecho,25,Masculino,7
1394,Pedro Morales,Derecho,34,Femenino,1
1395,Daniela Torres,Sistemas,34,Masculino,2
1396,Camila Díaz,Derecho,23,Femenino,1
1397,Pedro Pérez,Educación,22,Masculino,9
1398,José Morales,Derecho,35,Femenino,6
1399,Camila Pérez,Contabilidad,34,Masculino,7
1400,Daniela López,Psicología,32,Femenino,7
1401,María Castillo,Sistemas,19,Femenino,7
1402,Carlos Vega,Psicología,27,Masculino,2
1403,Andrés Vega,Contabilidad,34,Femenino,3
1404,Ana Pérez,Psicología,26,Masculino,5
1405,Pedro Vega,Sistemas,19,Femenino,5
1406,Andrés Díaz,Sistemas,19,Masculino,8
1407,José Ruiz,Educación,18,Femenino,6
1408,María Ruiz,Psicología,35,Masculino,6
1409,José Castillo,Educación,22,Femenino,9
1410,María Gómez,Contabilidad,34,Masculino,6
1411,Daniela Gómez,Administración,31,Femenino,2
1412,Luis Pérez,Derecho,22,Femenino,4
1413,Daniela Gómez,Contabilidad,34,Femenino,10
1414,Andrés Vega,Derecho,26,Femenino,7
1415,Daniela Ramírez,Educación,31,Masculino,3
1416,Andrés Torres,Derecho,32,Masculino,9
1417,Andrés Gómez,Educación,24,Femenino,8
1418,Ana Torres,Psicología,29,Masculino,10
1419,Pedro Gómez,Sistemas,29,Femenino,1
1420,Andrés Torres,Sistemas,29,Femenino,6
1421,José Castillo,Derecho,18,Masculino,3
1422,Sofía Morales,Sistemas,27,Femenino,4
1423,Carlos Ramírez,Sistemas,21,Femenino,2
1424,Ana Morales,Derecho,27,Femenino,6
1425,Pedro Ramírez,Educación,22,Masculino,9
1426,Daniela Ramírez,Educación,32,Masculino,6
1427,Luis Ruiz,Educación,31,Femenino,4
1428,Pedro Díaz,Psicología,19,Femenino,5
1429,Luis Torres,Educación,18,Femenino,9
1430,Luis Vega,Sistemas,24,Masculino,10
1431,Andrés López,Derecho,34,Masculino,2
1432,Andrés Torres,Sistemas,26,Masculino,4
1433,Sofía Ramírez,Sistemas,35,Femenino,7
1434,Sofía Pérez,Derecho,18,Femenino,7
1435,Carlos Morales,Sistemas,34,Femenino,7
1436,José Gómez,Sistemas,21,Masculino,5
1437,Carlos Torres,Contabilidad,20,Masculino,5
1438,Pedro Torres,Sistemas,28,Masculino,1
1439,Ana Castillo,Derecho,21,Femenino,3
1440,Pedro Díaz,Contabilidad,30,Masculino,1
1441,María López,Psicología,25,Femenino,9
1442,Andrés Morales,Sistemas,26,Masculino,6
1443,Daniela Vega,Derecho,20,Femenino,1
1444,Pedro López,Sistemas,26,Masculino,4
1445,Andrés Torres,Contabilidad,31,Femenino,2
1446,Andrés López,Administración,29,Masculino,4
1447,Andrés Morales,Psicología,32,Masculino,1
1448,Daniela Ruiz,Contabilidad,23,Masculino,1
1449,Daniela Castillo,Psicología,26,Femenino,6
1450,María Ruiz,Psicología,27,Masculino,3
1451,Andrés Ruiz,Sistemas,27,Masculino,7
1452,Luis Torres,Educación,35,Femenino,7
1453,María Ruiz,Psicología,28,Femenino,5
1454,Daniela Castillo,Administración,28,Femenino,4
1455,Daniela Ruiz,Contabilidad,18,Masculino,1
1456,Sofía Ramírez,Sistemas,18,Masculino,7
1457,Andrés Ramírez,Derecho,35,Masculino,2
1458,Andrés Pérez,Educación,32,Masculino,6
1459,Pedro Ruiz,Contabilidad,30,Masculino,1
1460,Luis Ramírez,Contabilidad,24,Femenino,1
1461,María Pérez,Contabilidad,29,Masculino,2
1462,Sofía Castillo,Educación,25,Masculino,8
1463,Camila Pérez,Contabilidad,33,Masculino,1
1464,María Morales,Sistemas,26,Femenino,3
1465,Andrés López,Educación,23,Masculino,10
1466,Carlos Gómez,Administración,26,Masculino,9
1467,José López,Educación,18,Femenino,9
1468,Daniela Pérez,Derecho,19,Femenino,7
1469,Pedro Castillo,Sistemas,34,Femenino,8
1470,Camila Vega,Sistemas,25,Masculino,5
1471,Pedro Vega,Derecho,28,Masculino,7
1472,María Díaz,Sistemas,18,Masculino,7
1473,Luis López,Administración,23,Femenino,5
1474,Luis Gómez,Sistemas,33,Femenino,1
1475,Sofía Díaz,Contabilidad,25,Masculino,8
1476,María Díaz,Sistemas,28,Masculino,2
1477,Sofía Ruiz,Derecho,21,Femenino,10
1478,Luis Gómez,Sistemas,19,Femenino,6
1479,Luis Torres,Sistemas,32,Masculino,5
1480,Sofía Morales,Sistemas,21,Masculino,9
1481,Ana Castillo,Derecho,30,Masculino,10
1482,Pedro López,Psicología,18,Femenino,7
1483,Daniela Morales,Psicología,21,Femenino,1
1484,Daniela Vega,Contabilidad,24,Masculino,2
1485,Ana Ruiz,Educación,20,Masculino,10
1486,Carlos Vega,Contabilidad,29,Femenino,8
1487,Sofía Ramírez,Administración,25,Masculino,1
1488,Ana Torres,Contabilidad,31,Femenino,5
1489,Sofía Vega,Administración,22,Femenino,5
1490,Sofía Díaz,Contabilidad,29,Masculino,9
1491,Sofía Torres,Sistemas,25,Masculino,7
1492,Camila López,Administración,24,Masculino,6
1493,María Ramírez,Educación,32,Femenino,10
1494,Sofía Díaz,Psicología,27,Femenino,6
1495,Carlos Gómez,Derecho,19,Femenino,4
1496,Ana López,Educación,25,Femenino,10
1497,María López,Derecho,28,Femenino,4
1498,Pedro Torres,Sistemas,29,Masculino,2
1499,Camila Pérez,Psicología,21,Masculino,5
1500,Daniela López,Educación,29,Masculino,1
1501,María López,Contabilidad,23,Masculino,5
1502,Carlos Díaz,Psicología,25,Masculino,4
1503,Ana Torres,Contabilidad,21,Masculino,3
1504,Pedro Gómez,Contabilidad,24,Femenino,8
1505,María Díaz,Contabilidad,23,Femenino,2
1506,Luis Torres,Administración,24,Masculino,9
1507,Pedro Díaz,Contabilidad,31,Masculino,1
1508,Sofía Ruiz,Administración,35,Femenino,3
1509,Camila López,Sistemas,26,Masculino,9
1510,Sofía Ramírez,Administración,20,Femenino,10
1511,Luis Torres,Psicología,30,Femenino,8
1512,Andrés Ramírez,Administración,28,Femenino,9
1513,Daniela Ramírez,Derecho,26,Femenino,10
1514,Ana López,Administración,24,Femenino,4
1515,Pedro López,Contabilidad,31,Femenino,10
1516,Carlos Díaz,Contabilidad,35,Masculino,3
1517,Luis Castillo,Derecho,34,Femenino,4
1518,Sofía Pérez,Derecho,34,Femenino,7
1519,Daniela Ramírez,Derecho,31,Femenino,8
1520,Camila Castillo,Derecho,18,Masculino,8
1521,María Castillo,Educación,20,Femenino,2
1522,José Vega,Psicología,35,Masculino,5
1523,María Gómez,Sistemas,20,Femenino,1
1524,Andrés López,Contabilidad,24,Femenino,5
1525,José Castillo,Administración,22,Femenino,1
1526,José Castillo,Contabilidad,30,Femenino,10
1527,Ana Ramírez,Educación,34,Masculino,7
1528,María López,Educación,24,Femenino,4
1529,Andrés Ruiz,Psicología,32,Femenino,6
1530,Luis Díaz,Administración,31,Femenino,4
1531,Daniela Ramírez,Psicología,18,Femenino,3
1532,Sofía Torres,Contabilidad,18,Femenino,6
1533,Camila López,Derecho,31,Femenino,9
1534,José Díaz,Psicología,18,Masculino,3
1535,Carlos Díaz,Psicología,30,Femenino,4
1536,Pedro Gómez,Psicología,30,Masculino,8
1537,Luis Díaz,Psicología,32,Femenino,2
1538,Carlos Gómez,Educación,35,Masculino,1
1539,Sofía Ramírez,Sistemas,23,Masculino,2
1540,Pedro Castillo,Administración,25,Femenino,9
1541,Luis Ramírez,Sistemas,29,Masculino,3
1542,Camila Morales,Derecho,23,Masculino,3
1543,Andrés Morales,Derecho,20,Femenino,4
1544,Carlos López,Contabilidad,31,Femenino,3
1545,Sofía Ruiz,Contabilidad,24,Femenino,5
1546,María Pérez,Administración,32,Masculino,7
1547,Sofía López,Psicología,28,Femenino,8
1548,Daniela Ruiz,Sistemas,20,Femenino,8
1549,Camila Castillo,Derecho,23,Femenino,4
1550,Carlos Ruiz,Educación,31,Femenino,7
1551,Carlos Ruiz,Sistemas,30,Masculino,4
1552,Carlos Castillo,Educación,35,Femenino,2
1553,María Ramírez,Derecho,35,Masculino,6
1554,Luis Gómez,Psicología,28,Femenino,8
1555,Carlos Castillo,Administración,34,Masculino,8
1556,Ana Gómez,Educación,32,Femenino,6
1557,Pedro López,Derecho,19,Masculino,5
1558,Luis Torres,Contabilidad,32,Femenino,8
1559,Luis Gómez,Psicología,25,Femenino,3
1560,Daniela Castillo,Administración,23,Masculino,10
1561,Luis Torres,Contabilidad,21,Femenino,3
1562,Luis Pérez,Educación,26,Masculino,8
1563,Camila Torres,Administración,19,Masculino,8
1564,Ana Vega,Educación,21,Femenino,5
1565,Daniela Pérez,Psicología,18,Masculino,7
1566,María López,Contabilidad,25,Masculino,2
1567,Ana Morales,Sistemas,18,Femenino,4
1568,Luis López,Sistemas,23,Masculino,1
1569,Pedro Vega,Sistemas,28,Femenino,9
1570,María Ruiz,Administración,35,Femenino,7
1571,Luis López,Administración,21,Femenino,6
1572,Carlos Pérez,Derecho,28,Masculino,7
1573,María Ramírez,Administración,20,Femenino,10
1574,Camila Pérez,Sistemas,24,Femenino,5
1575,Sofía Ramírez,Sistemas,35,Masculino,5
1576,Luis Ruiz,Contabilidad,30,Masculino,6
1577,Carlos Díaz,Educación,33,Masculino,6
1578,Ana Ruiz,Psicología,32,Femenino,9
1579,María Vega,Psicología,18,Masculino,1
1580,Sofía Gómez,Contabilidad,25,Femenino,4
1581,Sofía Gómez,Sistemas,22,Femenino,8
1582,José López,Administración,30,Masculino,1
1583,María Ruiz,Derecho,28,Masculino,5
1584,Camila Pérez,Psicología,31,Femenino,1
1585,María Díaz,Contabilidad,25,Masculino,9
1586,Ana López,Educación,25,Femenino,9
1587,Camila Torres,Derecho,18,Masculino,8
1588,Luis López,Sistemas,22,Masculino,3
1589,Luis Torres,Psicología,35,Masculino,4
1590,Andrés Gómez,Derecho,32,Femenino,3
1591,María López,Derecho,23,Masculino,5
1592,José Ruiz,Derecho,24,Femenino,8
1593,Luis Díaz,Derecho,30,Masculino,8
1594,Daniela Morales,Psicología,31,Masculino,8
1595,Ana Morales,Derecho,20,Femenino,10
1596,Andrés Torres,Psicología,23,Femenino,7
1597,Daniela Castillo,Derecho,27,Femenino,9
1598,Sofía Ramírez,Sistemas,28,Masculino,8
1599,María Torres,Administración,18,Masculino,9
1600,Camila Ramírez,Derecho,31,Femenino,6
1601,Pedro Ramírez,Contabilidad,20,Femenino,1
1602,Luis Morales,Psicología,23,Masculino,7
1603,José Díaz,Psicología,33,Femenino,1
1604,Pedro Morales,Educación,25,Masculino,8
1605,Ana Díaz,Educación,18,Masculino,5
1606,Sofía Ramírez,Educación,22,Femenino,4
1607,Sofía Ruiz,Educación,23,Masculino,2
1608,Luis Morales,Derecho,20,Masculino,7
1609,Carlos Morales,Contabilidad,27,Femenino,10
1610,José Morales,Educación,20,Masculino,10
1611,Camila Torres,Contabilidad,24,Femenino,5
1612,Ana Torres,Derecho,18,Masculino,2
1613,Pedro Vega,Derecho,27,Femenino,3
1614,Carlos Díaz,Administración,22,Masculino,8
1615,Carlos Vega,Sistemas,32,Masculino,3
1616,María Pérez,Educación,23,Masculino,5
1617,Pedro Ramírez,Educación,21,Masculino,2
1618,José Gómez,Derecho,21,Femenino,2
1619,Camila Pérez,Psicología,25,Femenino,8
1620,Luis Pérez,Sistemas,26,Masculino,10
1621,Ana Gómez,Administración,34,Masculino,7
1622,Sofía Vega,Contabilidad,33,Femenino,6
1623,Sofía Morales,Contabilidad,29,Femenino,6
1624,María Díaz,Educación,30,Femenino,10
1625,Ana Díaz,Contabilidad,21,Masculino,8
1626,Pedro Torres,Sistemas,21,Femenino,4
1627,Camila Ramírez,Psicología,33,Femenino,4
1628,Ana Díaz,Sistemas,29,Masculino,6
1629,Daniela López,Psicología,33,Femenino,10
1630,Luis Díaz,Derecho,33,Masculino,7
1631,José Ruiz,Administración,22,Masculino,3
1632,Daniela Gómez,Contabilidad,35,Femenino,3
1633,Daniela Gómez,Derecho,35,Masculino,4
1634,María Torres,Educación,20,Masculino,7
1635,Ana Torres,Contabilidad,30,Femenino,4
1636,José Ramírez,Educación,21,Masculino,9
1637,Daniela Gómez,Educación,28,Masculino,10
1638,Sofía Gómez,Educación,28,Femenino,7
1639,Andrés Morales,Administración,25,Femenino,2
1640,José Gómez,Sistemas,20,Femenino,10
1641,María Gómez,Psicología,29,Masculino,6
1642,Pedro Ruiz,Educación,18,Femenino,1
1643,Sofía Vega,Administración,30,Femenino,6
1644,Camila Torres,Psicología,25,Masculino,7
1645,Ana Vega,Derecho,28,Masculino,5
1646,María Ramírez,Educación,32,Masculino,10
1647,José Torres,Educación,19,Femenino,5
1648,Andrés Gómez,Contabilidad,33,Masculino,8
1649,José Morales,Sistemas,28,Masculino,4
1650,María Pérez,Administración,33,Femenino,5
1651,Carlos Pérez,Psicología,30,Femenino,7
1652,Daniela Díaz,Derecho,30,Masculino,9
1653,José Castillo,Educación,24,Femenino,2
1654,Carlos Díaz,Psicología,19,Femenino,8
1655,Carlos Ruiz,Administración,32,Femenino,5
1656,Carlos López,Administración,24,Masculino,6
1657,Sofía Gómez,Educación,22,Femenino,7
1658,Carlos Pérez,Sistemas,29,Femenino,3
1659,Ana Gómez,Psicología,28,Femenino,3
1660,Pedro López,Sistemas,21,Masculino,7
1661,Daniela Castillo,Educación,23,Femenino,2
1662,Daniela Morales,Contabilidad,32,Femenino,1
1663,Luis Gómez,Sistemas,21,Femenino,9
1664,María Pérez,Psicología,33,Femenino,2
1665,Sofía Torres,Derecho,33,Femenino,5
1666,Sofía Torres,Sistemas,28,Masculino,9
1667,Carlos Morales,Educación,18,Femenino,9
1668,Andrés Vega,Derecho,20,Masculino,4
1669,Luis Torres,Psicología,23,Masculino,9
1670,Daniela Díaz,Sistemas,19,Masculino,10
1671,María Torres,Sistemas,35,Femenino,1
1672,Luis Gómez,Psicología,27,Femenino,9
1673,Carlos Morales,Educación,18,Masculino,5
1674,Ana Vega,Contabilidad,35,Femenino,3
1675,Sofía Ramírez,Educación,28,Femenino,10
1676,Andrés Vega,Administración,21,Masculino,4
1677,Ana López,Administración,27,Masculino,3
1678,Sofía Vega,Administración,29,Femenino,3
1679,Sofía Morales,Sistemas,35,Femenino,5
1680,Pedro Torres,Derecho,32,Masculino,5
1681,Pedro Torres,Psicología,24,Masculino,5
1682,María Díaz,Psicología,34,Masculino,7
1683,Carlos Díaz,Derecho,30,Masculino,10
1684,María Gómez,Contabilidad,21,Masculino,9
1685,Pedro Gómez,Contabilidad,20,Femenino,6
1686,José Torres,Administración,26,Masculino,2
1687,Pedro López,Derecho,21,Masculino,3
1688,Andrés Castillo,Psicología,33,Masculino,9
1689,Camila Ruiz,Contabilidad,35,Femenino,10
1690,Luis Pérez,Administración,28,Femenino,3
1691,Camila Vega,Psicología,30,Femenino,10
1692,Carlos Castillo,Sistemas,34,Masculino,3
1693,Carlos Morales,Psicología,26,Masculino,6
1694,María Ruiz,Derecho,32,Masculino,8
1695,Camila Ramírez,Psicología,27,Femenino,7
1696,Andrés López,Contabilidad,20,Femenino,7
1697,Camila Gómez,Educación,20,Masculino,4
1698,Luis Torres,Psicología,19,Masculino,5
1699,Andrés Ramírez,Sistemas,31,Masculino,8
1700,Daniela Vega,Educación,35,Masculino,7
1701,Ana Ruiz,Administración,18,Femenino,9
1702,Camila López,Educación,34,Masculino,10
1703,Daniela Torres,Educación,34,Masculino,3
1704,Luis Díaz,Administración,34,Femenino,1
1705,Pedro Ramírez,Derecho,23,Femenino,2
1706,Camila López,Psicología,21,Femenino,5
1707,Daniela Castillo,Contabilidad,24,Masculino,10
1708,Pedro López,Contabilidad,34,Masculino,8
1709,Sofía Ramírez,Sistemas,29,Masculino,10
1710,Daniela Díaz,Contabilidad,29,Masculino,1
1711,Camila Torres,Derecho,29,Masculino,2
1712,Pedro Ramírez,Administración,20,Masculino,7
1713,Luis Ramírez,Sistemas,22,Femenino,4
1714,Daniela Morales,Contabilidad,27,Femenino,7
1715,Carlos Vega,Contabilidad,21,Femenino,8
1716,Carlos Torres,Contabilidad,31,Masculino,6
1717,María Gómez,Administración,27,Masculino,3
1718,Pedro Morales,Educación,28,Masculino,3
1719,María Ramírez,Educación,26,Masculino,7
1720,Daniela Vega,Derecho,22,Femenino,7
1721,Andrés Morales,Administración,21,Masculino,1
1722,Carlos Torres,Contabilidad,34,Masculino,4
1723,Ana Díaz,Derecho,18,Femenino,8
1724,José Castillo,Derecho,20,Femenino,4
1725,Sofía Torres,Educación,34,Masculino,4
1726,José Gómez,Contabilidad,25,Femenino,4
1727,Daniela Gómez,Educación,34,Masculino,4
1728,Sofía Torres,Administración,21,Masculino,7
1729,Ana Castillo,Administración,22,Femenino,1
1730,Sofía López,Sistemas,19,Femenino,7
1731,Andrés Castillo,Educación,25,Masculino,6
1732,Pedro Ramírez,Sistemas,34,Femenino,1
1733,José Gómez,Contabilidad,29,Femenino,6
1734,Pedro López,Contabilidad,19,Masculino,1
1735,Ana Pérez,Educación,28,Masculino,5
1736,Daniela Castillo,Psicología,21,Femenino,3
1737,José Ramírez,Contabilidad,28,Femenino,2
1738,Luis Pérez,Educación,35,Masculino,6
1739,Camila Díaz,Educación,34,Femenino,4
1740,José López,Psicología,30,Masculino,2
1741,Carlos Ruiz,Sistemas,19,Masculino,4
1742,Daniela Gómez,Sistemas,35,Femenino,5
1743,Daniela López,Psicología,22,Masculino,3
1744,María Morales,Psicología,26,Femenino,6
1745,Daniela Gómez,Derecho,20,Femenino,7
1746,Andrés Vega,Sistemas,23,Femenino,3
1747,José Pérez,Psicología,19,Masculino,7
1748,Daniela Vega,Psicología,20,Masculino,8
1749,Andrés Morales,Psicología,30,Femenino,10
1750,José López,Administración,18,Masculino,10
1751,María Ruiz,Educación,18,Femenino,9
1752,Andrés Castillo,Contabilidad,25,Femenino,5
1753,Andrés Gómez,Administración,25,Masculino,9
1754,María Castillo,Sistemas,22,Femenino,3
1755,José Pérez,Educación,25,Masculino,9
1756,Luis Pérez,Educación,29,Femenino,6
1757,Luis Vega,Contabilidad,22,Femenino,10
1758,José Díaz,Sistemas,18,Femenino,4
1759,José Torres,Contabilidad,18,Masculino,7
1760,José Ruiz,Psicología,24,Femenino,4
1761,Camila Castillo,Administración,30,Masculino,8
1762,María Morales,Contabilidad,22,Femenino,2
1763,Daniela Torres,Derecho,23,Masculino,4
1764,Sofía Ramírez,Educación,23,Femenino,1
1765,José Torres,Administración,30,Masculino,2
1766,Carlos Gómez,Derecho,25,Femenino,7
1767,Luis Vega,Administración,18,Masculino,7
1768,Pedro Pérez,Sistemas,18,Masculino,3
1769,María Gómez,Contabilidad,22,Masculino,1
1770,Luis Vega,Educación,28,Masculino,4
1771,Carlos Ramírez,Psicología,32,Masculino,5
1772,Camila Ramírez,Administración,25,Masculino,9
1773,José Vega,Sistemas,18,Masculino,2
1774,Andrés Castillo,Sistemas,34,Femenino,3
1775,Ana López,Sistemas,25,Femenino,7
1776,Carlos Díaz,Educación,27,Masculino,7
1777,Luis Ramírez,Administración,21,Masculino,2
1778,José Díaz,Sistemas,28,Masculino,6
1779,Luis Pérez,Psicología,22,Masculino,7
1780,Andrés Díaz,Psicología,23,Femenino,3
1781,José Ruiz,Contabilidad,29,Masculino,5
1782,Daniela Díaz,Contabilidad,20,Masculino,3
1783,Carlos Díaz,Administración,30,Femenino,8
1784,Luis Gómez,Psicología,31,Femenino,3
1785,Luis Díaz,Administración,23,Femenino,6
1786,Camila Ramírez,Derecho,33,Femenino,10
1787,Camila Torres,Educación,25,Femenino,7
1788,Andrés Ramírez,Psicología,35,Femenino,9
1789,Andrés López,Derecho,20,Femenino,9
1790,Sofía López,Educación,20,Masculino,6
1791,Ana López,Sistemas,29,Femenino,3
1792,Luis Pérez,Contabilidad,29,Masculino,5
1793,Daniela Torres,Psicología,31,Masculino,4
1794,María Pérez,Educación,22,Masculino,3
1795,Pedro Pérez,Educación,31,Femenino,1
1796,Luis Ruiz,Sistemas,33,Masculino,1
1797,Carlos Díaz,Administración,20,Masculino,2
1798,Ana Ruiz,Derecho,22,Masculino,8
1799,Carlos Vega,Educación,27,Femenino,7
1800,Camila Ramírez,Educación,18,Femenino,2
1801,Carlos Pérez,Educación,19,Masculino,9
1802,Carlos Pérez,Derecho,31,Femenino,9
1803,José Ruiz,Psicología,27,Masculino,7
1804,Carlos Castillo,Sistemas,34,Femenino,3
1805,María Morales,Psicología,19,Masculino,7
1806,Carlos Vega,Psicología,20,Femenino,8
1807,Camila Morales,Derecho,23,Masculino,6
1808,Pedro López,Contabilidad,21,Masculino,2
1809,Camila Ruiz,Contabilidad,18,Masculino,5
1810,Carlos Vega,Sistemas,20,Masculino,10
1811,Ana Castillo,Administración,35,Masculino,1
1812,María Castillo,Sistemas,19,Femenino,1
1813,Ana Díaz,Sistemas,27,Masculino,6
1814,José Morales,Psicología,24,Femenino,7
1815,Camila Torres,Educación,21,Femenino,7
1816,Andrés Gómez,Psicología,22,Masculino,10
1817,Pedro Ramírez,Psicología,19,Femenino,3
1818,Carlos Ramírez,Sistemas,20,Masculino,4
1819,Carlos Torres,Psicología,34,Femenino,8
1820,Carlos Díaz,Contabilidad,29,Femenino,1
1821,Pedro López,Administración,20,Masculino,10
1822,Daniela Gómez,Sistemas,22,Femenino,9
1823,Luis Ramírez,Sistemas,32,Femenino,3
1824,José Torres,Sistemas,26,Femenino,6
1825,Luis Gómez,Administración,32,Femenino,8
1826,José Ramírez,Educación,22,Masculino,10
1827,Daniela Pérez,Contabilidad,27,Femenino,7
1828,Sofía Torres,Derecho,29,Femenino,6
1829,Luis Morales,Psicología,32,Femenino,1
1830,Sofía Pérez,Educación,25,Masculino,3
1831,Luis Castillo,Derecho,23,Femenino,2
1832,María Morales,Derecho,20,Femenino,8
1833,Daniela Vega,Derecho,21,Masculino,3
1834,Luis Morales,Derecho,24,Femenino,6
1835,Luis Díaz,Contabilidad,33,Masculino,8
1836,Luis Castillo,Derecho,19,Masculino,8
1837,Carlos López,Contabilidad,19,Femenino,1
1838,Camila Morales,Derecho,24,Masculino,4
1839,Ana Morales,Contabilidad,26,Masculino,2
1840,Carlos Gómez,Contabilidad,30,Masculino,5
1841,Daniela Morales,Psicología,24,Femenino,3
1842,Ana Gómez,Derecho,28,Femenino,3
1843,María Díaz,Derecho,33,Femenino,9
1844,Carlos Morales,Contabilidad,30,Masculino,9
1845,Sofía López,Sistemas,22,Femenino,6
1846,Ana Torres,Derecho,22,Femenino,6
1847,Luis Morales,Contabilidad,34,Masculino,8
1848,Carlos Ramírez,Educación,21,Masculino,4
1849,María Morales,Educación,35,Masculino,10
1850,Pedro López,Contabilidad,24,Masculino,10
1851,Ana Díaz,Contabilidad,18,Femenino,5
1852,Andrés Gómez,Educación,33,Femenino,7
1853,Pedro Díaz,Contabilidad,35,Femenino,9
1854,Camila Gómez,Administración,32,Femenino,6
1855,Carlos Vega,Psicología,23,Femenino,7
1856,José Morales,Educación,27,Masculino,2
1857,Luis Gómez,Educación,18,Femenino,2
1858,Daniela Ruiz,Psicología,21,Femenino,9
1859,Sofía Pérez,Educación,27,Femenino,4
1860,María Ramírez,Psicología,30,Masculino,4
1861,Daniela Gómez,Contabilidad,32,Femenino,7
1862,Ana Díaz,Administración,34,Femenino,5
1863,José Castillo,Derecho,25,Masculino,7
1864,Ana Pérez,Sistemas,22,Femenino,9
1865,Sofía Díaz,Contabilidad,23,Femenino,4
1866,Andrés Morales,Administración,30,Masculino,10
1867,Pedro Torres,Educación,30,Masculino,7
1868,Camila Vega,Administración,31,Masculino,2
1869,Carlos Vega,Sistemas,30,Femenino,9
1870,Carlos Díaz,Administración,20,Masculino,1
1871,Pedro Pérez,Educación,22,Masculino,10
1872,Andrés Gómez,Psicología,30,Masculino,3
1873,Daniela Díaz,Administración,25,Masculino,5
1874,María Vega,Administración,30,Femenino,1
1875,José Gómez,Administración,18,Masculino,2
1876,Daniela Ruiz,Sistemas,21,Masculino,5
1877,José Torres,Sistemas,20,Femenino,6
1878,María Morales,Sistemas,33,Masculino,7
1879,Luis Ramírez,Educación,20,Masculino,7
1880,Pedro Díaz,Educación,32,Masculino,3
1881,José Pérez,Administración,19,Masculino,6
1882,Camila Ramírez,Psicología,35,Masculino,3
1883,Andrés Castillo,Sistemas,24,Masculino,9
1884,Ana Vega,Psicología,22,Masculino,6
1885,Luis López,Sistemas,28,Masculino,4
1886,Luis Torres,Contabilidad,26,Femenino,4
1887,Luis Díaz,Educación,35,Femenino,8
1888,Daniela Morales,Psicología,30,Masculino,5
1889,Carlos López,Educación,26,Femenino,2
1890,Sofía Ruiz,Contabilidad,23,Masculino,8
1891,Pedro Ramírez,Derecho,26,Femenino,10
1892,Luis Ruiz,Derecho,31,Masculino,10
1893,Camila Díaz,Educación,20,Femenino,3
1894,Ana Vega,Contabilidad,31,Femenino,10
1895,Andrés Díaz,Derecho,18,Masculino,3
1896,Camila Morales,Administración,29,Masculino,2
1897,María Díaz,Contabilidad,22,Femenino,2
1898,Ana Díaz,Educación,18,Femenino,4
1899,Daniela Ruiz,Contabilidad,25,Masculino,7
1900,José Ruiz,Administración,34,Masculino,2
1901,Andrés Castillo,Educación,20,Femenino,7
1902,Camila Díaz,Administración,24,Masculino,8
1903,Daniela Pérez,Contabilidad,31,Masculino,2
1904,Daniela Torres,Psicología,28,Femenino,4
1905,Sofía Pérez,Contabilidad,18,Masculino,8
1906,José Torres,Derecho,19,Masculino,6
1907,Ana Gómez,Derecho,21,Femenino,5
1908,José Díaz,Contabilidad,30,Masculino,9
1909,Camila Ramírez,Psicología,19,Femenino,5
1910,Daniela Ramírez,Educación,21,Femenino,10
1911,Luis Pérez,Administración,19,Masculino,3
1912,Luis Díaz,Educación,31,Masculino,3
1913,Luis López,Educación,29,Masculino,1
1914,José Pérez,Sistemas,19,Femenino,2
1915,José Díaz,Educación,30,Femenino,3
1916,Carlos Ruiz,Derecho,21,Masculino,6
1917,Carlos Ruiz,Derecho,32,Masculino,9
1918,Andrés López,Psicología,33,Femenino,5
1919,Camila Ramírez,Administración,20,Femenino,5
1920,Luis Díaz,Psicología,25,Masculino,2
1921,Luis Ramírez,Sistemas,24,Masculino,4
1922,Daniela Morales,Administración,33,Masculino,6
1923,María Ruiz,Psicología,34,Femenino,5
1924,Daniela Torres,Psicología,21,Masculino,4
1925,Camila Morales,Derecho,34,Masculino,7
1926,María Gómez,Contabilidad,31,Masculino,5
1927,Sofía Gómez,Administración,32,Masculino,2
1928,María Pérez,Derecho,23,Femenino,1
1929,Daniela Vega,Derecho,29,Femenino,2
1930,Andrés Gómez,Contabilidad,31,Masculino,3
1931,Pedro Vega,Derecho,34,Femenino,1
1932,Daniela Castillo,Contabilidad,21,Masculino,7
1933,Pedro López,Contabilidad,24,Femenino,3
1934,Sofía Castillo,Psicología,33,Femenino,2
1935,Ana López,Sistemas,25,Masculino,1
1936,Ana Ruiz,Contabilidad,25,Masculino,9
1937,Luis Castillo,Administración,30,Femenino,7
1938,Luis López,Educación,26,Femenino,4
1939,Carlos López,Contabilidad,27,Femenino,1
1940,Luis Torres,Psicología,33,Femenino,4
1941,Carlos Díaz,Educación,20,Masculino,3
1942,Camila Ramírez,Administración,18,Femenino,7
1943,Camila Pérez,Administración,26,Masculino,3
1944,Ana Ruiz,Contabilidad,33,Masculino,8
1945,María Ramírez,Sistemas,19,Masculino,10
1946,José López,Psicología,34,Masculino,3
1947,Luis Gómez,Contabilidad,28,Femenino,8
1948,Camila Vega,Contabilidad,33,Femenino,6
1949,Daniela Pérez,Contabilidad,27,Femenino,9
1950,Sofía Ramírez,Sistemas,26,Masculino,3
1951,Pedro López,Educación,22,Femenino,8
1952,Ana López,Psicología,31,Femenino,4
1953,Luis López,Derecho,21,Femenino,9
1954,Daniela Vega,Administración,26,Femenino,6
1955,Pedro Ruiz,Derecho,26,Femenino,4
1956,Ana Ruiz,Psicología,28,Masculino,7
1957,Daniela Ruiz,Contabilidad,27,Masculino,1
1958,Daniela Torres,Derecho,22,Femenino,10
1959,Andrés Torres,Contabilidad,33,Femenino,2
1960,José Pérez,Derecho,19,Masculino,5
1961,Sofía Gómez,Sistemas,33,Femenino,1
1962,Pedro Díaz,Educación,18,Masculino,5
1963,Carlos Díaz,Contabilidad,34,Masculino,2
1964,José Torres,Educación,24,Femenino,10
1965,Luis Castillo,Administración,19,Femenino,6
1966,María Morales,Derecho,30,Masculino,5
1967,José Ruiz,Contabilidad,23,Femenino,6
1968,Sofía Torres,Educación,24,Femenino,3
1969,Pedro Vega,Administración,27,Femenino,2
1970,José Ruiz,Educación,32,Masculino,7
1971,Pedro Gómez,Administración,34,Femenino,6
1972,Andrés Díaz,Derecho,29,Femenino,8
1973,Pedro Morales,Derecho,18,Masculino,7
1974,Luis Torres,Psicología,27,Masculino,10
1975,Andrés Díaz,Administración,35,Femenino,1
1976,Pedro Torres,Derecho,18,Femenino,9
1977,Daniela Pérez,Sistemas,19,Femenino,2
1978,Camila Ruiz,Sistemas,27,Femenino,6
1979,Ana Gómez,Educación,34,Masculino,4
1980,Andrés Torres,Psicología,33,Masculino,4
1981,Carlos Castillo,Educación,27,Masculino,8
1982,Sofía López,Sistemas,20,Masculino,3
1983,Sofía Gómez,Psicología,21,Masculino,4
1984,Luis Ramírez,Sistemas,34,Femenino,7
1985,Ana Gómez,Contabilidad,30,Femenino,3
1986,María Vega,Contabilidad,32,Masculino,7
1987,Carlos Pérez,Administración,22,Masculino,3
1988,Andrés Vega,Administración,33,Femenino,5
1989,José Gómez,Psicología,33,Femenino,5
1990,Pedro Morales,Educación,21,Femenino,7
1991,Pedro Torres,Sistemas,27,Femenino,2
1992,Sofía Morales,Sistemas,27,Masculino,10
1993,Daniela Pérez,Contabilidad,22,Femenino,8
1994,José Pérez,Administración,29,Masculino,6
1995,Andrés Morales,Psicología,20,Masculino,3
1996,Camila Ruiz,Contabilidad,32,Masculino,5
1997,José Morales,Sistemas,33,Femenino,8
1998,Sofía Torres,Psicología,34,Femenino,3
1999,Camila Ruiz,Psicología,29,Femenino,2
2000,Ana Pérez,Educación,23,Masculino,2
2001,Luis Ramírez,Educación,33,Femenino,4
2002,María Gómez,Administración,30,Femenino,2
2003,Ana Ruiz,Contabilidad,21,Masculino,2
2004,Daniela Díaz,Psicología,18,Masculino,6
2005,Luis Ramírez,Derecho,22,Masculino,4
2006,José Ramírez,Derecho,27,Masculino,4
2007,Carlos Morales,Psicología,24,Masculino,10
2008,Ana Gómez,Administración,19,Masculino,1
2009,Camila Morales,Psicología,35,Masculino,6
2010,Carlos Vega,Derecho,24,Masculino,10
2011,Daniela Vega,Contabilidad,29,Masculino,2
2012,Daniela Morales,Educación,30,Masculino,10
2013,Luis Torres,Psicología,27,Masculino,2
2014,Daniela López,Sistemas,35,Femenino,1
2015,María Castillo,Contabilidad,30,Femenino,2
2016,Carlos Castillo,Sistemas,35,Masculino,9
2017,Sofía Vega,Contabilidad,30,Masculino,9
2018,Luis Ruiz,Derecho,26,Masculino,1
2019,Camila Morales,Contabilidad,24,Femenino,1
2020,Carlos López,Psicología,28,Masculino,4
2021,Daniela Gómez,Psicología,19,Femenino,2
2022,Pedro Ruiz,Educación,20,Femenino,3
2023,José Pérez,Sistemas,19,Femenino,9
2024,María Díaz,Derecho,33,Femenino,4
2025,Ana Pérez,Sistemas,24,Femenino,1
2026,Andrés Ramírez,Sistemas,30,Femenino,3
2027,Pedro Morales,Psicología,22,Masculino,8
2028,Luis Ruiz,Contabilidad,29,Masculino,6
2029,Pedro Pérez,Administración,25,Masculino,10
2030,Ana López,Derecho,35,Masculino,1
2031,María Pérez,Sistemas,19,Masculino,8
2032,Carlos Castillo,Sistemas,28,Femenino,10
2033,María Castillo,Administración,30,Femenino,2
2034,Luis Gómez,Contabilidad,35,Masculino,8
2035,Camila López,Derecho,27,Femenino,9
2036,José López,Psicología,26,Femenino,9
2037,Andrés Gómez,Sistemas,29,Femenino,10
2038,Daniela Castillo,Sistemas,24,Masculino,9
2039,María Castillo,Educación,35,Masculino,2
2040,Camila Torres,Sistemas,25,Femenino,8
2041,Luis Pérez,Derecho,19,Femenino,5
2042,Sofía Morales,Contabilidad,20,Masculino,5
2043,Sofía Morales,Derecho,18,Femenino,7
2044,Daniela Pérez,Administración,24,Femenino,3
2045,Pedro Vega,Sistemas,27,Masculino,9
2046,Camila Pérez,Psicología,28,Femenino,10
2047,María Pérez,Contabilidad,31,Femenino,1
2048,Luis Vega,Derecho,27,Femenino,7
2049,Sofía Ruiz,Psicología,26,Masculino,7
2050,Daniela López,Administración,18,Femenino,5
2051,Luis López,Psicología,27,Femenino,10
2052,Pedro Pérez,Psicología,26,Femenino,5
2053,José Ruiz,Sistemas,21,Femenino,10
2054,Camila Castillo,Administración,32,Femenino,1
2055,Daniela Pérez,Derecho,19,Femenino,8
2056,Andrés López,Derecho,19,Masculino,5
2057,Sofía Vega,Contabilidad,20,Femenino,3
2058,José Castillo,Contabilidad,33,Masculino,4
2059,Carlos Torres,Psicología,19,Masculino,2
2060,Ana Torres,Educación,34,Femenino,10
2061,Camila Pérez,Psicología,25,Masculino,5
2062,José Pérez,Educación,29,Masculino,10
2063,María Díaz,Sistemas,20,Femenino,2
2064,Andrés Gómez,Administración,24,Femenino,10
2065,Camila Morales,Sistemas,31,Femenino,3
2066,Ana Díaz,Psicología,29,Femenino,7
2067,Camila Ramírez,Contabilidad,18,Masculino,6
2068,Ana Castillo,Administración,18,Masculino,10
2069,María Díaz,Psicología,34,Femenino,4
2070,Pedro Ruiz,Sistemas,22,Femenino,2
2071,Luis López,Psicología,34,Femenino,9
2072,Luis Vega,Sistemas,33,Femenino,6
2073,José López,Psicología,27,Masculino,6
2074,María Díaz,Administración,32,Femenino,2
2075,María Ramírez,Educación,31,Femenino,2
2076,Camila Vega,Psicología,20,Femenino,8
2077,Sofía López,Derecho,31,Masculino,10
2078,Carlos Vega,Administración,31,Masculino,10
2079,José Castillo,Contabilidad,28,Masculino,2
2080,Pedro Morales,Psicología,22,Femenino,4
2081,Carlos Ramírez,Sistemas,23,Masculino,7
2082,José Vega,Educación,33,Masculino,3
2083,Ana Morales,Sistemas,23,Masculino,3
2084,Andrés Vega,Derecho,31,Femenino,3
2085,Pedro Vega,Administración,27,Masculino,6
2086,Camila Ruiz,Psicología,21,Masculino,2
2087,Camila Ramírez,Derecho,32,Femenino,5
2088,Daniela Torres,Educación,23,Masculino,3
2089,Ana Ruiz,Psicología,29,Femenino,7
2090,Camila Ramírez,Administración,34,Femenino,2
2091,María Castillo,Derecho,28,Masculino,10
2092,Andrés Vega,Psicología,34,Femenino,5
2093,Camila Morales,Contabilidad,23,Masculino,1
2094,María Morales,Psicología,26,Femenino,2
2095,Camila Castillo,Administración,21,Femenino,5
2096,Daniela Ramírez,Administración,23,Femenino,5
2097,Sofía Gómez,Administración,26,Masculino,2
2098,María Vega,Psicología,23,Masculino,10
2099,Ana Vega,Psicología,24,Masculino,8
2100,Ana Díaz,Administración,27,Femenino,8
2101,Andrés Torres,Derecho,27,Masculino,2
2102,Daniela Morales,Derecho,26,Masculino,3
2103,José Gómez,Contabilidad,20,Masculino,2
2104,Camila Torres,Psicología,28,Femenino,8
2105,Andrés Gómez,Educación,28,Masculino,7
2106,Luis Vega,Contabilidad,24,Masculino,1
2107,María Torres,Psicología,30,Masculino,4
2108,José Ramírez,Administración,33,Masculino,8
2109,José Torres,Administración,20,Masculino,1
2110,Pedro Gómez,Derecho,35,Masculino,3
2111,Ana Morales,Educación,26,Femenino,10
2112,María Díaz,Derecho,34,Masculino,5
2113,María Castillo,Educación,33,Femenino,7
2114,Sofía Díaz,Psicología,33,Femenino,2
2115,María Gómez,Contabilidad,31,Femenino,6
2116,María Morales,Sistemas,23,Femenino,6
2117,Luis Díaz,Educación,30,Masculino,8
2118,Daniela Ruiz,Derecho,25,Masculino,5
2119,José Vega,Administración,31,Masculino,9
2120,Camila Castillo,Educación,28,Femenino,7
2121,Daniela Morales,Derecho,26,Masculino,5
2122,Daniela López,Contabilidad,19,Femenino,8
2123,Pedro López,Psicología,23,Masculino,2
2124,Sofía Ruiz,Contabilidad,22,Masculino,1
2125,Pedro Gómez,Educación,28,Femenino,9
2126,Luis Pérez,Psicología,24,Femenino,9
2127,María Torres,Psicología,30,Masculino,5
2128,Carlos Díaz,Contabilidad,31,Masculino,9
2129,María Pérez,Sistemas,18,Masculino,9
2130,Pedro Ramírez,Sistemas,23,Femenino,5
2131,Ana López,Educación,25,Masculino,5
2132,Luis Morales,Educación,30,Masculino,5
2133,Luis Gómez,Sistemas,34,Femenino,1
2134,Ana Vega,Psicología,22,Masculino,10
2135,Pedro López,Psicología,27,Femenino,7
2136,Andrés Pérez,Contabilidad,26,Femenino,4
2137,Luis Castillo,Educación,33,Femenino,5
2138,Pedro Gómez,Administración,31,Femenino,8
2139,José Vega,Psicología,25,Femenino,1
2140,Daniela Morales,Contabilidad,35,Masculino,8
2141,María Ruiz,Sistemas,30,Masculino,8
2142,Camila Ramírez,Psicología,21,Femenino,6
2143,Carlos Gómez,Sistemas,35,Masculino,4
2144,Daniela Ruiz,Administración,20,Masculino,7
2145,Sofía Ramírez,Psicología,25,Masculino,8
2146,José Morales,Contabilidad,28,Masculino,1
2147,Camila Ruiz,Psicología,31,Masculino,5
2148,María Vega,Derecho,35,Femenino,6
2149,María Díaz,Derecho,33,Masculino,2
2150,Pedro Gómez,Derecho,22,Masculino,3
2151,Andrés Gómez,Administración,24,Femenino,2
2152,Ana Morales,Derecho,23,Femenino,3
2153,Andrés Morales,Derecho,18,Femenino,2
2154,Pedro Castillo,Educación,26,Femenino,10
2155,Camila Ruiz,Educación,23,Masculino,5
2156,Andrés López,Psicología,29,Femenino,8
2157,Daniela López,Contabilidad,22,Masculino,9
2158,Daniela Pérez,Contabilidad,31,Masculino,3
2159,Daniela Gómez,Sistemas,27,Masculino,4
2160,Luis Vega,Derecho,28,Masculino,1
2161,Sofía Ramírez,Psicología,23,Masculino,6
2162,Andrés López,Contabilidad,18,Masculino,5
2163,José Morales,Psicología,27,Femenino,10
2164,Pedro Castillo,Psicología,35,Masculino,2
2165,Sofía Torres,Sistemas,24,Femenino,3
2166,José Ruiz,Sistemas,22,Femenino,6
2167,Sofía Ruiz,Psicología,26,Femenino,4
2168,Carlos Pérez,Administración,24,Masculino,10
2169,Carlos Torres,Administración,33,Masculino,6
2170,Luis Pérez,Administración,34,Femenino,7
2171,Daniela Díaz,Contabilidad,34,Masculino,4
2172,Andrés Morales,Derecho,30,Femenino,6
2173,José Vega,Contabilidad,34,Masculino,10
2174,María Torres,Educación,26,Masculino,7
2175,Andrés Ramírez,Derecho,26,Masculino,9
2176,Pedro Díaz,Administración,18,Femenino,8
2177,Camila Morales,Administración,35,Masculino,7
2178,Camila Torres,Educación,18,Masculino,8
2179,Camila Vega,Administración,18,Femenino,6
2180,Luis Díaz,Contabilidad,34,Masculino,10
2181,José Pérez,Educación,26,Femenino,7
2182,Ana Castillo,Contabilidad,19,Masculino,8
2183,Sofía Ramírez,Derecho,23,Femenino,9
2184,Luis Pérez,Contabilidad,18,Masculino,3
2185,Carlos Gómez,Derecho,21,Masculino,8
2186,Ana Díaz,Sistemas,35,Femenino,4
2187,Sofía Pérez,Contabilidad,28,Masculino,10
2188,Camila Vega,Sistemas,30,Femenino,1
2189,Luis López,Psicología,22,Femenino,2
2190,Carlos Ramírez,Sistemas,26,Masculino,9
2191,Pedro Torres,Educación,18,Femenino,5
2192,Andrés Díaz,Sistemas,28,Femenino,10
2193,Luis Ruiz,Derecho,20,Masculino,2
2194,Carlos Gómez,Administración,28,Masculino,3
2195,Ana López,Educación,29,Femenino,2
2196,María Castillo,Educación,24,Masculino,5
2197,Ana Morales,Educación,27,Masculino,5
2198,Carlos Ruiz,Contabilidad,31,Masculino,4
2199,José López,Administración,27,Femenino,8
2200,José Gómez,Derecho,29,Femenino,6
2201,Andrés Ramírez,Educación,23,Masculino,10
2202,Pedro Torres,Psicología,24,Femenino,6
2203,José López,Contabilidad,34,Femenino,2
2204,Andrés López,Contabilidad,24,Femenino,5
2205,Ana Gómez,Psicología,23,Femenino,3
2206,Daniela Ruiz,Contabilidad,29,Femenino,10
2207,Ana Díaz,Educación,21,Femenino,1
2208,Carlos Morales,Derecho,28,Femenino,2
2209,Carlos Díaz,Contabilidad,23,Femenino,9
2210,Carlos Pérez,Derecho,32,Femenino,7
2211,Daniela López,Contabilidad,29,Femenino,8
2212,Pedro Castillo,Sistemas,25,Masculino,7
2213,Pedro Castillo,Psicología,30,Masculino,3
2214,Andrés Torres,Contabilidad,34,Masculino,10
2215,Carlos Torres,Educación,28,Masculino,2
2216,José Torres,Contabilidad,32,Femenino,3
2217,Daniela Pérez,Educación,22,Masculino,3
2218,José Castillo,Sistemas,23,Masculino,4
2219,Pedro Gómez,Educación,25,Masculino,9
2220,Camila Pérez,Derecho,23,Femenino,2
2221,Daniela Vega,Educación,30,Masculino,8
2222,Pedro Ramírez,Educación,25,Masculino,7
2223,Carlos Díaz,Administración,30,Femenino,5
2224,Pedro Ruiz,Derecho,35,Masculino,6
2225,Daniela Ruiz,Sistemas,25,Masculino,4
2226,Camila Díaz,Contabilidad,34,Masculino,10
2227,Sofía Morales,Sistemas,25,Masculino,8
2228,María Pérez,Administración,27,Femenino,2
2229,Camila Morales,Educación,23,Femenino,3
2230,José Castillo,Derecho,33,Masculino,5
2231,Pedro Torres,Administración,30,Masculino,8
2232,Luis Díaz,Educación,21,Femenino,1
2233,Carlos Díaz,Administración,34,Femenino,8
2234,Ana Ramírez,Educación,30,Femenino,1
2235,José Morales,Contabilidad,21,Femenino,9
2236,Camila Ramírez,Educación,28,Femenino,2
2237,Carlos Morales,Psicología,30,Masculino,3
2238,Ana Díaz,Educación,26,Masculino,9
2239,Sofía Ramírez,Derecho,19,Femenino,5
2240,Ana Gómez,Derecho,32,Femenino,1
2241,Sofía Díaz,Contabilidad,31,Femenino,5
2242,Ana Vega,Contabilidad,23,Femenino,6
2243,Pedro Pérez,Derecho,28,Femenino,1
2244,Sofía Gómez,Contabilidad,19,Femenino,4
2245,Carlos Gómez,Psicología,21,Masculino,3
2246,Daniela Morales,Contabilidad,29,Femenino,10
2247,María Vega,Psicología,32,Masculino,2
2248,Camila Díaz,Sistemas,22,Masculino,7
2249,Andrés Gómez,Contabilidad,27,Femenino,7
2250,Ana Torres,Educación,26,Masculino,7
2251,Luis López,Psicología,26,Femenino,10
2252,Andrés Vega,Administración,19,Femenino,10
2253,Daniela López,Derecho,26,Masculino,5
2254,Andrés Pérez,Psicología,30,Masculino,5
2255,José Pérez,Derecho,24,Masculino,7
2256,Carlos Castillo,Contabilidad,32,Femenino,2
2257,María López,Sistemas,28,Masculino,2
2258,Sofía Castillo,Educación,32,Femenino,10
2259,Camila Vega,Derecho,33,Masculino,6
2260,Camila Díaz,Contabilidad,32,Masculino,8
2261,Daniela López,Psicología,23,Femenino,5
2262,Pedro Pérez,Educación,20,Femenino,9
2263,Camila Gómez,Administración,34,Femenino,5
2264,José Díaz,Derecho,32,Masculino,3
2265,Sofía Ruiz,Administración,29,Femenino,7
2266,Ana Castillo,Psicología,33,Masculino,7
2267,Andrés Torres,Derecho,21,Masculino,7
2268,María López,Sistemas,27,Masculino,3
2269,Pedro Vega,Derecho,29,Masculino,7
2270,Sofía Castillo,Contabilidad,29,Masculino,6
2271,Andrés Vega,Psicología,30,Masculino,7
2272,Daniela Ramírez,Contabilidad,32,Masculino,3
2273,Pedro Castillo,Sistemas,35,Femenino,8
2274,Carlos Gómez,Derecho,31,Femenino,7
2275,María Pérez,Psicología,25,Masculino,10
2276,Sofía Vega,Sistemas,31,Masculino,6
2277,Sofía López,Administración,33,Masculino,6
2278,Ana Ruiz,Educación,30,Masculino,3
2279,Daniela Díaz,Educación,25,Masculino,8
2280,María Díaz,Administración,27,Masculino,1
2281,María Ruiz,Derecho,32,Masculino,10
2282,Daniela López,Administración,32,Masculino,10
2283,Camila Torres,Administración,32,Masculino,1
2284,Ana Morales,Psicología,33,Femenino,2
2285,Pedro Castillo,Educación,35,Masculino,10
2286,Andrés Pérez,Derecho,33,Masculino,5
2287,Pedro Pérez,Contabilidad,30,Femenino,7
2288,Luis Gómez,Administración,26,Masculino,3
2289,Camila Morales,Educación,28,Masculino,4
2290,Daniela López,Contabilidad,21,Femenino,2
2291,Daniela Ramírez,Administración,26,Femenino,5
2292,Daniela Díaz,Derecho,26,Femenino,10
2293,Ana Torres,Administración,34,Femenino,1
2294,María Díaz,Psicología,29,Femenino,5
2295,Carlos Ruiz,Educación,27,Femenino,8
2296,José Torres,Educación,22,Masculino,10
2297,José Morales,Contabilidad,25,Masculino,4
2298,Sofía Castillo,Administración,18,Femenino,6
2299,Andrés Vega,Derecho,33,Masculino,6
2300,Carlos Ruiz,Psicología,28,Femenino,7
2301,Daniela Torres,Psicología,33,Masculino,8
2302,Pedro Pérez,Educación,20,Femenino,4
2303,José López,Administración,22,Femenino,10
2304,Luis López,Contabilidad,33,Femenino,10
2305,Ana Vega,Administración,24,Femenino,1
2306,Pedro Gómez,Contabilidad,34,Masculino,5
2307,Andrés Vega,Educación,35,Masculino,1
2308,Daniela Ruiz,Psicología,25,Masculino,5
2309,Carlos López,Administración,32,Masculino,1
2310,Sofía Castillo,Psicología,26,Masculino,4
2311,Luis Torres,Psicología,27,Masculino,4
2312,María López,Psicología,33,Femenino,2
2313,Andrés Pérez,Contabilidad,20,Masculino,8
2314,Luis Ramírez,Sistemas,33,Masculino,2
2315,Andrés Ruiz,Administración,33,Femenino,10
2316,Ana Ruiz,Derecho,21,Femenino,4
2317,Sofía Ruiz,Derecho,18,Femenino,7
2318,Sofía Castillo,Derecho,23,Femenino,9
2319,Daniela Vega,Contabilidad,27,Femenino,9
2320,María Díaz,Contabilidad,35,Femenino,8
2321,Luis Torres,Derecho,18,Femenino,9
2322,Daniela Ramírez,Administración,23,Masculino,7
2323,José Gómez,Derecho,28,Masculino,4
2324,Luis López,Administración,27,Femenino,6
2325,Andrés Ramírez,Sistemas,27,Masculino,10
2326,Carlos Díaz,Administración,24,Femenino,3
2327,Carlos Ruiz,Educación,23,Femenino,9
2328,Daniela Ruiz,Derecho,26,Masculino,5
2329,Daniela Castillo,Contabilidad,22,Femenino,6
2330,Camila Díaz,Derecho,27,Femenino,10
2331,Pedro Morales,Sistemas,30,Masculino,7
2332,Camila Torres,Derecho,26,Masculino,4
2333,María Castillo,Contabilidad,29,Masculino,6
2334,Pedro Morales,Contabilidad,35,Masculino,4
2335,Sofía Vega,Derecho,26,Masculino,2
2336,María Torres,Contabilidad,33,Femenino,1
2337,Pedro Ramírez,Administración,26,Femenino,1
2338,Luis Pérez,Educación,28,Femenino,9
2339,Camila Ramírez,Contabilidad,21,Femenino,3
2340,Luis Díaz,Educación,31,Masculino,3
2341,Sofía Castillo,Psicología,24,Masculino,8
2342,María Díaz,Psicología,35,Femenino,9
2343,Andrés Castillo,Educación,18,Masculino,2
2344,Camila Díaz,Derecho,24,Masculino,6
2345,Daniela López,Derecho,29,Femenino,4
2346,José Castillo,Psicología,18,Masculino,2
2347,Pedro Morales,Derecho,33,Masculino,9
2348,Ana Vega,Contabilidad,18,Femenino,1
2349,Andrés Díaz,Psicología,33,Femenino,10
2350,Camila Gómez,Educación,20,Masculino,9
2351,Luis Vega,Administración,34,Masculino,10
2352,Daniela Ruiz,Educación,24,Masculino,7
2353,José Ramírez,Derecho,22,Femenino,2
2354,Carlos Ruiz,Contabilidad,32,Femenino,1
2355,Pedro Ruiz,Contabilidad,18,Femenino,1
2356,Ana López,Contabilidad,31,Masculino,5
2357,María Ruiz,Educación,28,Femenino,4
2358,Sofía Díaz,Educación,22,Masculino,3
2359,María Castillo,Administración,21,Masculino,9
2360,Sofía Pérez,Administración,35,Femenino,2
2361,Camila Díaz,Administración,24,Masculino,5
2362,Carlos Morales,Contabilidad,25,Masculino,6
2363,Ana Torres,Derecho,21,Femenino,1
2364,Daniela López,Derecho,19,Femenino,8
2365,Pedro López,Administración,30,Masculino,2
2366,Carlos Vega,Psicología,34,Masculino,3
2367,María Gómez,Derecho,29,Femenino,7
2368,María López,Sistemas,34,Femenino,8
2369,José Vega,Sistemas,32,Masculino,1
2370,Pedro Morales,Derecho,21,Femenino,6
2371,José Gómez,Derecho,27,Masculino,2
2372,Pedro Ramírez,Sistemas,26,Femenino,1
2373,Carlos López,Administración,18,Masculino,9
2374,Carlos Torres,Educación,33,Masculino,1
2375,Sofía López,Educación,27,Femenino,10
2376,Pedro Torres,Derecho,23,Masculino,9
2377,Carlos Torres,Contabilidad,21,Masculino,1
2378,Daniela López,Contabilidad,30,Femenino,5
2379,Sofía Díaz,Sistemas,18,Femenino,1
2380,Daniela Pérez,Educación,22,Femenino,1
2381,Andrés Morales,Psicología,34,Masculino,3
2382,Luis Pérez,Contabilidad,25,Masculino,7
2383,Luis Gómez,Derecho,32,Femenino,9
2384,Daniela Torres,Psicología,18,Femenino,8
2385,Daniela Castillo,Administración,28,Femenino,10
2386,Luis Ramírez,Derecho,24,Masculino,4
2387,Andrés Torres,Administración,25,Masculino,2
2388,Pedro Castillo,Psicología,21,Masculino,4
2389,José Torres,Educación,27,Femenino,8
2390,Sofía Vega,Psicología,26,Masculino,6
2391,Pedro Díaz,Educación,22,Masculino,7
2392,Ana López,Administración,18,Masculino,1
2393,María Torres,Derecho,28,Masculino,10
2394,Daniela Ramírez,Contabilidad,24,Femenino,8
2395,María Ramírez,Psicología,26,Femenino,2
2396,José Vega,Contabilidad,28,Masculino,5
2397,Camila Ramírez,Psicología,32,Masculino,6
2398,Andrés Castillo,Sistemas,29,Femenino,1
2399,Andrés Torres,Sistemas,25,Femenino,2
2400,Luis Vega,Educación,27,Masculino,6
2401,José Ramírez,Derecho,35,Masculino,9
2402,Carlos Morales,Psicología,24,Masculino,4
2403,Ana López,Educación,29,Masculino,10
2404,Andrés Vega,Sistemas,35,Femenino,9
2405,María Vega,Administración,29,Masculino,2
2406,Carlos Ruiz,Administración,22,Femenino,4
2407,José Pérez,Derecho,27,Femenino,9
2408,Pedro Ramírez,Derecho,28,Masculino,5
2409,Ana Gómez,Contabilidad,35,Femenino,4
2410,Sofía Ruiz,Sistemas,19,Femenino,3
2411,Carlos Ramírez,Administración,25,Femenino,3
2412,Pedro Morales,Psicología,24,Masculino,6
2413,Luis López,Contabilidad,22,Femenino,2
2414,Sofía Torres,Administración,32,Masculino,5
2415,Camila Pérez,Educación,21,Femenino,9
2416,Luis Ruiz,Derecho,25,Femenino,5
2417,Luis Vega,Educación,32,Masculino,2
2418,Camila Castillo,Sistemas,30,Femenino,2
2419,Daniela Morales,Psicología,23,Femenino,5
2420,María Vega,Sistemas,20,Femenino,4
2421,Daniela Morales,Derecho,19,Masculino,5
2422,José Castillo,Educación,34,Femenino,7
2423,José Díaz,Sistemas,18,Masculino,8
2424,María Ruiz,Derecho,25,Femenino,5
2425,Luis Ramírez,Psicología,30,Femenino,1
2426,Sofía Gómez,Psicología,21,Masculino,2
2427,María Díaz,Psicología,31,Femenino,1
2428,Camila Ramírez,Derecho,34,Masculino,7
2429,Pedro Pérez,Administración,23,Masculino,6
2430,Luis Castillo,Derecho,18,Femenino,5
2431,Camila Díaz,Contabilidad,25,Femenino,8
2432,Ana Díaz,Derecho,26,Masculino,4
2433,Andrés Vega,Educación,28,Femenino,6
2434,Carlos Ramírez,Sistemas,28,Femenino,10
2435,Andrés López,Contabilidad,27,Masculino,2
2436,Pedro Díaz,Psicología,33,Masculino,7
2437,María Castillo,Educación,33,Femenino,6
2438,Daniela Díaz,Administración,23,Femenino,1
2439,Luis López,Psicología,27,Femenino,9
2440,Andrés Torres,Derecho,20,Masculino,2
2441,Luis Ruiz,Educación,30,Femenino,3
2442,Camila Vega,Contabilidad,30,Masculino,7
2443,Luis Castillo,Psicología,20,Femenino,4
2444,Daniela Pérez,Administración,35,Masculino,5
2445,Ana Ramírez,Administración,25,Masculino,4
2446,Daniela López,Administración,18,Femenino,4
2447,Ana Ruiz,Derecho,32,Femenino,9
2448,Andrés Ruiz,Administración,31,Masculino,9
2449,Sofía Morales,Educación,30,Femenino,6
2450,José Morales,Contabilidad,29,Masculino,6
2451,Andrés Díaz,Sistemas,22,Femenino,4
2452,Andrés Ruiz,Administración,21,Femenino,9
2453,Camila Gómez,Psicología,25,Femenino,9
2454,María Ramírez,Contabilidad,19,Femenino,10
2455,Daniela Ramírez,Psicología,31,Masculino,3
2456,Ana Vega,Derecho,35,Masculino,6
2457,Daniela Torres,Sistemas,29,Masculino,5
2458,Sofía Castillo,Educación,18,Femenino,7
2459,Carlos Morales,Administración,32,Femenino,9
2460,José Díaz,Administración,34,Femenino,3
2461,Andrés Ruiz,Contabilidad,18,Masculino,6
2462,Sofía Gómez,Sistemas,20,Femenino,3
2463,María López,Psicología,23,Masculino,1
2464,Daniela Gómez,Contabilidad,20,Masculino,7
2465,Sofía Morales,Derecho,30,Femenino,3
2466,Camila Torres,Sistemas,27,Femenino,3
2467,Pedro Castillo,Derecho,20,Masculino,5
2468,Pedro López,Administración,29,Masculino,6
2469,Daniela Gómez,Psicología,26,Masculino,10
2470,Ana Vega,Sistemas,29,Masculino,3
2471,Ana Vega,Sistemas,18,Femenino,7
2472,José Pérez,Psicología,29,Masculino,3
2473,María Ruiz,Derecho,23,Masculino,6
2474,Luis Torres,Psicología,29,Masculino,8
2475,Carlos Vega,Administración,32,Masculino,10
2476,Ana Vega,Sistemas,27,Femenino,2
2477,Camila Torres,Psicología,34,Masculino,2
2478,Daniela López,Psicología,22,Femenino,8
2479,Andrés Morales,Derecho,21,Masculino,6
2480,María Díaz,Administración,25,Femenino,4
2481,Pedro Pérez,Contabilidad,19,Femenino,10
2482,Luis Vega,Sistemas,28,Femenino,9
2483,María Castillo,Contabilidad,22,Femenino,4
2484,José Morales,Derecho,31,Femenino,2
2485,Daniela Pérez,Derecho,21,Femenino,9
2486,Daniela Ruiz,Derecho,27,Femenino,5
2487,Ana Vega,Sistemas,24,Masculino,5
2488,Sofía Ruiz,Psicología,23,Femenino,1
2489,Andrés Pérez,Sistemas,27,Femenino,4
2490,Camila Vega,Sistemas,31,Masculino,9
2491,Camila Pérez,Administración,21,Femenino,3
2492,María Díaz,Sistemas,24,Femenino,4
2493,Sofía Ruiz,Sistemas,19,Femenino,4
2494,Luis Castillo,Sistemas,25,Femenino,3
2495,Pedro López,Contabilidad,30,Masculino,3
2496,Carlos Ruiz,Administración,26,Femenino,10
2497,José López,Educación,26,Femenino,1
2498,Pedro Morales,Derecho,26,Masculino,8
2499,José Ruiz,Sistemas,30,Masculino,8
2500,Carlos López,Sistemas,21,Masculino,3
2501,Daniela Gómez,Administración,35,Femenino,3
2502,José Morales,Contabilidad,35,Femenino,5
2503,Sofía Castillo,Sistemas,21,Femenino,4
2504,Luis Vega,Derecho,24,Masculino,9
2505,Ana Ramírez,Derecho,21,Masculino,4
2506,Ana Morales,Administración,20,Masculino,4
2507,Pedro Ruiz,Contabilidad,32,Masculino,8
2508,Sofía Pérez,Educación,34,Masculino,4
2509,Camila Pérez,Psicología,18,Masculino,6
2510,José Torres,Contabilidad,32,Masculino,1
2511,Pedro Morales,Administración,27,Masculino,4
2512,Carlos López,Contabilidad,32,Masculino,8
2513,Luis López,Psicología,34,Femenino,9
2514,Carlos Torres,Psicología,28,Masculino,2
2515,Luis Morales,Psicología,35,Masculino,10
2516,Carlos Díaz,Contabilidad,19,Masculino,2
2517,María Pérez,Derecho,18,Masculino,7
2518,Sofía Gómez,Administración,19,Masculino,1
2519,Daniela Ruiz,Educación,30,Femenino,10
2520,Pedro Ramírez,Educación,25,Femenino,10
2521,José Díaz,Educación,32,Femenino,3
2522,Daniela Vega,Contabilidad,25,Masculino,5
2523,Carlos Morales,Contabilidad,23,Femenino,1
2524,Pedro Castillo,Administración,19,Femenino,7
2525,Andrés López,Derecho,22,Femenino,4
2526,Pedro Morales,Derecho,32,Femenino,8
2527,Pedro Ramírez,Contabilidad,28,Femenino,7
2528,Carlos Vega,Administración,25,Masculino,4
2529,Sofía López,Educación,29,Femenino,9
2530,Pedro Díaz,Educación,27,Masculino,7
2531,Carlos Ramírez,Sistemas,35,Femenino,5
2532,Sofía Morales,Sistemas,24,Masculino,6
2533,Andrés Torres,Educación,30,Femenino,3
2534,Daniela Pérez,Educación,24,Femenino,10
2535,Carlos Castillo,Educación,22,Femenino,10
2536,María Torres,Derecho,28,Femenino,4
2537,Carlos Ramírez,Contabilidad,34,Masculino,2
2538,Luis Gómez,Sistemas,18,Masculino,6
2539,Luis Díaz,Contabilidad,24,Masculino,4
2540,José Gómez,Contabilidad,28,Femenino,8
2541,Camila Torres,Contabilidad,27,Masculino,9
2542,Carlos Torres,Administración,31,Masculino,9
2543,Sofía Morales,Administración,35,Femenino,5
2544,María Gómez,Educación,22,Femenino,2
2545,Ana Torres,Derecho,33,Femenino,8
2546,Carlos Pérez,Psicología,29,Femenino,10
2547,Sofía Torres,Derecho,18,Femenino,10
2548,Camila Díaz,Sistemas,29,Masculino,3
2549,Carlos Ruiz,Contabilidad,30,Masculino,2
2550,María Díaz,Contabilidad,20,Femenino,10
2551,Daniela Pérez,Psicología,31,Masculino,6
2552,José López,Psicología,26,Masculino,8
2553,Camila Torres,Sistemas,25,Femenino,5
2554,Daniela Morales,Contabilidad,19,Femenino,8
2555,Luis Díaz,Psicología,19,Masculino,10
2556,Ana Ruiz,Sistemas,27,Femenino,4
2557,Daniela Morales,Derecho,19,Femenino,7
2558,Camila Díaz,Psicología,31,Femenino,6
2559,Carlos Díaz,Educación,26,Masculino,8
2560,José Castillo,Sistemas,32,Masculino,6
2561,Andrés Gómez,Sistemas,22,Masculino,4
2562,Luis Torres,Contabilidad,20,Masculino,10
2563,María Gómez,Sistemas,18,Masculino,6
2564,Sofía Gómez,Administración,32,Femenino,2
2565,Sofía Gómez,Sistemas,22,Masculino,2
2566,Carlos Gómez,Educación,20,Masculino,7
2567,María López,Sistemas,20,Femenino,6
2568,Andrés López,Derecho,24,Femenino,10
2569,Carlos Ramírez,Contabilidad,19,Femenino,3
2570,Andrés Pérez,Sistemas,23,Masculino,5
2571,Carlos Vega,Psicología,24,Masculino,2
2572,María Torres,Contabilidad,25,Masculino,7
2573,Sofía Castillo,Psicología,31,Femenino,4
2574,Pedro Castillo,Contabilidad,25,Masculino,5
2575,José Torres,Sistemas,19,Masculino,8
2576,Camila Pérez,Psicología,31,Masculino,8
2577,Ana Gómez,Contabilidad,29,Masculino,10
2578,José Díaz,Derecho,29,Femenino,6
2579,Daniela Castillo,Derecho,28,Masculino,4
2580,Sofía Torres,Sistemas,29,Femenino,8
2581,Daniela Díaz,Derecho,32,Femenino,8
2582,Carlos Torres,Educación,30,Femenino,1
2583,Carlos Díaz,Derecho,22,Femenino,6
2584,Ana Morales,Educación,23,Masculino,10
2585,Carlos López,Sistemas,18,Femenino,8
2586,Carlos Castillo,Contabilidad,24,Masculino,8
2587,Pedro Torres,Contabilidad,35,Femenino,4
2588,María Ramírez,Psicología,33,Femenino,7
2589,Carlos Ramírez,Educación,19,Femenino,2
2590,Luis Díaz,Educación,33,Femenino,3
2591,María Vega,Derecho,24,Femenino,8
2592,Ana Castillo,Educación,23,Femenino,5
2593,Sofía Morales,Psicología,21,Masculino,9
2594,José Díaz,Educación,29,Masculino,6
2595,Sofía Ramírez,Sistemas,18,Femenino,6
2596,Pedro López,Administración,28,Masculino,6
2597,Daniela Castillo,Psicología,28,Femenino,4
2598,Carlos Díaz,Educación,25,Masculino,4
2599,Daniela Ruiz,Derecho,18,Femenino,9
2600,Luis Morales,Administración,28,Masculino,9
2601,Daniela Ramírez,Psicología,26,Masculino,8
2602,Pedro López,Contabilidad,22,Femenino,1
2603,Daniela López,Administración,18,Femenino,6
2604,Sofía Ramírez,Psicología,22,Femenino,6
2605,Daniela Díaz,Psicología,35,Masculino,4
2606,Sofía Ruiz,Sistemas,27,Masculino,4
2607,Andrés Vega,Contabilidad,25,Femenino,7
2608,Ana Castillo,Contabilidad,24,Masculino,5
2609,Ana Pérez,Educación,31,Masculino,6
2610,Daniela Torres,Derecho,30,Masculino,10
2611,Daniela Díaz,Sistemas,26,Femenino,5
2612,María Ruiz,Derecho,27,Masculino,10
2613,Carlos Díaz,Sistemas,21,Masculino,6
2614,Andrés Ramírez,Contabilidad,22,Femenino,7
2615,Andrés Pérez,Educación,31,Femenino,7
2616,Carlos Díaz,Psicología,19,Femenino,6
2617,Sofía Ruiz,Sistemas,34,Masculino,3
2618,Daniela Gómez,Sistemas,22,Masculino,2
2619,Andrés Torres,Educación,25,Masculino,6
2620,Camila Díaz,Sistemas,31,Femenino,2
2621,Daniela Morales,Psicología,19,Femenino,7
2622,Carlos Vega,Sistemas,24,Femenino,3
2623,Luis Castillo,Administración,25,Masculino,9
2624,Ana Pérez,Educación,25,Femenino,1
2625,Ana López,Administración,22,Masculino,9
2626,Camila Díaz,Derecho,30,Masculino,9
2627,José Ramírez,Sistemas,31,Masculino,1
2628,María Ruiz,Sistemas,24,Masculino,10
2629,Daniela Pérez,Contabilidad,20,Femenino,9
2630,Carlos Morales,Administración,22,Masculino,10
2631,José Castillo,Psicología,29,Femenino,3
2632,María Ruiz,Contabilidad,28,Masculino,6
2633,José Morales,Sistemas,27,Femenino,1
2634,Daniela Ruiz,Educación,34,Femenino,4
2635,Carlos Gómez,Sistemas,30,Masculino,4
2636,María Ruiz,Educación,27,Masculino,10
2637,José Díaz,Derecho,19,Masculino,10
2638,José López,Psicología,18,Femenino,1
2639,María Torres,Contabilidad,24,Femenino,7
2640,Camila Ramírez,Derecho,23,Femenino,8
2641,Andrés Ruiz,Contabilidad,25,Masculino,10
2642,Luis Pérez,Sistemas,19,Masculino,5
2643,Ana Castillo,Derecho,30,Masculino,2
2644,Ana Díaz,Administración,24,Femenino,6
2645,Luis Castillo,Derecho,18,Femenino,1
2646,Luis Castillo,Administración,26,Femenino,4
2647,Luis Pérez,Derecho,23,Masculino,2
2648,Luis López,Derecho,35,Femenino,5
2649,Ana Ruiz,Derecho,20,Masculino,4
2650,Luis Morales,Educación,30,Masculino,1
2651,Daniela Morales,Derecho,31,Masculino,1
2652,Sofía Pérez,Educación,20,Femenino,5
2653,Daniela López,Contabilidad,18,Femenino,4
2654,María Ramírez,Sistemas,19,Femenino,9
2655,Daniela López,Educación,19,Femenino,6
2656,Luis Ruiz,Contabilidad,32,Femenino,9
2657,Carlos Díaz,Educación,29,Masculino,6
2658,Camila Morales,Administración,30,Femenino,8
2659,Camila Castillo,Administración,33,Femenino,6
2660,Pedro Gómez,Psicología,26,Masculino,6
2661,Camila Ramírez,Derecho,35,Masculino,1
2662,Camila Vega,Educación,22,Femenino,9
2663,Carlos Ruiz,Administración,24,Femenino,2
2664,Pedro Gómez,Psicología,35,Masculino,9
2665,Luis Ruiz,Sistemas,26,Masculino,4
2666,Camila Ramírez,Sistemas,28,Femenino,9
2667,Pedro Vega,Educación,30,Masculino,10
2668,Camila Morales,Educación,21,Masculino,8
2669,Carlos López,Educación,18,Masculino,8
2670,Carlos Gómez,Educación,27,Masculino,7
2671,José López,Psicología,21,Masculino,1
2672,Ana Pérez,Contabilidad,21,Masculino,3
2673,Luis Gómez,Contabilidad,32,Masculino,7
2674,Camila Morales,Sistemas,27,Femenino,7
2675,Camila López,Contabilidad,31,Femenino,10
2676,Sofía Pérez,Educación,33,Masculino,8
2677,Camila Díaz,Sistemas,26,Femenino,7
2678,Andrés Gómez,Derecho,29,Femenino,1
2679,Pedro Pérez,Derecho,20,Femenino,5
2680,Andrés Gómez,Sistemas,25,Masculino,8
2681,Pedro Díaz,Administración,33,Masculino,6
2682,José Vega,Educación,32,Masculino,10
2683,Pedro Gómez,Sistemas,22,Masculino,9
2684,Daniela Gómez,Psicología,23,Femenino,5
2685,Sofía Morales,Psicología,19,Femenino,10
2686,Luis Vega,Derecho,23,Femenino,5
2687,Carlos Pérez,Contabilidad,28,Femenino,2
2688,Carlos Gómez,Administración,33,Femenino,4
2689,Ana Morales,Educación,23,Femenino,1
2690,José Torres,Administración,28,Femenino,4
2691,Daniela Gómez,Sistemas,23,Masculino,3
2692,Sofía Ruiz,Sistemas,32,Femenino,6
2693,Pedro Pérez,Educación,34,Femenino,9
2694,Luis Morales,Derecho,19,Femenino,7
2695,Andrés Morales,Sistemas,20,Masculino,5
2696,Camila Ramírez,Derecho,34,Masculino,3
2697,Luis Pérez,Administración,20,Masculino,4
2698,Daniela Vega,Contabilidad,35,Femenino,8
2699,Luis Torres,Psicología,31,Masculino,9
2700,Ana López,Administración,22,Femenino,3
2701,Pedro Pérez,Contabilidad,19,Masculino,2
2702,Andrés Castillo,Psicología,34,Masculino,5
2703,Carlos Díaz,Administración,33,Masculino,4
2704,Daniela Ramírez,Derecho,24,Masculino,3
2705,Pedro Vega,Educación,35,Masculino,3
2706,Carlos Vega,Administración,20,Femenino,9
2707,Luis Ruiz,Administración,25,Femenino,6
2708,María Castillo,Derecho,19,Femenino,1
2709,Camila Morales,Sistemas,24,Femenino,7
2710,Daniela Ruiz,Administración,22,Femenino,10
2711,Andrés Morales,Educación,23,Masculino,10
2712,Andrés Castillo,Derecho,20,Femenino,10
2713,Ana Morales,Sistemas,35,Masculino,3
2714,Ana Díaz,Contabilidad,30,Femenino,8
2715,Camila Castillo,Psicología,28,Femenino,8
2716,Andrés Ramírez,Derecho,35,Masculino,8
2717,Camila Gómez,Educación,33,Femenino,9
2718,Andrés Ruiz,Educación,20,Femenino,5
2719,José Castillo,Psicología,34,Masculino,6
2720,Camila López,Psicología,24,Femenino,5
2721,María Díaz,Psicología,31,Femenino,5
2722,Sofía Morales,Educación,24,Masculino,5
2723,María Díaz,Educación,35,Femenino,4
2724,Daniela Ruiz,Psicología,23,Masculino,5
2725,María López,Psicología,28,Masculino,8
2726,Camila López,Derecho,33,Femenino,10
2727,Daniela Vega,Contabilidad,22,Femenino,10
2728,Luis Castillo,Sistemas,30,Femenino,1
2729,Luis López,Contabilidad,33,Femenino,9
2730,Sofía Castillo,Psicología,31,Masculino,5
2731,Ana Morales,Educación,33,Masculino,8
2732,Pedro Morales,Contabilidad,21,Masculino,3
2733,Luis Díaz,Sistemas,19,Masculino,5
2734,Luis Vega,Psicología,26,Masculino,2
2735,Pedro López,Sistemas,19,Masculino,2
2736,Camila Ruiz,Educación,26,Femenino,7
2737,María López,Administración,26,Femenino,4
2738,Carlos Pérez,Psicología,28,Masculino,3
2739,Pedro López,Psicología,18,Masculino,2
2740,Sofía Ruiz,Contabilidad,33,Masculino,2
2741,María Morales,Administración,25,Femenino,10
2742,Carlos Torres,Administración,26,Masculino,1
2743,María Castillo,Derecho,30,Femenino,4
2744,María Gómez,Sistemas,31,Femenino,8
2745,Carlos Morales,Psicología,30,Masculino,9
2746,José López,Educación,33,Femenino,9
2747,Camila Díaz,Sistemas,33,Femenino,8
2748,Sofía López,Contabilidad,22,Masculino,10
2749,Pedro Torres,Derecho,24,Masculino,6
2750,Camila Morales,Contabilidad,25,Femenino,4
2751,Pedro Ruiz,Derecho,18,Masculino,2
2752,Daniela Pérez,Derecho,29,Femenino,7
2753,Ana Ramírez,Derecho,32,Femenino,2
2754,Pedro Castillo,Contabilidad,25,Femenino,6
2755,José Ramírez,Administración,23,Masculino,10
2756,Andrés Ruiz,Psicología,24,Masculino,7
2757,Camila Pérez,Administración,20,Masculino,2
2758,Sofía Vega,Sistemas,26,Masculino,9
2759,José Ramírez,Administración,27,Masculino,7
2760,José Torres,Administración,31,Femenino,3
2761,Andrés Gómez,Administración,20,Masculino,10
2762,Carlos Castillo,Psicología,33,Femenino,3
2763,María Pérez,Administración,20,Masculino,2
2764,José Torres,Psicología,21,Femenino,9
2765,Camila Torres,Administración,35,Masculino,4
2766,Ana Díaz,Administración,26,Masculino,9
2767,Andrés Pérez,Derecho,22,Masculino,1
2768,Daniela Torres,Administración,25,Femenino,10
2769,José Ramírez,Administración,32,Masculino,2
2770,María Torres,Educación,19,Masculino,7
2771,Carlos Pérez,Contabilidad,32,Femenino,7
2772,Andrés Vega,Educación,30,Femenino,9
2773,Camila Ruiz,Psicología,30,Femenino,9
2774,Pedro Torres,Psicología,33,Masculino,1
2775,María Gómez,Psicología,29,Femenino,2
2776,Sofía Morales,Derecho,30,Femenino,6
2777,Ana Díaz,Derecho,24,Masculino,4
2778,Pedro Torres,Derecho,22,Femenino,7
2779,María Torres,Sistemas,25,Femenino,5
2780,Daniela Morales,Derecho,32,Femenino,4
2781,Daniela Torres,Derecho,19,Masculino,3
2782,Luis Castillo,Contabilidad,19,Femenino,8
2783,Pedro Morales,Sistemas,27,Femenino,9
2784,Andrés Ramírez,Sistemas,33,Masculino,6
2785,Camila López,Contabilidad,34,Masculino,1
2786,Luis Torres,Educación,35,Femenino,1
2787,Ana Vega,Administración,34,Femenino,1
2788,Daniela Morales,Contabilidad,32,Femenino,10
2789,Camila Castillo,Contabilidad,19,Masculino,8
2790,Daniela Morales,Psicología,19,Masculino,3
2791,Pedro Díaz,Educación,32,Femenino,3
2792,Carlos López,Sistemas,30,Femenino,7
2793,María Pérez,Sistemas,27,Masculino,3
2794,María Morales,Psicología,24,Femenino,3
2795,Pedro Vega,Psicología,26,Masculino,1
2796,Luis Torres,Sistemas,26,Femenino,2
2797,María Ramírez,Administración,33,Masculino,2
2798,Daniela Díaz,Psicología,29,Femenino,5
2799,Sofía Vega,Psicología,28,Femenino,9
2800,Carlos Ruiz,Psicología,26,Masculino,4
2801,Ana Morales,Derecho,26,Femenino,9
2802,José Ramírez,Educación,30,Masculino,10
2803,José Castillo,Sistemas,22,Masculino,4
2804,María Ramírez,Administración,21,Femenino,7
2805,Pedro Morales,Psicología,28,Femenino,2
2806,María Torres,Psicología,33,Masculino,6
2807,Ana Morales,Derecho,31,Masculino,7
2808,Daniela Pérez,Contabilidad,29,Masculino,5
2809,María Ramírez,Derecho,30,Masculino,7
2810,Pedro López,Contabilidad,25,Masculino,6
2811,Carlos Ruiz,Contabilidad,30,Masculino,2
2812,Luis Gómez,Educación,18,Masculino,9
2813,Pedro Ramírez,Sistemas,22,Masculino,1
2814,Daniela Torres,Sistemas,22,Femenino,6
2815,Camila Ruiz,Sistemas,19,Masculino,5
2816,Camila Gómez,Sistemas,20,Masculino,10
2817,Ana López,Administración,30,Femenino,2
2818,José Ruiz,Contabilidad,34,Masculino,10
2819,José Torres,Sistemas,32,Femenino,3
2820,Andrés Gómez,Derecho,25,Femenino,1
2821,Pedro Díaz,Educación,23,Femenino,8
2822,Camila Vega,Contabilidad,27,Femenino,7
2823,María Castillo,Educación,28,Masculino,4
2824,Daniela Torres,Educación,22,Masculino,2
2825,Ana Ruiz,Sistemas,22,Masculino,8
2826,Carlos Torres,Educación,20,Femenino,6
2827,Camila Ruiz,Administración,33,Femenino,7
2828,Luis Vega,Educación,27,Masculino,8
2829,Ana Díaz,Administración,30,Masculino,6
2830,Luis Pérez,Sistemas,26,Femenino,3
2831,Daniela Ramírez,Educación,30,Femenino,8
2832,Carlos Díaz,Educación,31,Femenino,10
2833,Carlos Pérez,Administración,26,Femenino,2
2834,Daniela Díaz,Administración,19,Masculino,4
2835,Andrés Ruiz,Derecho,26,Masculino,3
2836,Pedro Pérez,Sistemas,29,Femenino,10
2837,Camila Díaz,Sistemas,21,Femenino,9
2838,María López,Administración,28,Femenino,9
2839,Pedro Vega,Psicología,24,Femenino,1
2840,Daniela Ruiz,Psicología,27,Femenino,1
2841,José Díaz,Sistemas,31,Masculino,8
2842,Pedro Ramírez,Psicología,25,Femenino,10
2843,María Ramírez,Contabilidad,27,Masculino,4
2844,Sofía Castillo,Derecho,26,Masculino,9
2845,María Pérez,Administración,32,Masculino,7
2846,Ana Morales,Sistemas,20,Femenino,9
2847,Andrés Morales,Sistemas,34,Femenino,10
2848,Ana Ramírez,Psicología,24,Femenino,2
2849,María Morales,Psicología,28,Masculino,9
2850,María Pérez,Educación,31,Masculino,6
2851,María Ramírez,Sistemas,21,Masculino,5
2852,Carlos Castillo,Educación,26,Femenino,3
2853,Pedro López,Educación,23,Femenino,2
2854,José Castillo,Psicología,35,Masculino,2
2855,Carlos Gómez,Sistemas,25,Masculino,5
2856,Carlos Gómez,Derecho,28,Masculino,9
2857,Andrés Ramírez,Psicología,21,Femenino,10
2858,José Gómez,Contabilidad,20,Femenino,3
2859,Pedro López,Psicología,26,Masculino,10
2860,Luis Gómez,Administración,22,Femenino,3
2861,Andrés Vega,Administración,33,Femenino,1
2862,Camila Morales,Derecho,21,Femenino,4
2863,Carlos López,Psicología,33,Masculino,4
2864,Daniela Vega,Derecho,30,Femenino,6
2865,María Pérez,Sistemas,32,Masculino,1
2866,Sofía Díaz,Sistemas,29,Femenino,7
2867,Ana Díaz,Derecho,20,Masculino,2
2868,Sofía Vega,Psicología,21,Masculino,8
2869,Daniela Vega,Psicología,28,Masculino,10
2870,Ana Díaz,Administración,27,Femenino,5
2871,Ana Gómez,Sistemas,27,Masculino,5
2872,Pedro Torres,Contabilidad,28,Femenino,2
2873,Andrés Díaz,Sistemas,33,Femenino,5
2874,Pedro Pérez,Sistemas,27,Femenino,3
2875,Luis Torres,Psicología,21,Femenino,2
2876,Luis Castillo,Contabilidad,28,Masculino,3
2877,Sofía López,Psicología,20,Masculino,1
2878,José Castillo,Psicología,35,Masculino,9
2879,Sofía Vega,Contabilidad,35,Femenino,2
2880,Pedro Pérez,Contabilidad,31,Masculino,6
2881,José Pérez,Administración,20,Masculino,10
2882,Ana Gómez,Derecho,19,Femenino,6
2883,Pedro Vega,Sistemas,26,Masculino,10
2884,Andrés López,Sistemas,28,Masculino,3
2885,Sofía Gómez,Educación,18,Femenino,4
2886,Carlos Torres,Educación,34,Masculino,7
2887,Ana Vega,Contabilidad,24,Femenino,9
2888,María Pérez,Derecho,24,Femenino,4
2889,Andrés Castillo,Contabilidad,22,Femenino,10
2890,Pedro Ruiz,Contabilidad,26,Masculino,10
2891,Luis Morales,Contabilidad,33,Masculino,2
2892,Pedro Ruiz,Administración,26,Masculino,10
2893,Carlos Ruiz,Sistemas,25,Masculino,1
2894,María López,Educación,19,Masculino,7
2895,Carlos López,Contabilidad,21,Masculino,4
2896,Luis Pérez,Derecho,21,Femenino,4
2897,Daniela Torres,Administración,21,Femenino,6
2898,Pedro Morales,Educación,34,Femenino,8
2899,María Torres,Administración,30,Femenino,4
2900,María Ramírez,Derecho,26,Femenino,1
2901,José Pérez,Derecho,32,Masculino,1
2902,Ana Ramírez,Psicología,27,Masculino,7
2903,Luis Castillo,Administración,27,Femenino,3
2904,Pedro Pérez,Derecho,34,Masculino,10
2905,Daniela Díaz,Contabilidad,25,Femenino,4
2906,José Ramírez,Derecho,26,Masculino,8
2907,María Ramírez,Administración,18,Masculino,8
2908,Pedro López,Psicología,34,Masculino,2
2909,José Díaz,Psicología,26,Masculino,5
2910,Andrés Castillo,Educación,30,Masculino,2
2911,Sofía Gómez,Administración,27,Femenino,4
2912,Andrés Ruiz,Psicología,34,Masculino,8
2913,Andrés Pérez,Administración,18,Femenino,9
2914,Pedro Ruiz,Contabilidad,18,Femenino,4
2915,Carlos Gómez,Educación,27,Femenino,5
2916,José Ruiz,Administración,30,Femenino,2
2917,Pedro Ramírez,Psicología,24,Masculino,6
2918,Ana Díaz,Contabilidad,33,Masculino,9
2919,Camila Ramírez,Administración,31,Masculino,2
2920,Luis Ruiz,Administración,25,Femenino,1
2921,María Ramírez,Derecho,35,Masculino,2
2922,Andrés Ramírez,Educación,22,Masculino,4
2923,María Díaz,Sistemas,19,Femenino,1
2924,Sofía Morales,Sistemas,26,Femenino,4
2925,Luis Díaz,Administración,21,Masculino,5
2926,Sofía Vega,Educación,25,Masculino,8
2927,José Vega,Administración,18,Femenino,4
2928,Pedro Díaz,Sistemas,20,Masculino,10
2929,José Pérez,Derecho,29,Femenino,8
2930,Andrés Torres,Sistemas,21,Masculino,5
2931,María Torres,Administración,25,Masculino,3
2932,María López,Administración,22,Femenino,8
2933,Ana Ramírez,Administración,22,Masculino,2
2934,María Díaz,Educación,27,Femenino,3
2935,Luis Torres,Derecho,30,Masculino,3
2936,Camila Pérez,Psicología,23,Femenino,2
2937,Luis Torres,Administración,20,Masculino,7
2938,Luis Morales,Administración,23,Femenino,9
2939,Andrés Vega,Psicología,28,Femenino,3
2940,Sofía Vega,Educación,24,Femenino,7
2941,Carlos Ruiz,Derecho,26,Femenino,5
2942,Sofía López,Educación,18,Masculino,7
2943,José Morales,Psicología,32,Masculino,10
2944,Luis Torres,Sistemas,25,Masculino,9
2945,Daniela Morales,Educación,22,Masculino,9
2946,Carlos Vega,Administración,22,Masculino,1
2947,Andrés Ruiz,Psicología,20,Masculino,9
2948,Andrés Gómez,Contabilidad,34,Masculino,5
2949,José Díaz,Psicología,22,Masculino,1
2950,Pedro Ramírez,Administración,22,Masculino,2
2951,Andrés Torres,Psicología,32,Masculino,7
2952,Andrés Gómez,Educación,28,Femenino,3
2953,José Díaz,Sistemas,19,Masculino,1
2954,Ana Pérez,Sistemas,28,Masculino,10
2955,Luis Gómez,Educación,24,Femenino,2
2956,Daniela Vega,Educación,29,Masculino,10
2957,Ana Torres,Contabilidad,28,Femenino,2
2958,Andrés Castillo,Contabilidad,26,Masculino,2
2959,Andrés Torres,Psicología,35,Femenino,5
2960,Daniela Vega,Sistemas,22,Masculino,5
2961,Andrés Ruiz,Sistemas,28,Femenino,8
2962,Ana Vega,Derecho,32,Masculino,1
2963,Sofía Pérez,Sistemas,26,Masculino,7
2964,Camila Díaz,Sistemas,29,Femenino,9
2965,Carlos Morales,Derecho,21,Masculino,7
2966,Carlos Castillo,Psicología,25,Femenino,6
2967,Ana Díaz,Contabilidad,23,Femenino,1
2968,Andrés Pérez,Educación,33,Masculino,7
2969,María López,Derecho,35,Femenino,10
2970,Camila Pérez,Psicología,34,Masculino,3
2971,Luis Pérez,Contabilidad,19,Masculino,7
2972,José Vega,Sistemas,35,Masculino,5
2973,José Torres,Psicología,33,Femenino,4
2974,Andrés López,Derecho,24,Masculino,7
2975,José López,Administración,20,Masculino,7
2976,Sofía Castillo,Educación,23,Femenino,7
2977,José Torres,Sistemas,25,Femenino,3
2978,Camila Vega,Derecho,24,Masculino,5
2979,José Gómez,Derecho,19,Femenino,5
2980,Pedro Torres,Contabilidad,29,Femenino,1
2981,Carlos Morales,Administración,29,Femenino,9
2982,Carlos Castillo,Administración,18,Masculino,8
2983,Pedro Castillo,Derecho,26,Femenino,9
2984,Sofía Vega,Psicología,18,Masculino,2
2985,Camila López,Psicología,34,Masculino,5
2986,Camila Torres,Derecho,19,Femenino,1
2987,José Pérez,Contabilidad,25,Masculino,4
2988,María Díaz,Administración,34,Femenino,10
2989,Camila Gómez,Derecho,25,Masculino,2
2990,Luis Gómez,Educación,32,Femenino,2
2991,Andrés Pérez,Psicología,24,Masculino,10
2992,Luis López,Derecho,24,Masculino,7
2993,Camila López,Sistemas,31,Masculino,2
2994,Luis Ruiz,Psicología,33,Femenino,7
2995,Luis Ramírez,Psicología,31,Masculino,1
2996,Carlos López,Sistemas,18,Masculino,6
2997,Pedro Gómez,Psicología,22,Masculino,4
2998,Pedro Díaz,Derecho,33,Femenino,5
2999,Sofía Gómez,Educación,31,Masculino,10
3000,María Morales,Contabilidad,29,Masculino,1
3001,Luis Castillo,Psicología,20,Masculino,9
3002,Sofía Castillo,Sistemas,35,Femenino,4
3003,María Morales,Psicología,33,Femenino,1
3004,Sofía Torres,Derecho,24,Masculino,3
3005,María Ruiz,Psicología,34,Masculino,2
3006,María Ramírez,Contabilidad,28,Femenino,7
3007,Luis Gómez,Contabilidad,19,Femenino,3
3008,Andrés Vega,Derecho,19,Femenino,1
3009,Camila López,Derecho,30,Femenino,7
3010,Ana Vega,Educación,21,Masculino,3
3011,Pedro Pérez,Sistemas,24,Masculino,9
3012,María Díaz,Derecho,30,Masculino,1
3013,Pedro Torres,Educación,32,Masculino,6
3014,María Gómez,Administración,24,Femenino,6
3015,Camila Pérez,Derecho,34,Masculino,7
3016,Sofía Gómez,Derecho,33,Femenino,9
3017,Carlos Ruiz,Administración,34,Femenino,5
3018,Ana Gómez,Administración,27,Masculino,9
3019,Daniela López,Contabilidad,27,Masculino,8
3020,Andrés Vega,Administración,31,Masculino,4
3021,María Díaz,Psicología,21,Masculino,2
3022,Camila Ramírez,Educación,18,Masculino,9
3023,Camila Ruiz,Psicología,20,Femenino,5
3024,Sofía Torres,Sistemas,32,Femenino,10
3025,Carlos Morales,Psicología,31,Femenino,5
3026,Andrés Ruiz,Psicología,32,Masculino,9
3027,José Torres,Psicología,29,Femenino,10
3028,María Torres,Contabilidad,21,Femenino,1
3029,Andrés Castillo,Psicología,24,Masculino,4
3030,Luis Torres,Administración,27,Masculino,7
3031,Pedro Ruiz,Psicología,19,Femenino,10
3032,Ana Vega,Derecho,22,Femenino,2
3033,Daniela Morales,Sistemas,32,Masculino,4
3034,José Vega,Educación,25,Masculino,6
3035,Sofía Díaz,Educación,25,Masculino,9
3036,Ana Castillo,Sistemas,29,Femenino,2
3037,Carlos Ruiz,Psicología,31,Femenino,1
3038,Andrés Torres,Derecho,29,Masculino,7
3039,José Gómez,Psicología,30,Femenino,6
3040,Pedro Gómez,Administración,18,Femenino,7
3041,Luis Torres,Administración,34,Femenino,10
3042,Camila Gómez,Contabilidad,24,Femenino,7
3043,Andrés Torres,Administración,27,Femenino,1
3044,Ana Torres,Derecho,25,Masculino,1
3045,Andrés Morales,Psicología,30,Femenino,2
3046,Ana Gómez,Derecho,34,Masculino,2
3047,Luis López,Psicología,28,Masculino,1
3048,Luis Morales,Psicología,19,Femenino,2
3049,José Ruiz,Sistemas,28,Masculino,8
3050,Pedro Torres,Educación,34,Masculino,10
3051,Daniela Morales,Educación,22,Masculino,6
3052,María Castillo,Contabilidad,18,Femenino,8
3053,Daniela Ruiz,Contabilidad,30,Masculino,1
3054,Daniela Torres,Educación,30,Femenino,3
3055,Sofía Torres,Contabilidad,18,Masculino,8
3056,Daniela Morales,Sistemas,23,Masculino,5
3057,Ana Morales,Psicología,35,Femenino,2
3058,María López,Administración,32,Masculino,2
3059,Carlos Díaz,Contabilidad,23,Masculino,6
3060,Pedro Gómez,Derecho,35,Masculino,8
3061,Ana López,Administración,21,Masculino,10
3062,Carlos Pérez,Derecho,21,Masculino,7
3063,María Vega,Educación,28,Masculino,8
3064,Daniela Vega,Psicología,29,Femenino,2
3065,María López,Derecho,20,Femenino,5
3066,José Ruiz,Sistemas,23,Femenino,1
3067,Carlos Morales,Contabilidad,34,Masculino,2
3068,Pedro Castillo,Contabilidad,19,Masculino,8
3069,María Castillo,Sistemas,30,Femenino,9
3070,Luis Torres,Derecho,33,Masculino,3
3071,Luis Pérez,Administración,20,Femenino,10
3072,Andrés Torres,Sistemas,24,Femenino,9
3073,Pedro Torres,Psicología,35,Femenino,8
3074,Sofía Ramírez,Administración,31,Masculino,9
3075,María Gómez,Psicología,23,Femenino,7
3076,Ana Díaz,Administración,32,Masculino,8
3077,Sofía Vega,Educación,31,Femenino,2
3078,Daniela Ramírez,Educación,19,Femenino,8
3079,María Morales,Psicología,22,Masculino,6
3080,Ana Morales,Psicología,22,Masculino,3
3081,Carlos López,Educación,29,Femenino,3
3082,Luis Morales,Educación,29,Masculino,6
3083,Andrés Ramírez,Sistemas,26,Femenino,10
3084,Carlos Gómez,Psicología,23,Masculino,10
3085,Carlos Díaz,Psicología,30,Femenino,10
3086,Ana Vega,Psicología,35,Femenino,4
3087,Pedro Ruiz,Psicología,35,Femenino,9
3088,Ana Torres,Administración,19,Femenino,1
3089,Sofía López,Educación,35,Femenino,10
3090,José Vega,Contabilidad,22,Femenino,10
3091,Camila Ruiz,Psicología,35,Masculino,2
3092,José Díaz,Derecho,35,Femenino,1
3093,Daniela Gómez,Contabilidad,23,Masculino,9
3094,Pedro Ramírez,Derecho,33,Masculino,9
3095,Carlos Pérez,Psicología,32,Femenino,7
3096,Luis Ruiz,Sistemas,32,Femenino,10
3097,Andrés Ramírez,Derecho,35,Masculino,10
3098,Sofía Morales,Psicología,33,Masculino,3
3099,Camila Vega,Psicología,24,Femenino,1
3100,Andrés Díaz,Educación,34,Masculino,7
3101,Carlos López,Contabilidad,19,Femenino,1
3102,Camila Morales,Derecho,28,Femenino,10
3103,Ana Pérez,Educación,21,Masculino,5
3104,Andrés Torres,Educación,28,Femenino,5
3105,José Torres,Psicología,30,Femenino,10
3106,Pedro López,Administración,29,Femenino,3
3107,María Torres,Educación,35,Femenino,7
3108,María López,Psicología,21,Femenino,7
3109,Carlos Castillo,Sistemas,28,Masculino,9
3110,Camila Ramírez,Administración,28,Femenino,3
3111,Sofía Torres,Derecho,25,Masculino,6
3112,Andrés Ruiz,Educación,29,Masculino,4
3113,Andrés Gómez,Psicología,30,Femenino,6
3114,Ana Ramírez,Psicología,26,Femenino,9
3115,Camila Pérez,Psicología,28,Femenino,5
3116,José López,Sistemas,24,Femenino,10
3117,Luis Vega,Psicología,20,Masculino,8
3118,Sofía Ramírez,Administración,19,Masculino,9
3119,Camila Ruiz,Administración,26,Masculino,2
3120,Camila López,Derecho,27,Masculino,6
3121,José Ramírez,Sistemas,28,Femenino,4
3122,Luis López,Educación,23,Femenino,10
3123,María Morales,Derecho,34,Masculino,4
3124,Pedro Ramírez,Contabilidad,19,Masculino,10
3125,José Torres,Educación,21,Femenino,2
3126,Ana Díaz,Administración,32,Femenino,10
3127,Andrés Gómez,Educación,34,Femenino,9
3128,Ana Ruiz,Educación,22,Femenino,1
3129,José Díaz,Administración,25,Femenino,7
3130,Carlos Torres,Contabilidad,35,Femenino,7
3131,Ana Díaz,Psicología,34,Femenino,8
3132,Andrés Ramírez,Contabilidad,27,Masculino,3
3133,Daniela Díaz,Psicología,28,Femenino,9
3134,Camila Ruiz,Derecho,29,Femenino,10
3135,José Torres,Psicología,22,Femenino,10
3136,Luis Gómez,Educación,31,Femenino,1
3137,Carlos Pérez,Sistemas,19,Masculino,5
3138,Camila López,Psicología,25,Masculino,4
3139,Carlos Gómez,Contabilidad,28,Masculino,4
3140,Ana Díaz,Contabilidad,33,Masculino,9
3141,María Morales,Psicología,23,Masculino,5
3142,José Castillo,Psicología,34,Femenino,7
3143,Sofía Ruiz,Educación,33,Masculino,8
3144,María Morales,Derecho,32,Femenino,7
3145,Carlos Pérez,Administración,29,Masculino,6
3146,José López,Sistemas,34,Masculino,3
3147,Andrés Gómez,Educación,22,Masculino,2
3148,Carlos López,Psicología,22,Masculino,5
3149,Sofía Gómez,Sistemas,30,Masculino,2
3150,Andrés López,Derecho,26,Femenino,3
3151,María Vega,Derecho,29,Masculino,9
3152,Carlos Ramírez,Derecho,34,Masculino,8
3153,Carlos Torres,Contabilidad,33,Femenino,6
3154,José Díaz,Psicología,26,Femenino,3
3155,Pedro Torres,Psicología,19,Femenino,3
3156,Sofía Gómez,Psicología,32,Femenino,9
3157,María Gómez,Derecho,19,Masculino,8
3158,Luis Ramírez,Administración,20,Femenino,4
3159,María Ramírez,Educación,24,Masculino,1
3160,Camila Torres,Administración,22,Masculino,7
3161,Carlos Gómez,Educación,31,Femenino,10
3162,Luis Castillo,Administración,35,Masculino,4
3163,Carlos Díaz,Educación,29,Masculino,10
3164,Andrés López,Contabilidad,35,Femenino,5
3165,Pedro Gómez,Derecho,32,Femenino,4
3166,Carlos Morales,Contabilidad,25,Masculino,10
3167,Camila Castillo,Contabilidad,33,Masculino,3
3168,Daniela Ruiz,Psicología,32,Masculino,3
3169,Sofía Torres,Derecho,20,Masculino,1
3170,Camila López,Educación,32,Femenino,2
3171,María Ramírez,Educación,28,Masculino,10
3172,Andrés Vega,Administración,22,Masculino,1
3173,Luis Torres,Contabilidad,30,Masculino,9
3174,María Torres,Sistemas,19,Femenino,9
3175,Daniela Ruiz,Educación,32,Femenino,6
3176,María Díaz,Educación,34,Femenino,3
3177,María Vega,Derecho,19,Masculino,4
3178,Ana Castillo,Contabilidad,25,Femenino,2
3179,Sofía Ruiz,Contabilidad,21,Femenino,2
3180,Camila Torres,Administración,20,Masculino,3
3181,Sofía Torres,Educación,29,Masculino,2
3182,José López,Derecho,26,Masculino,1
3183,Sofía López,Sistemas,31,Femenino,2
3184,María Ruiz,Derecho,20,Masculino,3
3185,Pedro Pérez,Educación,22,Masculino,2
3186,María Torres,Sistemas,32,Femenino,8
3187,Carlos Pérez,Sistemas,20,Masculino,2
3188,Pedro Morales,Sistemas,22,Masculino,1
3189,Luis Ruiz,Educación,19,Femenino,3
3190,Camila Vega,Derecho,25,Masculino,10
3191,María Pérez,Contabilidad,24,Femenino,7
3192,Camila López,Psicología,18,Masculino,8
3193,José Vega,Sistemas,22,Femenino,3
3194,Luis Gómez,Contabilidad,18,Femenino,9
3195,Carlos Díaz,Sistemas,28,Masculino,3
3196,Sofía Castillo,Derecho,22,Masculino,10
3197,María Díaz,Contabilidad,30,Masculino,1
3198,María Ruiz,Psicología,29,Masculino,10
3199,Daniela Pérez,Sistemas,25,Femenino,2
3200,Carlos Castillo,Administración,31,Femenino,9
3201,Camila Vega,Contabilidad,30,Femenino,3
3202,María Pérez,Contabilidad,20,Masculino,1
3203,Carlos Ramírez,Sistemas,31,Masculino,6
3204,Sofía Torres,Derecho,25,Femenino,5
3205,Ana Torres,Psicología,19,Femenino,2
3206,Pedro Morales,Psicología,18,Femenino,4
3207,Carlos Torres,Contabilidad,34,Masculino,6
3208,Camila Castillo,Administración,18,Masculino,5
3209,Ana López,Sistemas,21,Masculino,10
3210,Camila Morales,Derecho,32,Femenino,7
3211,José Ruiz,Sistemas,29,Femenino,10
3212,Camila Díaz,Contabilidad,31,Masculino,4
3213,José Ramírez,Sistemas,22,Femenino,8
3214,Pedro Pérez,Sistemas,19,Masculino,2
3215,Andrés Gómez,Sistemas,24,Masculino,7
3216,Andrés López,Sistemas,32,Femenino,5
3217,Luis Ramírez,Administración,31,Masculino,9
3218,Ana Vega,Sistemas,29,Femenino,2
3219,Carlos Ruiz,Sistemas,21,Femenino,1
3220,Daniela Gómez,Administración,34,Masculino,7
3221,Daniela Gómez,Administración,19,Femenino,4
3222,Camila Gómez,Sistemas,27,Femenino,9
3223,José Ramírez,Contabilidad,24,Femenino,3
3224,Luis López,Sistemas,18,Femenino,3
3225,Camila Vega,Psicología,29,Femenino,7
3226,Pedro Ruiz,Contabilidad,33,Masculino,4
3227,Luis Vega,Sistemas,28,Masculino,4
3228,Sofía Morales,Administración,32,Femenino,7
3229,Pedro Morales,Administración,20,Femenino,10
3230,Luis Vega,Administración,22,Femenino,1
3231,Ana Pérez,Contabilidad,30,Femenino,7
3232,Luis Castillo,Contabilidad,18,Masculino,2
3233,Ana Ramírez,Psicología,33,Femenino,2
3234,José Pérez,Sistemas,26,Masculino,9
3235,Andrés Gómez,Educación,26,Masculino,6
3236,María Gómez,Contabilidad,23,Masculino,5
3237,Sofía Ruiz,Psicología,19,Femenino,10
3238,Daniela Morales,Psicología,34,Femenino,4
3239,Luis López,Derecho,32,Masculino,7
3240,Pedro Ruiz,Psicología,27,Masculino,7
3241,Pedro Gómez,Administración,24,Femenino,5
3242,Ana Ramírez,Derecho,26,Masculino,4
3243,Carlos Díaz,Derecho,23,Masculino,9
3244,Sofía Ruiz,Contabilidad,21,Femenino,1
3245,Luis Castillo,Administración,31,Masculino,1
3246,María Ramírez,Sistemas,34,Femenino,9
3247,Carlos Gómez,Sistemas,31,Masculino,3
3248,Ana Castillo,Sistemas,35,Masculino,4
3249,Camila Ruiz,Psicología,34,Femenino,3
3250,Luis Gómez,Derecho,18,Femenino,9
3251,Ana Gómez,Psicología,30,Femenino,5
3252,Andrés Torres,Administración,21,Femenino,6
3253,Andrés Vega,Educación,25,Femenino,9
3254,Camila Ramírez,Sistemas,35,Masculino,1
3255,Ana Castillo,Psicología,19,Femenino,8
3256,Camila Ramírez,Educación,20,Masculino,4
3257,Pedro Ruiz,Sistemas,27,Femenino,2
3258,Luis Torres,Psicología,33,Femenino,3
3259,Sofía Morales,Psicología,34,Masculino,8
3260,Pedro Ruiz,Educación,33,Masculino,5
3261,Ana Ruiz,Contabilidad,25,Masculino,5
3262,Luis Ruiz,Derecho,21,Femenino,7
3263,Ana Ramírez,Psicología,25,Masculino,8
3264,José Vega,Psicología,25,Femenino,7
3265,Camila Gómez,Derecho,30,Masculino,5
3266,Ana Ruiz,Derecho,27,Femenino,7
3267,Andrés López,Educación,26,Femenino,1
3268,José Ramírez,Psicología,27,Masculino,2
3269,Daniela Pérez,Administración,35,Femenino,2
3270,Pedro Torres,Administración,29,Masculino,7
3271,José Vega,Psicología,22,Masculino,9
3272,Sofía López,Contabilidad,35,Femenino,9
3273,Andrés López,Psicología,19,Femenino,3
3274,José Morales,Derecho,22,Femenino,10
3275,Sofía Gómez,Derecho,18,Masculino,2
3276,José Gómez,Administración,21,Masculino,6
3277,Sofía Torres,Administración,31,Masculino,4
3278,María Ramírez,Educación,31,Masculino,6
3279,Carlos López,Sistemas,26,Femenino,9
3280,Andrés Gómez,Derecho,28,Masculino,3
3281,Camila Castillo,Contabilidad,33,Masculino,5
3282,Luis Ruiz,Sistemas,31,Femenino,1
3283,María Castillo,Contabilidad,18,Femenino,7
3284,Luis Ramírez,Educación,33,Masculino,9
3285,Carlos Castillo,Psicología,35,Masculino,9
3286,Andrés Pérez,Derecho,32,Masculino,2
3287,José Gómez,Derecho,26,Femenino,9
3288,Luis López,Contabilidad,23,Femenino,7
3289,José Vega,Derecho,35,Masculino,10
3290,Pedro Ruiz,Psicología,32,Femenino,9
3291,Pedro Ruiz,Contabilidad,20,Femenino,6
3292,Sofía Castillo,Contabilidad,19,Masculino,2
3293,Sofía Torres,Educación,23,Masculino,8
3294,Camila López,Educación,30,Masculino,6
3295,Luis Gómez,Derecho,20,Femenino,1
3296,María Ruiz,Psicología,35,Femenino,4
3297,Pedro Díaz,Administración,31,Masculino,2
3298,Andrés Ruiz,Contabilidad,28,Femenino,10
3299,Ana Morales,Derecho,18,Masculino,1
3300,Sofía Ruiz,Contabilidad,22,Femenino,9
3301,Sofía Castillo,Administración,19,Femenino,7
3302,Pedro Castillo,Educación,35,Femenino,7
3303,Daniela Morales,Sistemas,28,Femenino,5
3304,Carlos Pérez,Contabilidad,28,Femenino,6
3305,Daniela Ramírez,Contabilidad,35,Masculino,10
3306,Daniela Castillo,Contabilidad,25,Masculino,9
3307,Sofía Pérez,Derecho,22,Masculino,6
3308,José Morales,Derecho,22,Masculino,7
3309,Camila Castillo,Sistemas,21,Femenino,6
3310,Sofía Ruiz,Contabilidad,25,Masculino,1
3311,Pedro Torres,Administración,21,Masculino,3
3312,José Torres,Derecho,31,Femenino,8
3313,José Morales,Administración,28,Masculino,7
3314,Ana Gómez,Sistemas,23,Femenino,2
3315,Luis Díaz,Psicología,26,Femenino,1
3316,Ana Vega,Sistemas,21,Femenino,10
3317,Andrés Morales,Derecho,33,Masculino,4
3318,Luis Torres,Psicología,29,Femenino,1
3319,José Ramírez,Administración,31,Femenino,3
3320,Pedro Gómez,Administración,21,Masculino,1
3321,María Vega,Contabilidad,25,Femenino,6
3322,María Morales,Contabilidad,30,Masculino,8
3323,Andrés Díaz,Educación,23,Femenino,5
3324,Andrés Torres,Contabilidad,22,Masculino,9
3325,María Vega,Contabilidad,26,Femenino,5
3326,Ana Pérez,Educación,31,Femenino,5
3327,Camila Castillo,Educación,32,Femenino,3
3328,María Gómez,Sistemas,22,Masculino,3
3329,Daniela Castillo,Psicología,33,Masculino,8
3330,Daniela Morales,Administración,25,Femenino,3
3331,Daniela Torres,Sistemas,24,Femenino,3
3332,Luis Ramírez,Contabilidad,18,Masculino,2
3333,Sofía Morales,Administración,19,Femenino,6
3334,María Pérez,Derecho,25,Femenino,9
3335,Andrés Torres,Contabilidad,25,Femenino,4
3336,José Pérez,Sistemas,21,Masculino,7
3337,Daniela Ramírez,Psicología,27,Masculino,7
3338,Camila Torres,Contabilidad,26,Femenino,6
3339,José Castillo,Derecho,19,Masculino,9
3340,Camila Gómez,Derecho,24,Femenino,9
3341,Luis Pérez,Educación,28,Masculino,10
3342,Luis Torres,Psicología,32,Femenino,9
3343,Pedro Ruiz,Psicología,31,Masculino,10
3344,Ana Castillo,Contabilidad,33,Masculino,8
3345,Luis Castillo,Derecho,22,Femenino,7
3346,María Pérez,Sistemas,35,Femenino,5
3347,Carlos Castillo,Administración,24,Masculino,10
3348,Daniela Torres,Psicología,25,Masculino,10
3349,Luis Torres,Sistemas,35,Femenino,1
3350,Pedro Torres,Psicología,24,Masculino,9
3351,Andrés Pérez,Educación,35,Masculino,3
3352,Carlos Gómez,Sistemas,21,Masculino,3
3353,María Torres,Sistemas,18,Masculino,9
3354,Pedro Ramírez,Derecho,30,Masculino,1
3355,Ana Vega,Educación,35,Femenino,7
3356,Luis Pérez,Psicología,20,Femenino,4
3357,Camila Morales,Sistemas,27,Masculino,4
3358,Andrés Castillo,Contabilidad,25,Masculino,10
3359,Andrés Pérez,Derecho,26,Femenino,9
3360,Carlos López,Contabilidad,27,Femenino,10
3361,Camila Gómez,Sistemas,18,Masculino,1
3362,Daniela Morales,Administración,18,Femenino,5
3363,Camila Ruiz,Derecho,32,Masculino,6
3364,Ana Pérez,Derecho,31,Femenino,7
3365,José Gómez,Sistemas,18,Femenino,6
3366,José Gómez,Educación,20,Masculino,5
3367,Ana Ramírez,Psicología,28,Masculino,7
3368,Sofía Ruiz,Contabilidad,33,Masculino,9
3369,Sofía Pérez,Contabilidad,35,Masculino,7
3370,Pedro Vega,Administración,27,Masculino,7
3371,Andrés Ruiz,Psicología,30,Masculino,7
3372,Sofía Ramírez,Sistemas,34,Masculino,9
3373,Pedro Vega,Psicología,34,Masculino,8
3374,Andrés Ramírez,Psicología,20,Femenino,1
3375,Camila Ruiz,Derecho,23,Femenino,8
3376,Luis Ruiz,Derecho,30,Masculino,10
3377,María Torres,Sistemas,20,Masculino,7
3378,Camila Ramírez,Educación,34,Masculino,7
3379,Ana Castillo,Sistemas,35,Masculino,10
3380,Camila Torres,Sistemas,32,Femenino,6
3381,Andrés Díaz,Sistemas,32,Femenino,8
3382,José Gómez,Educación,22,Femenino,5
3383,Pedro Ruiz,Administración,20,Masculino,9
3384,Andrés Torres,Contabilidad,20,Femenino,3
3385,Pedro Castillo,Administración,23,Masculino,10
3386,Daniela Díaz,Psicología,20,Femenino,1
3387,José Díaz,Contabilidad,22,Masculino,9
3388,Camila Castillo,Contabilidad,33,Masculino,6
3389,Pedro Vega,Administración,18,Masculino,3
3390,Camila Ramírez,Sistemas,18,Masculino,2
3391,Pedro López,Educación,28,Femenino,5
3392,Ana Ramírez,Administración,24,Masculino,5
3393,Daniela Torres,Psicología,23,Femenino,5
3394,Ana Pérez,Sistemas,33,Masculino,3
3395,José Ramírez,Administración,20,Masculino,7
3396,Luis Morales,Psicología,29,Masculino,8
3397,Luis Pérez,Contabilidad,35,Masculino,2
3398,Luis Ruiz,Contabilidad,18,Masculino,8
3399,Luis Gómez,Contabilidad,23,Femenino,2
3400,Ana Díaz,Administración,32,Masculino,10
3401,Carlos López,Sistemas,19,Femenino,2
3402,Pedro Ruiz,Contabilidad,18,Masculino,8
3403,José Gómez,Psicología,27,Femenino,5
3404,María Torres,Psicología,34,Femenino,7
3405,Sofía Vega,Psicología,24,Femenino,6
3406,Carlos Ruiz,Contabilidad,26,Femenino,2
3407,Pedro Gómez,Psicología,34,Masculino,8
3408,María Castillo,Psicología,20,Masculino,2
3409,Ana Castillo,Contabilidad,19,Masculino,6
3410,Andrés Ruiz,Derecho,25,Masculino,2
3411,Daniela Castillo,Administración,29,Femenino,5
3412,Andrés López,Contabilidad,22,Femenino,9
3413,Ana Morales,Contabilidad,35,Femenino,1
3414,Pedro Ramírez,Administración,35,Masculino,5
3415,José Vega,Psicología,24,Femenino,3
3416,Camila López,Derecho,27,Femenino,3
3417,Andrés Pérez,Contabilidad,28,Masculino,8
3418,Daniela Castillo,Educación,19,Femenino,6
3419,Daniela Ruiz,Contabilidad,29,Masculino,6
3420,Pedro Torres,Administración,23,Masculino,10
3421,Ana Vega,Contabilidad,28,Masculino,1
3422,Daniela Castillo,Educación,18,Masculino,4
3423,Luis Gómez,Sistemas,32,Femenino,2
3424,Sofía Pérez,Administración,28,Femenino,8
3425,Pedro Pérez,Educación,23,Masculino,1
3426,Pedro Ruiz,Contabilidad,25,Femenino,5
3427,Luis Torres,Sistemas,20,Masculino,3
3428,Daniela Díaz,Psicología,29,Masculino,1
3429,Carlos Morales,Educación,19,Masculino,6
3430,Luis Díaz,Administración,23,Femenino,10
3431,José Ramírez,Educación,28,Masculino,8
3432,José Pérez,Derecho,21,Femenino,4
3433,Carlos Ramírez,Psicología,35,Masculino,6
3434,Sofía Díaz,Educación,18,Masculino,2
3435,Ana Pérez,Derecho,27,Masculino,5
3436,Ana López,Educación,21,Masculino,5
3437,Camila Torres,Sistemas,24,Femenino,1
3438,Andrés Ruiz,Educación,27,Masculino,2
3439,Andrés Castillo,Educación,21,Masculino,6
3440,Sofía Ruiz,Administración,35,Femenino,6
3441,María Díaz,Educación,28,Masculino,1
3442,Camila Morales,Sistemas,19,Masculino,7
3443,Daniela Ruiz,Psicología,18,Masculino,7
3444,Sofía Morales,Psicología,19,Masculino,9
3445,Pedro Ramírez,Derecho,26,Masculino,4
3446,Daniela Vega,Contabilidad,22,Masculino,4
3447,Sofía Castillo,Contabilidad,29,Masculino,1
3448,Ana Morales,Derecho,32,Femenino,3
3449,Camila Díaz,Sistemas,24,Masculino,6
3450,Ana Gómez,Derecho,24,Femenino,6
3451,José Torres,Derecho,23,Femenino,2
3452,Daniela Vega,Contabilidad,23,Masculino,3
3453,Sofía Torres,Administración,25,Femenino,6
3454,Luis Gómez,Sistemas,19,Masculino,7
3455,Ana Díaz,Administración,18,Femenino,9
3456,José López,Sistemas,22,Masculino,2
3457,Pedro Morales,Derecho,25,Masculino,10
3458,Ana Castillo,Educación,28,Femenino,6
3459,Sofía Vega,Psicología,32,Femenino,10
3460,Carlos Gómez,Administración,31,Femenino,3
3461,Pedro Pérez,Administración,25,Femenino,3
3462,Ana Torres,Derecho,29,Femenino,9
3463,Carlos Gómez,Contabilidad,32,Femenino,1
3464,Sofía Torres,Sistemas,32,Masculino,2
3465,Camila Torres,Administración,35,Masculino,3
3466,María Morales,Educación,23,Masculino,10
3467,Carlos Gómez,Contabilidad,34,Masculino,9
3468,Sofía Ramírez,Educación,18,Femenino,10
3469,Luis Morales,Sistemas,21,Femenino,4
3470,Andrés Díaz,Contabilidad,35,Masculino,10
3471,Camila Ruiz,Educación,32,Femenino,3
3472,Luis Morales,Psicología,34,Masculino,1
3473,Camila López,Derecho,35,Masculino,2
3474,Andrés Morales,Psicología,22,Femenino,3
3475,Andrés Castillo,Contabilidad,27,Masculino,2
3476,Andrés Torres,Administración,33,Masculino,1
3477,Ana Torres,Psicología,24,Femenino,9
3478,Carlos López,Administración,22,Masculino,5
3479,Luis Castillo,Contabilidad,33,Femenino,4
3480,Carlos Vega,Educación,21,Masculino,7
3481,Camila Ruiz,Psicología,24,Masculino,3
3482,Ana Torres,Sistemas,24,Masculino,5
3483,Carlos López,Administración,22,Femenino,8
3484,Camila Torres,Educación,21,Masculino,6
3485,María Pérez,Administración,34,Masculino,7
3486,Camila Pérez,Derecho,26,Femenino,4
3487,Ana Pérez,Contabilidad,25,Femenino,8
3488,Daniela Díaz,Derecho,21,Masculino,3
3489,Luis Pérez,Educación,23,Masculino,7
3490,Luis Ramírez,Contabilidad,30,Masculino,3
3491,Sofía Vega,Administración,21,Masculino,5
3492,María Vega,Contabilidad,20,Femenino,7
3493,Carlos Torres,Psicología,20,Masculino,2
3494,Pedro Ramírez,Sistemas,34,Masculino,6
3495,Pedro Vega,Contabilidad,31,Femenino,8
3496,Ana Morales,Administración,30,Masculino,2
3497,Sofía Vega,Derecho,29,Femenino,1
3498,José Ruiz,Contabilidad,26,Femenino,1
3499,Daniela Morales,Derecho,24,Femenino,10
3500,María López,Psicología,31,Femenino,1
3501,José Ruiz,Derecho,23,Femenino,4
3502,Carlos Torres,Derecho,22,Femenino,2
3503,Luis Castillo,Administración,26,Masculino,7
3504,Carlos Díaz,Educación,35,Femenino,5
3505,Carlos Gómez,Educación,34,Masculino,9
3506,Daniela Ruiz,Educación,21,Femenino,3
3507,María Castillo,Educación,20,Femenino,5
3508,María López,Psicología,28,Masculino,3
3509,José Ramírez,Administración,29,Masculino,6
3510,Andrés López,Administración,25,Femenino,4
3511,Ana López,Sistemas,20,Femenino,9
3512,Daniela Morales,Sistemas,29,Femenino,6
3513,Daniela Morales,Educación,26,Femenino,6
3514,Daniela Morales,Psicología,26,Femenino,4
3515,Camila López,Derecho,29,Femenino,5
3516,Pedro Morales,Educación,34,Femenino,2
3517,Pedro López,Contabilidad,22,Masculino,3
3518,Camila Castillo,Contabilidad,18,Masculino,10
3519,Camila Ruiz,Contabilidad,34,Masculino,6
3520,Carlos Morales,Psicología,22,Femenino,6
3521,Sofía Morales,Derecho,27,Femenino,3
3522,Luis López,Sistemas,32,Femenino,3
3523,María Díaz,Educación,21,Femenino,3
3524,Pedro Gómez,Contabilidad,19,Femenino,9
3525,Sofía López,Administración,23,Femenino,2
3526,José Díaz,Contabilidad,24,Masculino,8
3527,Sofía Morales,Administración,32,Masculino,2
3528,Ana Pérez,Psicología,21,Femenino,9
3529,Camila Torres,Administración,21,Masculino,6
3530,Andrés Ramírez,Sistemas,35,Femenino,6
3531,Carlos López,Contabilidad,26,Masculino,7
3532,Andrés Ramírez,Contabilidad,26,Femenino,1
3533,Luis Ramírez,Administración,23,Masculino,9
3534,Pedro Díaz,Educación,22,Masculino,8
3535,Daniela Ramírez,Administración,31,Femenino,6
3536,Pedro López,Administración,32,Masculino,2
3537,José Pérez,Educación,19,Femenino,3
3538,Daniela Vega,Sistemas,18,Femenino,6
3539,Andrés Pérez,Sistemas,18,Masculino,8
3540,Carlos Torres,Sistemas,27,Masculino,6
3541,Daniela López,Sistemas,31,Masculino,10
3542,José López,Psicología,21,Masculino,7
3543,Andrés Gómez,Derecho,23,Masculino,4
3544,Luis López,Derecho,29,Femenino,3
3545,Andrés Morales,Administración,18,Masculino,10
3546,Daniela López,Contabilidad,22,Femenino,10
3547,Camila López,Administración,22,Masculino,3
3548,Daniela López,Educación,24,Masculino,1
3549,José Díaz,Derecho,25,Femenino,4
3550,Carlos López,Derecho,31,Masculino,9
3551,Camila Pérez,Derecho,30,Masculino,1
3552,Andrés Ramírez,Sistemas,34,Masculino,7
3553,Sofía Ramírez,Sistemas,34,Masculino,4
3554,Pedro Pérez,Sistemas,18,Femenino,2
3555,Carlos Morales,Sistemas,29,Masculino,9
3556,Andrés Torres,Educación,20,Femenino,7
3557,José Vega,Contabilidad,30,Femenino,4
3558,Camila Ramírez,Contabilidad,22,Masculino,4
3559,María Torres,Administración,23,Masculino,2
3560,Sofía Castillo,Contabilidad,22,Femenino,9
3561,Sofía Torres,Educación,23,Masculino,6
3562,Pedro Pérez,Derecho,23,Femenino,4
3563,Camila Pérez,Derecho,25,Femenino,4
3564,Luis Gómez,Psicología,19,Femenino,7
3565,Daniela Castillo,Sistemas,25,Masculino,8
3566,Camila López,Psicología,27,Masculino,9
3567,Camila Torres,Sistemas,20,Masculino,7
3568,Carlos Morales,Educación,19,Femenino,7
3569,María Ruiz,Educación,33,Femenino,7
3570,Luis Díaz,Educación,26,Femenino,1
3571,Camila Díaz,Contabilidad,20,Masculino,2
3572,Camila Gómez,Derecho,26,Masculino,2
3573,Sofía Díaz,Contabilidad,31,Femenino,1
3574,Sofía Gómez,Psicología,30,Masculino,10
3575,Camila Ramírez,Psicología,33,Femenino,3
3576,Ana Ramírez,Sistemas,22,Masculino,5
3577,Carlos Morales,Administración,18,Masculino,10
3578,Daniela Gómez,Administración,20,Masculino,5
3579,Luis López,Psicología,25,Femenino,10
3580,Pedro Ramírez,Psicología,32,Femenino,1
3581,Sofía Vega,Derecho,24,Masculino,3
3582,Pedro Ramírez,Derecho,25,Masculino,10
3583,Carlos Torres,Derecho,30,Masculino,8
3584,Camila Ruiz,Psicología,35,Femenino,9
3585,Pedro Díaz,Administración,24,Femenino,4
3586,Luis Ruiz,Sistemas,30,Femenino,5
3587,María Pérez,Psicología,28,Masculino,4
3588,Luis Torres,Sistemas,23,Masculino,10
3589,Luis Díaz,Sistemas,29,Femenino,7
3590,José Castillo,Psicología,32,Femenino,8
3591,Ana Pérez,Sistemas,22,Femenino,9
3592,Daniela Morales,Contabilidad,27,Femenino,8
3593,Pedro Castillo,Psicología,32,Femenino,5
3594,Luis Morales,Administración,30,Femenino,7
3595,Ana Castillo,Contabilidad,19,Masculino,7
3596,María Díaz,Contabilidad,25,Femenino,4
3597,Ana Ruiz,Educación,30,Femenino,10
3598,Pedro Ruiz,Administración,32,Femenino,2
3599,Luis Ruiz,Educación,29,Masculino,10
3600,Pedro López,Contabilidad,24,Masculino,6
3601,Sofía Ramírez,Educación,18,Masculino,6
3602,Camila Gómez,Administración,34,Masculino,8
3603,Pedro López,Derecho,27,Masculino,2
3604,Camila Ruiz,Contabilidad,34,Femenino,10
3605,Pedro Díaz,Contabilidad,31,Femenino,4
3606,José Díaz,Contabilidad,27,Masculino,5
3607,José Gómez,Contabilidad,21,Femenino,10
3608,Sofía Ruiz,Administración,25,Femenino,5
3609,Sofía Ramírez,Contabilidad,25,Femenino,7
3610,José Pérez,Psicología,35,Masculino,3
3611,María Pérez,Psicología,28,Femenino,3
3612,Sofía Ramírez,Educación,24,Femenino,2
3613,María Torres,Sistemas,18,Femenino,3
3614,Ana Torres,Sistemas,33,Masculino,8
3615,Camila Castillo,Psicología,29,Masculino,5
3616,Pedro Díaz,Contabilidad,33,Masculino,3
3617,Ana López,Sistemas,19,Femenino,5
3618,Sofía Morales,Contabilidad,30,Masculino,3
3619,Sofía López,Psicología,19,Masculino,3
3620,Camila Gómez,Administración,21,Masculino,8
3621,Camila Morales,Contabilidad,34,Femenino,4
3622,Camila Ruiz,Contabilidad,33,Masculino,9
3623,Pedro Gómez,Psicología,24,Masculino,5
3624,Camila Vega,Contabilidad,24,Femenino,6
3625,Pedro Morales,Administración,20,Masculino,4
3626,Andrés Vega,Contabilidad,19,Masculino,5
3627,Carlos López,Derecho,23,Masculino,1
3628,María López,Contabilidad,32,Femenino,3
3629,José Morales,Administración,21,Masculino,5
3630,María Ramírez,Educación,31,Femenino,9
3631,Ana Pérez,Psicología,28,Masculino,10
3632,José Morales,Psicología,19,Masculino,2
3633,Daniela Ramírez,Contabilidad,20,Femenino,5
3634,María Pérez,Contabilidad,24,Femenino,1
3635,Carlos López,Psicología,29,Masculino,3
3636,Carlos Vega,Psicología,26,Femenino,7
3637,Camila Torres,Derecho,28,Masculino,4
3638,María Torres,Psicología,22,Masculino,1
3639,Carlos Pérez,Administración,28,Femenino,10
3640,Luis López,Administración,18,Masculino,1
3641,María López,Contabilidad,31,Femenino,8
3642,Luis Gómez,Educación,31,Femenino,6
3643,Ana Ramírez,Derecho,22,Femenino,10
3644,Sofía Díaz,Contabilidad,25,Masculino,3
3645,José Díaz,Administración,19,Masculino,3
3646,María Ruiz,Psicología,26,Femenino,3
3647,María Pérez,Administración,26,Masculino,1
3648,Carlos Vega,Contabilidad,32,Masculino,10
3649,Ana Gómez,Derecho,23,Masculino,3
3650,José Pérez,Contabilidad,19,Femenino,7
3651,José Vega,Derecho,21,Femenino,8
3652,Camila Castillo,Derecho,21,Masculino,5
3653,Ana Morales,Contabilidad,35,Masculino,9
3654,Daniela Torres,Educación,33,Masculino,6
3655,Andrés Gómez,Administración,22,Femenino,10
3656,Ana Ruiz,Educación,28,Femenino,7
3657,Andrés Castillo,Educación,26,Masculino,4
3658,Daniela López,Educación,24,Femenino,10
3659,Luis Torres,Sistemas,22,Masculino,2
3660,Ana Gómez,Psicología,32,Masculino,4
3661,Camila Vega,Derecho,19,Masculino,8
3662,Ana Ramírez,Contabilidad,19,Masculino,10
3663,Carlos Díaz,Sistemas,26,Femenino,3
3664,Sofía Díaz,Educación,21,Femenino,2
3665,Carlos Torres,Administración,33,Femenino,5
3666,María López,Psicología,32,Masculino,3
3667,Ana Díaz,Contabilidad,22,Masculino,2
3668,Pedro Torres,Derecho,28,Femenino,10
3669,Pedro López,Administración,18,Masculino,4
3670,José Castillo,Contabilidad,32,Masculino,5
3671,Andrés Vega,Derecho,34,Femenino,1
3672,José Ramírez,Sistemas,23,Masculino,6
3673,Sofía Morales,Psicología,29,Masculino,10
3674,Camila López,Educación,32,Femenino,5
3675,Sofía Torres,Derecho,31,Masculino,3
3676,Sofía Díaz,Derecho,25,Femenino,3
3677,Daniela Ramírez,Derecho,28,Masculino,3
3678,Camila Ruiz,Administración,18,Femenino,2
3679,Pedro Díaz,Psicología,20,Masculino,10
3680,Carlos Pérez,Educación,29,Masculino,3
3681,Sofía Castillo,Sistemas,20,Femenino,7
3682,María Pérez,Administración,28,Femenino,10
3683,Pedro López,Derecho,25,Femenino,3
3684,Pedro Torres,Psicología,27,Masculino,1
3685,Pedro Morales,Sistemas,28,Femenino,10
3686,Andrés Pérez,Educación,35,Femenino,2
3687,María López,Educación,21,Masculino,9
3688,Ana Pérez,Contabilidad,35,Masculino,3
3689,Luis Gómez,Administración,22,Masculino,3
3690,Luis Díaz,Educación,27,Masculino,6
3691,Andrés Torres,Derecho,35,Femenino,9
3692,Daniela Morales,Contabilidad,18,Masculino,10
3693,Luis Vega,Contabilidad,26,Masculino,7
3694,José Castillo,Administración,18,Masculino,7
3695,Carlos Ruiz,Psicología,33,Femenino,9
3696,Daniela López,Contabilidad,34,Femenino,7
3697,Pedro Castillo,Derecho,27,Masculino,10
3698,Pedro Torres,Administración,27,Masculino,2
3699,Sofía Torres,Educación,31,Masculino,3
3700,Luis López,Administración,18,Femenino,2
3701,Ana Castillo,Administración,26,Masculino,2
3702,José Ramírez,Psicología,21,Masculino,8
3703,Sofía Ramírez,Administración,31,Femenino,10
3704,Andrés Gómez,Educación,23,Masculino,2
3705,Andrés Pérez,Sistemas,25,Femenino,7
3706,Pedro Pérez,Educación,23,Masculino,1
3707,Ana Díaz,Administración,23,Femenino,4
3708,Andrés Morales,Administración,21,Masculino,6
3709,Ana Díaz,Administración,26,Masculino,9
3710,María Vega,Educación,18,Femenino,9
3711,Carlos Morales,Psicología,23,Masculino,1
3712,Daniela Morales,Psicología,31,Masculino,8
3713,Pedro López,Administración,23,Masculino,9
3714,Sofía Morales,Educación,24,Masculino,8
3715,Pedro Gómez,Psicología,28,Masculino,9
3716,Pedro Torres,Derecho,32,Masculino,4
3717,Pedro Vega,Contabilidad,21,Masculino,2
3718,María Torres,Educación,34,Masculino,4
3719,María Ruiz,Administración,21,Masculino,6
3720,Carlos Ramírez,Educación,20,Femenino,6
3721,Ana Morales,Derecho,33,Femenino,2
3722,Ana Morales,Educación,29,Masculino,1
3723,Andrés Vega,Sistemas,26,Masculino,2
3724,Sofía Torres,Derecho,32,Femenino,2
3725,Daniela Vega,Educación,21,Femenino,10
3726,Pedro Ruiz,Psicología,25,Femenino,6
3727,Daniela Torres,Educación,18,Masculino,7
3728,Pedro Díaz,Educación,30,Femenino,3
3729,Sofía Díaz,Psicología,21,Masculino,6
3730,Daniela López,Contabilidad,34,Masculino,6
3731,Camila López,Psicología,26,Femenino,1
3732,Daniela Castillo,Administración,18,Femenino,5
3733,Daniela Torres,Psicología,31,Femenino,10
3734,José Gómez,Derecho,30,Femenino,1
3735,Andrés Pérez,Psicología,32,Femenino,8
3736,José Vega,Contabilidad,27,Femenino,5
3737,Luis Vega,Administración,34,Femenino,2
3738,Pedro Ramírez,Administración,27,Femenino,9
3739,Camila López,Derecho,35,Masculino,7
3740,José Ruiz,Psicología,18,Femenino,5
3741,Camila Pérez,Psicología,23,Femenino,1
3742,Camila Torres,Sistemas,19,Masculino,7
3743,Carlos Ramírez,Sistemas,30,Femenino,5
3744,Andrés Ruiz,Sistemas,18,Masculino,5
3745,Andrés Castillo,Contabilidad,34,Masculino,4
3746,Ana Vega,Psicología,35,Masculino,1
3747,Camila Ramírez,Contabilidad,35,Masculino,10
3748,Sofía Ramírez,Contabilidad,21,Femenino,7
3749,María Pérez,Administración,32,Femenino,1
3750,Ana Pérez,Administración,19,Femenino,7
3751,Pedro Gómez,Psicología,29,Masculino,1
3752,Camila Morales,Contabilidad,21,Femenino,10
3753,María Ramírez,Psicología,27,Femenino,8
3754,Sofía Pérez,Psicología,33,Masculino,2
3755,Andrés Ramírez,Administración,31,Masculino,1
3756,Luis López,Derecho,29,Masculino,1
3757,María Castillo,Contabilidad,27,Femenino,3
3758,Sofía Ruiz,Sistemas,30,Femenino,5
3759,Camila Morales,Psicología,30,Femenino,3
3760,José Pérez,Derecho,22,Masculino,2
3761,Camila Díaz,Psicología,31,Femenino,3
3762,Camila Morales,Administración,23,Masculino,2
3763,Sofía Pérez,Contabilidad,25,Masculino,5
3764,Daniela Pérez,Contabilidad,33,Femenino,8
3765,Pedro Castillo,Psicología,27,Femenino,6
3766,Sofía López,Psicología,31,Femenino,3
3767,Luis López,Psicología,25,Femenino,1
3768,Daniela Gómez,Administración,27,Femenino,6
3769,María Gómez,Administración,19,Masculino,4
3770,Pedro Torres,Educación,23,Masculino,2
3771,Daniela López,Educación,22,Femenino,8
3772,Carlos Morales,Contabilidad,35,Masculino,10
3773,Camila Vega,Contabilidad,28,Femenino,3
3774,Carlos Ruiz,Educación,27,Masculino,6
3775,Carlos Díaz,Sistemas,30,Masculino,9
3776,Camila Ramírez,Contabilidad,20,Femenino,2
3777,Ana Díaz,Sistemas,34,Masculino,6
3778,José Ruiz,Sistemas,26,Femenino,8
3779,José Castillo,Derecho,25,Femenino,4
3780,Camila Torres,Contabilidad,32,Femenino,2
3781,Daniela Gómez,Contabilidad,27,Femenino,4
3782,José Castillo,Psicología,24,Masculino,6
3783,María Ramírez,Psicología,35,Masculino,4
3784,María Gómez,Psicología,24,Femenino,2
3785,Luis López,Administración,34,Masculino,7
3786,Ana Vega,Derecho,34,Masculino,9
3787,Luis Díaz,Administración,33,Femenino,4
3788,Ana Castillo,Psicología,31,Masculino,6
3789,Luis Díaz,Administración,21,Femenino,5
3790,Pedro Díaz,Educación,24,Femenino,4
3791,Daniela Vega,Sistemas,21,Masculino,6
3792,Pedro Ramírez,Administración,27,Femenino,7
3793,Daniela Gómez,Educación,33,Femenino,7
3794,Carlos Ruiz,Derecho,20,Femenino,4
3795,María Morales,Administración,26,Femenino,7
3796,José Díaz,Sistemas,18,Masculino,2
3797,Ana Vega,Psicología,35,Femenino,8
3798,María Ruiz,Sistemas,35,Masculino,6
3799,Carlos Gómez,Educación,20,Femenino,9
3800,José Castillo,Administración,27,Femenino,5
3801,Andrés Vega,Contabilidad,32,Femenino,8
3802,Carlos Vega,Contabilidad,33,Femenino,10
3803,Camila Vega,Administración,34,Masculino,10
3804,Ana Torres,Administración,20,Femenino,10
3805,Daniela Vega,Psicología,20,Masculino,5
3806,Andrés Vega,Administración,32,Masculino,8
3807,Ana Díaz,Psicología,34,Femenino,5
3808,Camila Gómez,Contabilidad,24,Femenino,8
3809,Carlos Vega,Derecho,34,Masculino,2
3810,Carlos López,Educación,18,Masculino,9
3811,Andrés Díaz,Derecho,35,Masculino,2
3812,Sofía López,Psicología,33,Masculino,5
3813,Camila Ruiz,Sistemas,18,Masculino,2
3814,Daniela Ramírez,Psicología,19,Femenino,6
3815,Carlos Vega,Derecho,31,Masculino,4
3816,Camila Gómez,Educación,28,Masculino,8
3817,Ana Díaz,Administración,22,Femenino,1
3818,Luis Gómez,Psicología,25,Masculino,1
3819,María Vega,Administración,33,Femenino,3
3820,Camila Díaz,Sistemas,25,Femenino,1
3821,Sofía Pérez,Educación,34,Femenino,9
3822,Luis Vega,Educación,21,Masculino,5
3823,Camila Pérez,Administración,27,Masculino,8
3824,María Morales,Sistemas,28,Femenino,4
3825,Pedro Morales,Administración,32,Masculino,4
3826,Camila Vega,Educación,30,Masculino,4
3827,Camila López,Psicología,19,Masculino,6
3828,Andrés Díaz,Derecho,20,Femenino,5
3829,Daniela López,Sistemas,28,Femenino,7
3830,María Ruiz,Derecho,23,Femenino,6
3831,Luis Gómez,Derecho,27,Masculino,7
3832,Sofía Pérez,Educación,22,Masculino,8
3833,Daniela Torres,Derecho,18,Masculino,9
3834,Sofía Morales,Educación,30,Femenino,1
3835,Camila López,Contabilidad,23,Masculino,7
3836,José Castillo,Sistemas,31,Masculino,1
3837,Luis Ruiz,Educación,32,Femenino,4
3838,Camila Vega,Educación,27,Femenino,5
3839,Ana Díaz,Sistemas,19,Masculino,9
3840,Andrés Pérez,Administración,33,Masculino,1
3841,José Torres,Derecho,31,Masculino,7
3842,Carlos Vega,Sistemas,26,Femenino,5
3843,Daniela Gómez,Psicología,25,Femenino,4
3844,Ana Ruiz,Derecho,19,Femenino,8
3845,Pedro Castillo,Educación,18,Masculino,3
3846,Andrés Vega,Contabilidad,34,Femenino,5
3847,Camila Díaz,Sistemas,25,Femenino,9
3848,Daniela Torres,Derecho,21,Femenino,5
3849,María Pérez,Educación,31,Masculino,2
3850,Pedro Castillo,Educación,19,Masculino,5
3851,María Ruiz,Psicología,34,Masculino,9
3852,Daniela López,Psicología,33,Femenino,6
3853,Andrés López,Educación,25,Masculino,7
3854,José Ramírez,Derecho,18,Femenino,2
3855,María Pérez,Psicología,18,Masculino,6
3856,María Vega,Educación,31,Masculino,3
3857,Andrés Torres,Derecho,22,Femenino,5
3858,Carlos Pérez,Contabilidad,20,Masculino,4
3859,Luis Ruiz,Sistemas,29,Femenino,8
3860,Carlos Pérez,Contabilidad,26,Masculino,1
3861,Ana Ramírez,Educación,26,Masculino,10
3862,María Torres,Contabilidad,29,Masculino,9
3863,Luis Pérez,Psicología,33,Femenino,2
3864,Carlos Torres,Contabilidad,35,Femenino,1
3865,Sofía Vega,Derecho,22,Femenino,5
3866,Sofía Morales,Administración,23,Masculino,6
3867,Luis Ramírez,Contabilidad,22,Masculino,5
3868,Ana Castillo,Educación,24,Masculino,7
3869,Luis Gómez,Psicología,19,Masculino,4
3870,José Morales,Psicología,31,Masculino,7
3871,María Pérez,Derecho,18,Masculino,9
3872,Pedro Ramírez,Educación,23,Masculino,3
3873,Ana Pérez,Psicología,28,Masculino,7
3874,Pedro Torres,Sistemas,29,Masculino,7
3875,Andrés Ruiz,Sistemas,18,Femenino,8
3876,Daniela Ruiz,Contabilidad,18,Masculino,2
3877,Daniela López,Administración,28,Masculino,1
3878,Daniela López,Psicología,32,Masculino,4
3879,Ana Ramírez,Administración,23,Masculino,2
3880,María Vega,Derecho,19,Femenino,2
3881,Pedro Ramírez,Administración,23,Masculino,1
3882,José Díaz,Educación,26,Femenino,2
3883,Daniela Gómez,Psicología,23,Masculino,8
3884,Ana Ramírez,Contabilidad,27,Masculino,7
3885,Ana Torres,Administración,27,Femenino,3
3886,Carlos Díaz,Administración,20,Femenino,1
3887,Carlos Díaz,Administración,24,Femenino,2
3888,Carlos Pérez,Psicología,26,Femenino,8
3889,Daniela Torres,Derecho,18,Masculino,3
3890,Pedro Díaz,Contabilidad,21,Masculino,3
3891,Daniela Morales,Sistemas,32,Femenino,9
3892,Ana Torres,Contabilidad,29,Femenino,10
3893,Andrés Díaz,Sistemas,30,Masculino,3
3894,Luis Gómez,Psicología,21,Femenino,9
3895,Sofía Gómez,Administración,31,Femenino,5
3896,Sofía Vega,Derecho,26,Femenino,9
3897,Pedro Vega,Educación,31,Masculino,4
3898,Daniela Morales,Sistemas,18,Femenino,5
3899,Daniela Castillo,Sistemas,34,Masculino,8
3900,Andrés Gómez,Psicología,21,Masculino,8
3901,José Ruiz,Psicología,22,Masculino,7
3902,José Pérez,Sistemas,30,Masculino,7
3903,Sofía Torres,Administración,28,Masculino,5
3904,Andrés Castillo,Psicología,31,Femenino,8
3905,Ana Vega,Administración,21,Masculino,10
3906,Andrés Morales,Contabilidad,26,Femenino,3
3907,Carlos Pérez,Administración,20,Masculino,4
3908,Daniela Torres,Sistemas,29,Femenino,1
3909,María López,Sistemas,19,Masculino,1
3910,Andrés Vega,Derecho,25,Femenino,7
3911,Daniela López,Psicología,21,Masculino,1
3912,Andrés Vega,Psicología,20,Masculino,5
3913,Luis Morales,Sistemas,18,Masculino,7
3914,Sofía Torres,Administración,22,Femenino,4
3915,Daniela Ruiz,Educación,35,Femenino,10
3916,Ana Morales,Sistemas,35,Femenino,5
3917,Andrés Gómez,Psicología,31,Femenino,5
3918,Pedro López,Sistemas,19,Masculino,10
3919,Sofía Vega,Contabilidad,25,Masculino,7
3920,Luis Gómez,Educación,25,Femenino,2
3921,Luis Vega,Sistemas,28,Masculino,10
3922,Andrés Díaz,Educación,26,Femenino,9
3923,Carlos Ruiz,Contabilidad,22,Masculino,4
3924,José Pérez,Sistemas,29,Masculino,6
3925,María Castillo,Derecho,31,Masculino,8
3926,Camila Morales,Psicología,26,Femenino,10
3927,José Morales,Derecho,32,Masculino,1
3928,Luis Pérez,Psicología,22,Femenino,1
3929,Carlos Vega,Sistemas,34,Masculino,3
3930,María Vega,Derecho,27,Masculino,3
3931,Pedro Torres,Sistemas,34,Femenino,9
3932,Luis Ramírez,Contabilidad,28,Masculino,8
3933,María Díaz,Educación,24,Femenino,5
3934,Carlos López,Contabilidad,32,Masculino,1
3935,José Gómez,Administración,21,Masculino,9
3936,Camila Gómez,Psicología,21,Femenino,2
3937,Carlos Díaz,Contabilidad,18,Femenino,7
3938,Luis Pérez,Sistemas,32,Masculino,4
3939,Ana Castillo,Derecho,31,Masculino,1
3940,Luis Torres,Psicología,25,Masculino,8
3941,Luis Pérez,Sistemas,23,Masculino,3
3942,Sofía Morales,Sistemas,29,Masculino,3
3943,Ana Castillo,Psicología,29,Masculino,8
3944,Pedro Morales,Contabilidad,25,Femenino,5
3945,Pedro Pérez,Contabilidad,23,Masculino,8
3946,Pedro López,Educación,27,Femenino,1
3947,Luis Ruiz,Sistemas,28,Masculino,1
3948,Camila Ramírez,Educación,24,Femenino,8
3949,Carlos Castillo,Administración,29,Femenino,2
3950,Daniela Morales,Psicología,23,Masculino,6
3951,Luis Torres,Derecho,23,Femenino,8
3952,Ana Vega,Derecho,31,Femenino,6
3953,Pedro Torres,Administración,26,Masculino,10
3954,Daniela Morales,Psicología,32,Femenino,10
3955,José Ramírez,Derecho,20,Masculino,10
3956,Ana López,Contabilidad,18,Masculino,7
3957,Luis Vega,Contabilidad,34,Femenino,5
3958,Carlos Torres,Administración,28,Femenino,4
3959,José Pérez,Contabilidad,31,Femenino,9
3960,Carlos Gómez,Administración,20,Femenino,7
3961,José Ruiz,Educación,29,Masculino,6
3962,José Ruiz,Administración,18,Femenino,5
3963,José Gómez,Sistemas,21,Femenino,4
3964,Andrés Vega,Sistemas,34,Masculino,8
3965,María Pérez,Educación,31,Masculino,5
3966,María Díaz,Educación,27,Masculino,2
3967,Andrés Vega,Contabilidad,31,Masculino,7
3968,Pedro Castillo,Sistemas,29,Masculino,2
3969,Ana Torres,Sistemas,23,Femenino,5
3970,María Castillo,Sistemas,23,Masculino,1
3971,Luis Morales,Sistemas,27,Femenino,1
3972,María Ramírez,Administración,21,Femenino,1
3973,Ana López,Administración,19,Masculino,2
3974,Sofía Ramírez,Psicología,19,Masculino,2
3975,José Pérez,Sistemas,24,Femenino,8
3976,Luis López,Sistemas,33,Masculino,10
3977,Daniela Vega,Derecho,19,Masculino,7
3978,Carlos Díaz,Educación,19,Femenino,2
3979,Sofía Castillo,Educación,32,Femenino,6
3980,Ana Gómez,Sistemas,24,Femenino,6
3981,María Díaz,Psicología,23,Masculino,1
3982,Daniela Torres,Psicología,34,Femenino,9
3983,Ana Ramírez,Administración,32,Masculino,4
3984,Daniela Gómez,Derecho,21,Femenino,1
3985,Andrés Vega,Sistemas,33,Masculino,3
3986,María Ruiz,Psicología,30,Femenino,8
3987,Daniela Gómez,Psicología,24,Femenino,6
3988,María Pérez,Derecho,31,Masculino,1
3989,Carlos Castillo,Psicología,18,Femenino,6
3990,Daniela Vega,Sistemas,18,Masculino,5
3991,José López,Administración,24,Femenino,3
3992,Carlos Gómez,Derecho,19,Femenino,10
3993,Pedro Vega,Contabilidad,32,Femenino,7
3994,Daniela Pérez,Derecho,32,Femenino,2
3995,Pedro Ruiz,Educación,21,Masculino,10
3996,Camila Torres,Sistemas,28,Masculino,2
3997,Pedro Castillo,Administración,30,Masculino,1
3998,Daniela Pérez,Administración,24,Femenino,1
3999,Andrés Castillo,Administración,27,Masculino,2
4000,Sofía Vega,Administración,22,Femenino,9
4001,José Vega,Sistemas,25,Masculino,1
4002,José Gómez,Educación,31,Masculino,1
4003,Camila López,Sistemas,22,Masculino,6
4004,Luis Morales,Derecho,29,Femenino,5
4005,Pedro López,Administración,28,Masculino,5
4006,Andrés Gómez,Sistemas,18,Femenino,1
4007,Luis Castillo,Derecho,31,Femenino,3
4008,Daniela Vega,Psicología,31,Masculino,6
4009,Daniela López,Psicología,28,Femenino,2
4010,Carlos Vega,Sistemas,32,Femenino,6
4011,Luis Torres,Administración,29,Femenino,9
4012,Luis Díaz,Contabilidad,26,Masculino,7
4013,Ana Ruiz,Derecho,23,Masculino,7
4014,Ana Torres,Contabilidad,27,Femenino,6
4015,José Morales,Derecho,32,Masculino,1
4016,Camila Gómez,Derecho,21,Masculino,8
4017,María Pérez,Psicología,32,Masculino,6
4018,Pedro Castillo,Educación,33,Masculino,8
4019,Ana López,Sistemas,33,Femenino,5
4020,María Vega,Sistemas,23,Femenino,5
4021,Luis Castillo,Psicología,28,Femenino,3
4022,Pedro Pérez,Administración,23,Femenino,5
4023,Pedro Vega,Derecho,22,Femenino,3
4024,Andrés Vega,Contabilidad,19,Femenino,7
4025,Pedro Castillo,Administración,18,Femenino,7
4026,María Torres,Derecho,20,Masculino,6
4027,María Vega,Derecho,33,Femenino,3
4028,Camila Ruiz,Administración,24,Femenino,9
4029,Daniela Ruiz,Sistemas,31,Masculino,5
4030,Andrés Vega,Derecho,25,Masculino,1
4031,Camila Díaz,Administración,26,Masculino,6
4032,Ana Vega,Psicología,22,Femenino,4
4033,Sofía Morales,Educación,20,Femenino,10
4034,Daniela Morales,Contabilidad,18,Femenino,4
4035,Camila Morales,Derecho,19,Femenino,9
4036,Sofía Ramírez,Derecho,28,Femenino,5
4037,Carlos Morales,Sistemas,18,Masculino,9
4038,José Torres,Administración,33,Masculino,7
4039,Carlos Ramírez,Educación,24,Masculino,1
4040,Carlos Torres,Educación,22,Femenino,2
4041,Luis Gómez,Derecho,29,Femenino,7
4042,Sofía Gómez,Derecho,21,Femenino,3
4043,Ana Castillo,Administración,35,Femenino,2
4044,José Castillo,Psicología,30,Masculino,1
4045,Camila Torres,Sistemas,31,Masculino,4
4046,Sofía Torres,Administración,18,Masculino,7
4047,Sofía Vega,Sistemas,21,Femenino,3
4048,Pedro Castillo,Derecho,20,Masculino,7
4049,Andrés Pérez,Sistemas,32,Femenino,1
4050,María Gómez,Derecho,24,Femenino,1
4051,Camila Pérez,Sistemas,27,Masculino,4
4052,Carlos Morales,Derecho,23,Femenino,5
4053,Pedro Ruiz,Administración,21,Femenino,3
4054,Sofía Castillo,Derecho,31,Masculino,9
4055,Ana Vega,Administración,19,Femenino,6
4056,José Pérez,Administración,29,Femenino,2
4057,Sofía López,Educación,25,Masculino,8
4058,Carlos Ramírez,Administración,35,Masculino,3
4059,Sofía Gómez,Derecho,25,Femenino,1
4060,José Ruiz,Derecho,19,Masculino,7
4061,Pedro Ramírez,Derecho,28,Masculino,8
4062,Carlos Vega,Educación,27,Femenino,4
4063,Sofía Ramírez,Contabilidad,29,Masculino,8
4064,Ana Vega,Psicología,31,Femenino,1
4065,Pedro Ramírez,Contabilidad,31,Masculino,3
4066,Ana Vega,Sistemas,21,Masculino,10
4067,Ana Torres,Administración,20,Femenino,5
4068,María Ruiz,Sistemas,26,Femenino,9
4069,Sofía Pérez,Psicología,25,Masculino,3
4070,Camila López,Administración,24,Masculino,1
4071,Carlos López,Contabilidad,20,Masculino,3
4072,Camila Díaz,Contabilidad,19,Masculino,10
4073,María Díaz,Contabilidad,28,Masculino,4
4074,Pedro Ruiz,Psicología,35,Femenino,4
4075,Sofía López,Administración,24,Masculino,5
4076,María Morales,Administración,31,Masculino,1
4077,Andrés Pérez,Contabilidad,35,Masculino,2
4078,Carlos Castillo,Contabilidad,20,Masculino,10
4079,Ana Ramírez,Contabilidad,30,Femenino,10
4080,Sofía Ruiz,Administración,19,Masculino,3
4081,María Ramírez,Derecho,24,Masculino,8
4082,Daniela Castillo,Psicología,29,Femenino,3
4083,Luis Pérez,Derecho,23,Femenino,2
4084,Sofía López,Derecho,28,Masculino,10
4085,Carlos Torres,Derecho,32,Masculino,4
4086,Luis Ramírez,Contabilidad,25,Femenino,3
4087,Pedro Castillo,Derecho,28,Masculino,9
4088,Pedro Castillo,Derecho,21,Masculino,1
4089,Sofía Morales,Sistemas,32,Masculino,1
4090,Ana Ruiz,Psicología,23,Femenino,6
4091,Carlos Castillo,Sistemas,24,Masculino,2
4092,Luis Díaz,Educación,25,Femenino,6
4093,Ana Díaz,Sistemas,26,Masculino,3
4094,Luis Ruiz,Educación,21,Femenino,4
4095,Ana Vega,Derecho,33,Femenino,3
4096,José Ramírez,Psicología,22,Femenino,5
4097,Carlos Torres,Sistemas,34,Masculino,5
4098,Camila Vega,Sistemas,23,Masculino,5
4099,Andrés Ramírez,Derecho,19,Femenino,8
4100,Pedro Ruiz,Administración,24,Masculino,3
4101,Sofía Ruiz,Psicología,31,Femenino,2
4102,Camila Ruiz,Sistemas,23,Femenino,8
4103,Andrés Castillo,Derecho,26,Masculino,9
4104,Camila Vega,Contabilidad,34,Masculino,9
4105,Carlos Díaz,Educación,31,Femenino,3
4106,Pedro Torres,Sistemas,34,Femenino,7
4107,Daniela Torres,Educación,23,Femenino,5
4108,María Díaz,Educación,29,Masculino,10
4109,Pedro Torres,Psicología,23,Masculino,3
4110,Camila Pérez,Sistemas,35,Masculino,6
4111,Pedro Torres,Contabilidad,32,Masculino,9
4112,Pedro López,Psicología,26,Masculino,1
4113,Luis Torres,Administración,25,Femenino,2
4114,José Ruiz,Psicología,23,Masculino,1
4115,Sofía Morales,Derecho,23,Femenino,1
4116,Carlos Morales,Derecho,18,Femenino,6
4117,Ana Ruiz,Contabilidad,31,Masculino,3
4118,Luis Ramírez,Contabilidad,19,Masculino,4
4119,Sofía Gómez,Sistemas,20,Masculino,4
4120,Camila López,Psicología,23,Masculino,3
4121,José Ramírez,Sistemas,20,Masculino,7
4122,Ana Pérez,Derecho,18,Masculino,8
4123,Daniela Pérez,Contabilidad,30,Femenino,7
4124,Luis Morales,Sistemas,33,Femenino,3
4125,Pedro Castillo,Administración,34,Femenino,1
4126,Ana Ruiz,Contabilidad,25,Femenino,3
4127,María Castillo,Derecho,20,Femenino,7
4128,Carlos López,Educación,21,Masculino,4
4129,Pedro Gómez,Sistemas,26,Femenino,2
4130,Pedro Castillo,Administración,24,Masculino,7
4131,Camila Castillo,Contabilidad,21,Masculino,8
4132,Carlos Ramírez,Derecho,30,Femenino,8
4133,Pedro Pérez,Derecho,24,Femenino,10
4134,José Torres,Psicología,19,Femenino,7
4135,Luis Ramírez,Contabilidad,28,Masculino,9
4136,Andrés Ramírez,Sistemas,20,Femenino,10
4137,Sofía Ruiz,Administración,23,Femenino,3
4138,Ana Torres,Contabilidad,35,Masculino,8
4139,José Castillo,Contabilidad,20,Femenino,3
4140,María Castillo,Contabilidad,31,Femenino,4
4141,Andrés Morales,Psicología,26,Femenino,10
4142,Ana Torres,Contabilidad,27,Femenino,4
4143,Pedro Torres,Derecho,35,Masculino,5
4144,Daniela Torres,Administración,34,Femenino,5
4145,Luis Pérez,Sistemas,28,Masculino,9
4146,Camila Díaz,Derecho,26,Masculino,2
4147,Pedro Castillo,Administración,28,Masculino,1
4148,Sofía López,Derecho,35,Masculino,5
4149,Pedro Pérez,Contabilidad,33,Femenino,2
4150,José López,Derecho,34,Femenino,5
4151,María Ramírez,Sistemas,30,Femenino,2
4152,Andrés Ramírez,Educación,29,Femenino,5
4153,Pedro Ramírez,Administración,30,Masculino,7
4154,Andrés Gómez,Contabilidad,27,Masculino,9
4155,Camila Vega,Educación,19,Masculino,3
4156,Daniela Ramírez,Educación,23,Masculino,1
4157,Andrés Castillo,Contabilidad,19,Femenino,9
4158,Pedro Pérez,Contabilidad,25,Femenino,7
4159,Pedro Pérez,Contabilidad,19,Masculino,4
4160,Daniela Castillo,Derecho,34,Masculino,4
4161,Ana Morales,Derecho,32,Masculino,1
4162,Pedro Ramírez,Educación,21,Masculino,3
4163,Carlos Morales,Derecho,33,Femenino,2
4164,Sofía Pérez,Psicología,32,Femenino,6
4165,María Vega,Contabilidad,19,Femenino,8
4166,María Ruiz,Derecho,24,Femenino,3
4167,Andrés Ruiz,Psicología,33,Femenino,1
4168,Camila Díaz,Sistemas,27,Masculino,3
4169,Luis Ramírez,Sistemas,26,Femenino,2
4170,Andrés Morales,Educación,32,Masculino,7
4171,Pedro López,Administración,19,Masculino,7
4172,Carlos Ruiz,Educación,18,Femenino,4
4173,Sofía Ruiz,Administración,34,Masculino,10
4174,Andrés Torres,Derecho,21,Masculino,7
4175,Camila López,Administración,32,Masculino,8
4176,Ana Vega,Derecho,27,Femenino,3
4177,Pedro Ruiz,Contabilidad,23,Masculino,4
4178,Sofía Vega,Educación,25,Masculino,4
4179,Camila Castillo,Educación,18,Masculino,5
4180,Camila Ruiz,Psicología,31,Femenino,1
4181,Pedro Ruiz,Administración,20,Femenino,9
4182,Daniela López,Sistemas,29,Femenino,10
4183,Andrés Torres,Contabilidad,25,Femenino,4
4184,Ana Torres,Educación,20,Femenino,9
4185,Luis Morales,Derecho,34,Masculino,7
4186,Pedro Castillo,Educación,25,Masculino,6
4187,Andrés Ruiz,Sistemas,21,Femenino,5
4188,Sofía Torres,Educación,34,Masculino,6
4189,Ana López,Derecho,19,Masculino,8
4190,Ana Ruiz,Administración,31,Femenino,1
4191,Daniela Pérez,Administración,18,Masculino,9
4192,Luis Ramírez,Administración,30,Masculino,9
4193,Carlos Ruiz,Derecho,35,Masculino,5
4194,José Vega,Contabilidad,18,Masculino,8
4195,Carlos Vega,Psicología,28,Masculino,8
4196,José Gómez,Sistemas,31,Masculino,7
4197,Sofía Gómez,Educación,30,Masculino,3
4198,Daniela Morales,Derecho,22,Masculino,9
4199,Ana Vega,Administración,18,Masculino,10
4200,Luis Ramírez,Sistemas,23,Femenino,4
4201,José Castillo,Contabilidad,24,Femenino,10
4202,Pedro Torres,Educación,26,Femenino,9
4203,Daniela Pérez,Sistemas,23,Masculino,5
4204,Carlos Castillo,Administración,29,Masculino,7
4205,Sofía Pérez,Psicología,20,Masculino,4
4206,Daniela Díaz,Administración,18,Masculino,9
4207,José Ruiz,Derecho,30,Masculino,4
4208,Sofía Morales,Educación,32,Masculino,3
4209,José López,Derecho,28,Masculino,5
4210,Ana Díaz,Contabilidad,25,Femenino,5
4211,Andrés Gómez,Educación,35,Femenino,6
4212,José Pérez,Administración,30,Femenino,9
4213,Andrés Torres,Sistemas,29,Femenino,8
4214,María Vega,Contabilidad,26,Femenino,7
4215,Carlos López,Administración,25,Femenino,1
4216,Pedro Morales,Derecho,34,Femenino,5
4217,Sofía Gómez,Administración,29,Femenino,10
4218,Daniela Torres,Administración,19,Femenino,3
4219,Sofía Vega,Derecho,23,Masculino,7
4220,Sofía Ruiz,Administración,18,Femenino,7
4221,Pedro Gómez,Derecho,31,Masculino,4
4222,Camila Morales,Psicología,22,Masculino,4
4223,Camila Vega,Educación,33,Femenino,9
4224,Andrés Ramírez,Educación,33,Femenino,10
4225,Carlos Díaz,Derecho,18,Femenino,2
4226,María Castillo,Psicología,23,Masculino,9
4227,José Ruiz,Administración,21,Femenino,4
4228,Sofía Vega,Educación,24,Masculino,3
4229,Carlos Morales,Sistemas,18,Masculino,2
4230,José Castillo,Sistemas,32,Femenino,3
4231,Sofía Gómez,Contabilidad,25,Masculino,5
4232,Sofía Gómez,Administración,27,Masculino,1
4233,María Vega,Psicología,33,Femenino,3
4234,Andrés Ramírez,Administración,19,Femenino,6
4235,Pedro Castillo,Administración,22,Femenino,1
4236,Camila Ruiz,Educación,22,Masculino,9
4237,Carlos López,Contabilidad,25,Masculino,10
4238,Daniela Morales,Derecho,21,Femenino,9
4239,Sofía Morales,Administración,35,Masculino,6
4240,Pedro Vega,Administración,18,Masculino,8
4241,Camila López,Educación,18,Femenino,10
4242,Pedro Morales,Sistemas,34,Femenino,10
4243,Camila Ramírez,Administración,27,Masculino,5
4244,María Castillo,Derecho,26,Masculino,3
4245,Camila López,Sistemas,24,Femenino,10
4246,Camila Morales,Sistemas,18,Masculino,8
4247,Daniela Ramírez,Administración,23,Masculino,8
4248,Camila Pérez,Administración,31,Masculino,10
4249,Carlos Pérez,Administración,28,Masculino,10
4250,María Vega,Derecho,24,Masculino,8
4251,Ana López,Contabilidad,23,Femenino,5
4252,José Ramírez,Contabilidad,35,Masculino,5
4253,Daniela Morales,Sistemas,32,Femenino,3
4254,María Díaz,Sistemas,18,Femenino,7
4255,Camila Gómez,Psicología,20,Femenino,1
4256,Andrés Díaz,Sistemas,33,Masculino,3
4257,Andrés Ruiz,Contabilidad,20,Femenino,6
4258,Pedro López,Contabilidad,19,Masculino,9
4259,Camila Vega,Sistemas,29,Femenino,9
4260,Luis Gómez,Contabilidad,32,Femenino,5
4261,Sofía Morales,Educación,29,Masculino,10
4262,Luis Morales,Sistemas,33,Femenino,1
4263,Ana Castillo,Sistemas,25,Masculino,5
4264,Camila Castillo,Sistemas,35,Femenino,1
4265,María Ruiz,Educación,35,Masculino,3
4266,Luis Vega,Sistemas,24,Femenino,7
4267,Carlos Pérez,Administración,34,Femenino,9
4268,Andrés Morales,Educación,26,Masculino,8
4269,Andrés Vega,Sistemas,22,Femenino,6
4270,Carlos Ruiz,Educación,28,Masculino,7
4271,José Morales,Educación,24,Masculino,4
4272,Camila Morales,Administración,24,Masculino,4
4273,Sofía Ramírez,Contabilidad,26,Masculino,9
4274,Andrés Pérez,Derecho,33,Masculino,9
4275,Sofía Vega,Derecho,19,Masculino,1
4276,Luis Ruiz,Educación,20,Femenino,4
4277,Luis Gómez,Administración,22,Femenino,7
4278,Luis Gómez,Contabilidad,35,Femenino,9
4279,Camila Vega,Sistemas,28,Masculino,7
4280,María Torres,Educación,21,Masculino,10
4281,Pedro Pérez,Contabilidad,32,Masculino,3
4282,Ana Díaz,Administración,33,Masculino,8
4283,Daniela Castillo,Contabilidad,26,Femenino,8
4284,Ana Vega,Educación,22,Masculino,2
4285,Daniela Gómez,Contabilidad,30,Masculino,10
4286,Sofía Díaz,Educación,25,Femenino,7
4287,Daniela Morales,Derecho,22,Femenino,3
4288,María Díaz,Educación,30,Masculino,6
4289,María Pérez,Administración,30,Masculino,9
4290,José Pérez,Administración,29,Femenino,9
4291,Daniela Pérez,Administración,30,Femenino,1
4292,Camila Pérez,Derecho,25,Masculino,7
4293,Pedro López,Derecho,18,Femenino,1
4294,Carlos Vega,Educación,20,Femenino,5
4295,Ana Ruiz,Psicología,21,Masculino,4
4296,Sofía Pérez,Psicología,21,Masculino,1
4297,María Pérez,Administración,29,Masculino,1
4298,Sofía Castillo,Contabilidad,23,Masculino,8
4299,Camila Ruiz,Derecho,29,Masculino,2
4300,Sofía Torres,Derecho,19,Masculino,10
4301,Andrés Morales,Sistemas,22,Femenino,6
4302,Daniela Castillo,Educación,28,Femenino,5
4303,Sofía Torres,Sistemas,28,Femenino,9
4304,Sofía Castillo,Educación,27,Femenino,4
4305,Andrés Gómez,Sistemas,35,Masculino,9
4306,Luis Vega,Psicología,30,Femenino,6
4307,Andrés López,Contabilidad,27,Femenino,7
4308,Pedro Torres,Administración,29,Masculino,2
4309,Daniela Ruiz,Derecho,19,Femenino,7
4310,Pedro Pérez,Administración,31,Masculino,7
4311,Carlos Castillo,Psicología,31,Masculino,8
4312,Ana Castillo,Derecho,22,Femenino,7
4313,Ana Torres,Administración,29,Masculino,6
4314,Andrés Díaz,Sistemas,20,Femenino,4
4315,Ana Gómez,Derecho,25,Masculino,7
4316,Daniela Gómez,Contabilidad,31,Masculino,6
4317,Andrés Ramírez,Psicología,19,Femenino,3
4318,Carlos Castillo,Contabilidad,20,Masculino,4
4319,Sofía Díaz,Contabilidad,32,Femenino,1
4320,Pedro Castillo,Educación,29,Masculino,2
4321,Camila Ramírez,Psicología,19,Femenino,8
4322,Luis Ruiz,Educación,20,Femenino,7
4323,José Morales,Psicología,24,Femenino,6
4324,Pedro Gómez,Psicología,25,Masculino,6
4325,Sofía Ramírez,Contabilidad,35,Femenino,7
4326,Andrés Pérez,Contabilidad,32,Masculino,3
4327,María Ramírez,Derecho,20,Femenino,4
4328,Ana Gómez,Psicología,23,Masculino,1
4329,Sofía Díaz,Derecho,33,Masculino,4
4330,María Torres,Educación,33,Masculino,3
4331,María Ruiz,Derecho,27,Femenino,1
4332,Carlos Vega,Administración,28,Masculino,3
4333,Pedro Ramírez,Derecho,23,Femenino,3
4334,Daniela Ramírez,Administración,23,Masculino,9
4335,Camila Torres,Sistemas,22,Masculino,3
4336,Ana Ruiz,Sistemas,26,Masculino,2
4337,Pedro Ruiz,Administración,25,Masculino,9
4338,José Castillo,Administración,24,Femenino,8
4339,Luis Ruiz,Psicología,34,Masculino,10
4340,Ana Ramírez,Contabilidad,28,Masculino,6
4341,José Díaz,Administración,30,Masculino,8
4342,Camila Morales,Psicología,20,Masculino,9
4343,María Gómez,Sistemas,18,Femenino,5
4344,María López,Educación,22,Masculino,7
4345,Carlos Torres,Derecho,32,Femenino,8
4346,María López,Sistemas,31,Masculino,7
4347,Pedro Castillo,Educación,33,Masculino,8
4348,Ana López,Psicología,29,Masculino,4
4349,Pedro Pérez,Contabilidad,28,Masculino,10
4350,Andrés Castillo,Administración,27,Masculino,1
4351,Daniela Castillo,Educación,19,Masculino,8
4352,José Pérez,Educación,31,Femenino,6
4353,Andrés Torres,Derecho,32,Femenino,3
4354,Camila Ruiz,Sistemas,31,Masculino,1
4355,Ana López,Educación,30,Masculino,9
4356,Camila Morales,Contabilidad,31,Masculino,5
4357,Sofía Ramírez,Contabilidad,28,Femenino,10
4358,María Gómez,Psicología,24,Femenino,10
4359,Andrés Castillo,Psicología,20,Femenino,10
4360,Andrés Morales,Sistemas,28,Femenino,1
4361,José Ruiz,Educación,24,Masculino,7
4362,Pedro Castillo,Administración,22,Masculino,4
4363,Sofía Castillo,Derecho,21,Masculino,2
4364,Carlos Vega,Psicología,35,Masculino,2
4365,Camila Ruiz,Contabilidad,35,Femenino,4
4366,José Pérez,Sistemas,20,Masculino,8
4367,Pedro Torres,Administración,24,Femenino,8
4368,José Torres,Educación,23,Femenino,7
4369,Daniela Vega,Educación,33,Masculino,9
4370,Andrés Vega,Administración,22,Masculino,8
4371,Andrés Vega,Educación,33,Masculino,6
4372,Andrés Castillo,Sistemas,30,Masculino,7
4373,Luis López,Educación,26,Femenino,7
4374,José Ramírez,Educación,35,Femenino,7
4375,Ana Díaz,Psicología,31,Femenino,10
4376,José Ruiz,Derecho,24,Masculino,1
4377,Sofía Ramírez,Administración,24,Femenino,2
4378,Ana Vega,Sistemas,22,Femenino,2
4379,Pedro Morales,Administración,18,Masculino,7
4380,Camila Díaz,Contabilidad,32,Femenino,5
4381,Camila Ramírez,Educación,34,Femenino,6
4382,Camila Díaz,Derecho,29,Masculino,3
4383,José Ramírez,Derecho,26,Masculino,1
4384,Ana Morales,Psicología,32,Femenino,9
4385,Pedro Vega,Administración,27,Masculino,6
4386,Luis Morales,Derecho,29,Femenino,6
4387,Luis Torres,Administración,26,Femenino,5
4388,Luis Vega,Psicología,33,Femenino,1
4389,Carlos López,Administración,34,Femenino,9
4390,Pedro Pérez,Psicología,25,Femenino,8
4391,Ana Gómez,Derecho,18,Masculino,7
4392,María Pérez,Psicología,27,Femenino,3
4393,María Vega,Educación,31,Masculino,3
4394,Ana Díaz,Educación,19,Masculino,1
4395,Sofía Castillo,Educación,20,Masculino,5
4396,Sofía Pérez,Psicología,31,Masculino,10
4397,Daniela Ruiz,Derecho,33,Masculino,5
4398,Camila Torres,Psicología,26,Masculino,4
4399,Camila Morales,Psicología,26,Masculino,5
4400,Camila Pérez,Derecho,24,Femenino,7
4401,Daniela Castillo,Psicología,18,Femenino,8
4402,María Ruiz,Contabilidad,18,Femenino,10
4403,Andrés Pérez,Administración,31,Masculino,3
4404,Sofía Castillo,Contabilidad,22,Masculino,4
4405,Luis Díaz,Psicología,22,Femenino,9
4406,José Ruiz,Sistemas,32,Masculino,5
4407,Carlos Pérez,Administración,21,Femenino,8
4408,Daniela Castillo,Psicología,31,Femenino,6
4409,Sofía Díaz,Sistemas,27,Masculino,9
4410,Pedro Castillo,Educación,34,Masculino,4
4411,Ana Vega,Psicología,22,Femenino,9
4412,Pedro Vega,Contabilidad,21,Femenino,3
4413,María López,Administración,31,Masculino,6
4414,Andrés Morales,Educación,26,Masculino,8
4415,Pedro Ramírez,Contabilidad,34,Masculino,2
4416,Daniela López,Educación,18,Femenino,7
4417,Carlos Ruiz,Administración,20,Femenino,2
4418,Andrés Gómez,Derecho,35,Masculino,5
4419,Carlos Morales,Contabilidad,28,Femenino,7
4420,Sofía Vega,Psicología,18,Femenino,3
4421,María Torres,Derecho,22,Masculino,8
4422,Luis Ramírez,Psicología,34,Masculino,3
4423,Carlos López,Derecho,19,Masculino,7
4424,Camila Castillo,Educación,35,Femenino,1
4425,Andrés Castillo,Derecho,32,Femenino,5
4426,Luis Ramírez,Derecho,33,Femenino,6
4427,María Ruiz,Psicología,20,Masculino,8
4428,María Ramírez,Psicología,20,Femenino,10
4429,Luis Díaz,Derecho,19,Femenino,6
4430,Andrés Ruiz,Educación,30,Masculino,7
4431,Andrés López,Psicología,26,Femenino,7
4432,María Vega,Sistemas,22,Masculino,8
4433,Pedro Gómez,Administración,25,Femenino,2
4434,Carlos Gómez,Educación,18,Femenino,2
4435,Andrés Vega,Sistemas,22,Femenino,2
4436,Andrés Torres,Sistemas,33,Masculino,7
4437,Pedro Ruiz,Sistemas,21,Masculino,8
4438,Sofía Torres,Administración,33,Masculino,10
4439,Andrés Torres,Derecho,35,Masculino,4
4440,José Vega,Educación,31,Femenino,10
4441,Daniela Pérez,Administración,28,Masculino,7
4442,Daniela Díaz,Derecho,34,Femenino,9
4443,María López,Contabilidad,29,Femenino,1
4444,Daniela Ramírez,Administración,21,Masculino,4
4445,Luis Díaz,Contabilidad,28,Masculino,6
4446,Daniela Pérez,Contabilidad,22,Masculino,9
4447,Daniela Ruiz,Psicología,25,Femenino,5
4448,José Pérez,Contabilidad,29,Masculino,2
4449,Luis Castillo,Sistemas,27,Femenino,1
4450,Luis Torres,Administración,28,Masculino,4
4451,Pedro Vega,Derecho,21,Femenino,7
4452,Andrés Ruiz,Sistemas,19,Femenino,8
4453,Sofía Ramírez,Psicología,19,Masculino,4
4454,José Castillo,Contabilidad,31,Femenino,5
4455,Pedro Ramírez,Psicología,27,Masculino,4
4456,Pedro Morales,Contabilidad,18,Masculino,7
4457,María Torres,Psicología,28,Femenino,4
4458,Daniela Vega,Educación,24,Masculino,6
4459,Sofía Ramírez,Contabilidad,32,Masculino,10
4460,Carlos Ramírez,Administración,21,Femenino,9
4461,María Pérez,Administración,20,Femenino,9
4462,Camila Castillo,Educación,23,Masculino,4
4463,Carlos Castillo,Sistemas,30,Femenino,2
4464,Andrés Díaz,Educación,26,Masculino,10
4465,Pedro Morales,Sistemas,32,Masculino,5
4466,José Morales,Derecho,26,Femenino,3
4467,Luis Díaz,Educación,29,Femenino,2
4468,Daniela Castillo,Educación,21,Femenino,2
4469,Daniela Pérez,Contabilidad,18,Masculino,3
4470,Luis Vega,Educación,21,Femenino,10
4471,Andrés Gómez,Educación,27,Masculino,4
4472,José Castillo,Educación,33,Femenino,1
4473,Sofía Castillo,Psicología,24,Femenino,8
4474,José Pérez,Educación,22,Masculino,9
4475,Pedro Castillo,Educación,25,Masculino,1
4476,Carlos Morales,Educación,29,Masculino,10
4477,Sofía Morales,Educación,23,Masculino,9
4478,María Morales,Derecho,32,Femenino,2
4479,Sofía Morales,Derecho,31,Femenino,2
4480,Ana Torres,Contabilidad,30,Masculino,5
4481,Carlos Pérez,Administración,22,Masculino,4
4482,José Ruiz,Psicología,35,Masculino,2
4483,María Ramírez,Derecho,35,Masculino,7
4484,Daniela Díaz,Psicología,18,Masculino,8
4485,Daniela Ruiz,Sistemas,28,Masculino,5
4486,José Morales,Sistemas,26,Femenino,1
4487,Sofía Torres,Administración,25,Femenino,2
4488,Daniela Castillo,Derecho,29,Femenino,5
4489,Carlos Morales,Sistemas,21,Femenino,4
4490,Daniela Torres,Derecho,24,Masculino,10
4491,Sofía Díaz,Educación,30,Femenino,6
4492,Sofía Torres,Educación,23,Femenino,8
4493,Pedro Castillo,Sistemas,27,Masculino,1
4494,María Vega,Contabilidad,18,Masculino,6
4495,Camila Gómez,Educación,24,Femenino,5
4496,José Vega,Derecho,33,Masculino,3
4497,Andrés Vega,Administración,18,Femenino,8
4498,María López,Sistemas,26,Femenino,5
4499,Pedro Gómez,Contabilidad,33,Femenino,10
4500,María Torres,Contabilidad,20,Masculino,5
4501,Sofía Ramírez,Psicología,34,Femenino,10
4502,Camila López,Sistemas,22,Masculino,5
4503,Ana Ruiz,Contabilidad,27,Masculino,8
4504,Daniela Morales,Derecho,21,Masculino,1
4505,Andrés Díaz,Psicología,19,Masculino,2
4506,Andrés Ramírez,Administración,20,Femenino,4
4507,Sofía Gómez,Contabilidad,20,Masculino,5
4508,María Morales,Derecho,35,Femenino,3
4509,Luis Pérez,Derecho,35,Masculino,9
4510,Daniela Gómez,Sistemas,30,Femenino,7
4511,José Torres,Contabilidad,32,Masculino,7
4512,Andrés Pérez,Administración,31,Masculino,4
4513,Luis Díaz,Contabilidad,23,Masculino,1
4514,Pedro Pérez,Sistemas,23,Masculino,1
4515,Carlos Vega,Derecho,28,Femenino,1
4516,Camila Torres,Administración,27,Masculino,2
4517,José Torres,Sistemas,30,Femenino,8
4518,Ana Gómez,Contabilidad,20,Femenino,6
4519,Sofía Ruiz,Administración,18,Masculino,7
4520,Pedro López,Administración,34,Masculino,3
4521,Carlos Torres,Contabilidad,19,Masculino,6
4522,María Ruiz,Administración,23,Masculino,1
4523,Camila Morales,Administración,18,Masculino,10
4524,Ana Gómez,Sistemas,24,Femenino,9
4525,José López,Administración,21,Masculino,4
4526,Carlos Díaz,Administración,34,Femenino,2
4527,María Torres,Administración,26,Femenino,7
4528,José Díaz,Administración,24,Femenino,3
4529,Andrés Morales,Contabilidad,27,Femenino,7
4530,Ana Torres,Contabilidad,34,Femenino,7
4531,María Castillo,Administración,19,Femenino,4
4532,Pedro Ramírez,Educación,33,Masculino,5
4533,Sofía Vega,Educación,29,Masculino,10
4534,Daniela López,Contabilidad,30,Masculino,6
4535,Carlos Morales,Derecho,29,Femenino,10
4536,Luis Castillo,Derecho,30,Masculino,6
4537,María Vega,Sistemas,31,Femenino,5
4538,Luis Castillo,Derecho,29,Masculino,4
4539,Pedro Ruiz,Educación,29,Masculino,5
4540,Daniela Castillo,Derecho,31,Femenino,4
4541,Camila López,Psicología,31,Masculino,10
4542,Andrés Díaz,Educación,25,Masculino,5
4543,María Morales,Derecho,22,Femenino,2
4544,Camila Ramírez,Sistemas,23,Femenino,7
4545,María Vega,Administración,28,Femenino,4
4546,José Morales,Psicología,28,Femenino,4
4547,Sofía Pérez,Derecho,21,Femenino,9
4548,Carlos Castillo,Psicología,33,Masculino,10
4549,Sofía Vega,Educación,20,Femenino,2
4550,Camila López,Educación,34,Masculino,2
4551,Pedro Vega,Educación,24,Femenino,2
4552,Ana López,Sistemas,33,Masculino,8
4553,Carlos Morales,Sistemas,33,Masculino,1
4554,Luis Castillo,Psicología,31,Femenino,9
4555,Ana Vega,Administración,30,Femenino,10
4556,María Gómez,Administración,21,Femenino,7
4557,María Ruiz,Contabilidad,32,Femenino,3
4558,Camila Castillo,Administración,23,Femenino,5
4559,Camila Morales,Administración,24,Masculino,8
4560,Carlos Ruiz,Psicología,27,Masculino,4
4561,Pedro Ruiz,Contabilidad,34,Masculino,2
4562,Carlos Morales,Educación,30,Femenino,10
4563,Daniela Gómez,Psicología,31,Femenino,1
4564,Pedro Vega,Administración,24,Femenino,4
4565,Sofía Gómez,Sistemas,21,Femenino,2
4566,Carlos Díaz,Psicología,18,Masculino,7
4567,María Ruiz,Psicología,26,Masculino,2
4568,María López,Administración,26,Femenino,4
4569,Daniela Morales,Derecho,24,Femenino,9
4570,Luis Castillo,Sistemas,35,Femenino,2
4571,Ana Gómez,Derecho,33,Masculino,1
4572,Luis Castillo,Psicología,20,Masculino,7
4573,Ana Castillo,Psicología,20,Masculino,1
4574,José Torres,Sistemas,22,Femenino,7
4575,Luis Morales,Psicología,19,Masculino,10
4576,Sofía Pérez,Administración,27,Masculino,2
4577,María Castillo,Psicología,28,Femenino,9
4578,José Torres,Sistemas,24,Femenino,4
4579,Luis Morales,Sistemas,33,Masculino,8
4580,Sofía Gómez,Administración,35,Femenino,1
4581,Luis Díaz,Derecho,21,Masculino,8
4582,Luis López,Administración,21,Femenino,1
4583,Carlos Castillo,Derecho,18,Masculino,9
4584,Andrés Gómez,Contabilidad,20,Masculino,3
4585,Andrés Ramírez,Educación,27,Femenino,3
4586,Daniela Gómez,Psicología,24,Femenino,8
4587,Andrés Díaz,Derecho,30,Femenino,7
4588,María Ruiz,Sistemas,25,Masculino,1
4589,Daniela Castillo,Psicología,21,Femenino,2
4590,Sofía Castillo,Administración,25,Masculino,2
4591,Camila Castillo,Sistemas,20,Masculino,2
4592,Camila López,Contabilidad,19,Femenino,10
4593,Pedro Torres,Derecho,20,Femenino,9
4594,José Díaz,Contabilidad,23,Femenino,3
4595,Daniela Castillo,Sistemas,18,Masculino,6
4596,José Ramírez,Educación,20,Femenino,10
4597,Andrés Ruiz,Educación,26,Femenino,7
4598,Pedro Ruiz,Contabilidad,34,Masculino,1
4599,Ana Díaz,Sistemas,28,Femenino,8
4600,Camila Morales,Administración,29,Femenino,9
4601,José Torres,Administración,32,Masculino,8
4602,Carlos Morales,Derecho,22,Femenino,7
4603,Camila Pérez,Contabilidad,30,Masculino,8
4604,Ana Pérez,Sistemas,27,Femenino,2
4605,María Pérez,Derecho,34,Femenino,3
4606,José Pérez,Educación,34,Femenino,2
4607,Ana Pérez,Educación,31,Femenino,9
4608,Sofía Pérez,Educación,26,Masculino,8
4609,Carlos Vega,Administración,18,Femenino,7
4610,Carlos López,Psicología,21,Masculino,6
4611,Carlos Torres,Administración,22,Masculino,3
4612,Carlos Vega,Administración,27,Masculino,9
4613,José Ramírez,Contabilidad,22,Masculino,6
4614,Sofía Ruiz,Psicología,27,Masculino,1
4615,José Gómez,Sistemas,35,Femenino,8
4616,Sofía Gómez,Administración,29,Masculino,2
4617,María Díaz,Educación,18,Femenino,4
4618,Camila Ramírez,Administración,23,Masculino,1
4619,Pedro Castillo,Sistemas,29,Femenino,9
4620,Ana Ruiz,Derecho,34,Masculino,1
4621,Carlos Vega,Sistemas,20,Masculino,5
4622,Luis Ruiz,Contabilidad,28,Masculino,5
4623,Luis Ruiz,Contabilidad,22,Masculino,5
4624,José Ramírez,Psicología,31,Femenino,5
4625,Carlos Vega,Sistemas,23,Masculino,9
4626,Andrés Ruiz,Administración,18,Femenino,4
4627,Camila Ramírez,Psicología,18,Masculino,8
4628,Andrés Ruiz,Sistemas,22,Masculino,4
4629,Sofía Ramírez,Contabilidad,25,Femenino,10
4630,Sofía Pérez,Contabilidad,28,Femenino,6
4631,Daniela Díaz,Psicología,27,Masculino,9
4632,José Torres,Psicología,18,Femenino,10
4633,Pedro Ruiz,Educación,19,Femenino,6
4634,Carlos Vega,Psicología,35,Femenino,1
4635,Pedro Gómez,Educación,19,Femenino,6
4636,Pedro Ramírez,Administración,25,Femenino,5
4637,Camila Ramírez,Sistemas,20,Femenino,6
4638,Carlos Ramírez,Derecho,20,Masculino,7
4639,Andrés Gómez,Contabilidad,35,Masculino,3
4640,Camila López,Educación,18,Femenino,4
4641,Daniela Morales,Psicología,23,Femenino,5
4642,José Castillo,Derecho,33,Masculino,6
4643,Ana Vega,Contabilidad,23,Masculino,3
4644,José Torres,Administración,27,Masculino,1
4645,José Gómez,Derecho,22,Femenino,2
4646,Camila Díaz,Administración,30,Masculino,6
4647,Andrés Díaz,Contabilidad,32,Femenino,10
4648,Ana Morales,Administración,33,Femenino,1
4649,Carlos Castillo,Administración,29,Femenino,1
4650,María López,Administración,22,Femenino,10
4651,José Díaz,Administración,25,Masculino,6
4652,Andrés Torres,Psicología,30,Masculino,1
4653,José Pérez,Administración,31,Femenino,3
4654,Sofía Ruiz,Sistemas,32,Masculino,2
4655,Daniela Castillo,Administración,22,Masculino,1
4656,José Gómez,Derecho,32,Masculino,2
4657,Camila López,Psicología,23,Femenino,7
4658,Sofía López,Derecho,18,Femenino,4
4659,Carlos Díaz,Sistemas,24,Masculino,4
4660,Sofía Torres,Psicología,19,Femenino,9
4661,Camila Pérez,Administración,22,Masculino,7
4662,Luis Ruiz,Sistemas,21,Masculino,4
4663,María Díaz,Psicología,25,Femenino,10
4664,Daniela Gómez,Psicología,19,Masculino,1
4665,Ana Torres,Educación,28,Femenino,2
4666,Pedro Torres,Administración,28,Femenino,5
4667,Daniela Gómez,Psicología,29,Femenino,10
4668,José Pérez,Educación,32,Masculino,4
4669,Ana Castillo,Contabilidad,24,Masculino,4
4670,Luis Morales,Educación,32,Femenino,9
4671,Luis Castillo,Contabilidad,30,Femenino,8
4672,José López,Derecho,18,Masculino,10
4673,José Díaz,Administración,21,Masculino,8
4674,Daniela Morales,Derecho,31,Femenino,1
4675,Camila Torres,Educación,33,Femenino,2
4676,Carlos Pérez,Psicología,23,Masculino,6
4677,Daniela Vega,Sistemas,31,Masculino,10
4678,Ana Torres,Administración,25,Masculino,2
4679,Pedro Ramírez,Educación,35,Femenino,1
4680,Pedro Ramírez,Educación,31,Masculino,6
4681,María Torres,Administración,24,Femenino,2
4682,Andrés Díaz,Psicología,22,Masculino,3
4683,Pedro Vega,Educación,27,Femenino,7
4684,María Ramírez,Sistemas,20,Femenino,3
4685,Sofía Castillo,Administración,18,Masculino,1
4686,María Ramírez,Contabilidad,25,Masculino,4
4687,Luis López,Administración,26,Femenino,6
4688,Sofía Vega,Derecho,30,Masculino,3
4689,Daniela Vega,Educación,26,Masculino,8
4690,Andrés López,Educación,33,Femenino,6
4691,Sofía Gómez,Contabilidad,24,Masculino,1
4692,Luis Gómez,Contabilidad,18,Femenino,6
4693,Carlos Morales,Derecho,27,Masculino,7
4694,Daniela López,Contabilidad,20,Masculino,8
4695,Carlos Castillo,Contabilidad,29,Masculino,4
4696,Daniela Díaz,Educación,30,Femenino,7
4697,Sofía Ramírez,Derecho,26,Femenino,9
4698,José Ruiz,Derecho,23,Masculino,5
4699,Sofía Castillo,Educación,29,Masculino,1
4700,José Morales,Educación,22,Femenino,1
4701,Pedro Ruiz,Administración,31,Femenino,7
4702,Andrés Díaz,Sistemas,22,Masculino,7
4703,Carlos Ramírez,Derecho,33,Masculino,10
4704,María Díaz,Educación,18,Femenino,10
4705,María Castillo,Educación,26,Masculino,2
4706,Carlos Ruiz,Sistemas,27,Femenino,6
4707,Ana Torres,Administración,24,Femenino,8
4708,Daniela Vega,Educación,18,Femenino,6
4709,Daniela Ruiz,Derecho,22,Femenino,2
4710,Andrés Castillo,Educación,19,Femenino,1
4711,María López,Educación,34,Masculino,2
4712,José Ramírez,Psicología,22,Masculino,4
4713,Daniela Torres,Educación,19,Femenino,6
4714,Luis Morales,Derecho,30,Femenino,1
4715,Pedro López,Derecho,25,Masculino,9
4716,Pedro López,Sistemas,21,Masculino,3
4717,Carlos Pérez,Sistemas,34,Femenino,9
4718,José Torres,Derecho,26,Masculino,4
4719,María Morales,Derecho,30,Masculino,9
4720,Carlos Vega,Psicología,30,Femenino,2
4721,María Morales,Sistemas,28,Femenino,10
4722,José Morales,Psicología,22,Masculino,9
4723,Camila Morales,Contabilidad,19,Masculino,4
4724,Carlos Castillo,Psicología,29,Masculino,10
4725,María Díaz,Sistemas,18,Masculino,2
4726,Camila Castillo,Derecho,21,Femenino,6
4727,Andrés Pérez,Psicología,19,Masculino,9
4728,Andrés Ruiz,Educación,19,Femenino,5
4729,Luis Pérez,Contabilidad,19,Femenino,4
4730,Luis Díaz,Derecho,30,Femenino,2
4731,María Díaz,Administración,34,Masculino,5
4732,Andrés López,Derecho,27,Femenino,6
4733,Camila Vega,Sistemas,24,Masculino,10
4734,Ana Gómez,Derecho,34,Femenino,7
4735,José Ramírez,Sistemas,33,Femenino,9
4736,José Pérez,Sistemas,19,Masculino,8
4737,Luis Morales,Psicología,34,Masculino,8
4738,Luis Morales,Sistemas,21,Femenino,9
4739,Pedro Morales,Psicología,31,Masculino,2
4740,Sofía Ruiz,Derecho,30,Femenino,6
4741,Sofía Vega,Administración,24,Masculino,7
4742,Luis Ramírez,Sistemas,28,Masculino,6
4743,Andrés López,Contabilidad,24,Femenino,6
4744,Andrés Gómez,Psicología,29,Femenino,6
4745,Daniela Torres,Psicología,29,Masculino,6
4746,María López,Psicología,34,Masculino,5
4747,Carlos Morales,Derecho,22,Masculino,8
4748,Daniela Díaz,Psicología,19,Masculino,6
4749,Andrés Castillo,Derecho,31,Femenino,10
4750,María Pérez,Administración,18,Masculino,9
4751,Camila López,Administración,32,Masculino,8
4752,Pedro Morales,Psicología,35,Masculino,5
4753,Camila Gómez,Educación,29,Masculino,3
4754,Camila Torres,Psicología,29,Femenino,7
4755,Luis López,Sistemas,35,Femenino,4
4756,Ana Vega,Psicología,33,Masculino,1
4757,Daniela López,Psicología,23,Femenino,8
4758,Daniela Ramírez,Educación,21,Masculino,9
4759,José Torres,Contabilidad,22,Femenino,9
4760,Pedro López,Sistemas,19,Masculino,8
4761,Luis Torres,Sistemas,19,Masculino,5
4762,Carlos López,Contabilidad,27,Femenino,4
4763,Ana Díaz,Educación,33,Femenino,8
4764,Luis Ruiz,Educación,31,Masculino,10
4765,Sofía Ramírez,Sistemas,30,Femenino,10
4766,Pedro Díaz,Derecho,30,Femenino,7
4767,José Pérez,Psicología,30,Masculino,4
4768,José Castillo,Sistemas,18,Femenino,3
4769,Carlos Castillo,Administración,30,Femenino,4
4770,Daniela Ruiz,Administración,23,Masculino,2
4771,Sofía Gómez,Contabilidad,25,Masculino,8
4772,Ana Díaz,Educación,27,Femenino,4
4773,Pedro Pérez,Sistemas,28,Femenino,10
4774,Luis Gómez,Contabilidad,19,Masculino,1
4775,Luis Morales,Educación,22,Femenino,1
4776,Ana Vega,Sistemas,22,Femenino,6
4777,Andrés Ruiz,Educación,24,Femenino,8
4778,Camila Ruiz,Derecho,35,Masculino,4
4779,Camila Castillo,Psicología,34,Masculino,6
4780,Daniela Gómez,Psicología,23,Masculino,5
4781,Sofía Morales,Derecho,20,Femenino,7
4782,María Vega,Derecho,30,Femenino,4
4783,Carlos Pérez,Administración,20,Femenino,3
4784,Pedro Morales,Contabilidad,22,Masculino,5
4785,Pedro Vega,Contabilidad,26,Masculino,8
4786,Carlos Castillo,Sistemas,19,Masculino,3
4787,Ana Vega,Derecho,19,Masculino,5
4788,Pedro Pérez,Contabilidad,20,Masculino,9
4789,Camila Castillo,Administración,22,Femenino,2
4790,Pedro López,Educación,19,Masculino,4
4791,Camila Morales,Educación,24,Femenino,10
4792,María Pérez,Sistemas,19,Masculino,1
4793,Sofía Pérez,Psicología,25,Masculino,9
4794,Daniela Vega,Sistemas,18,Femenino,9
4795,Ana Torres,Psicología,25,Femenino,5
4796,Luis Díaz,Psicología,23,Masculino,10
4797,María Pérez,Contabilidad,25,Femenino,7
4798,Pedro Gómez,Administración,31,Femenino,3
4799,Andrés Pérez,Psicología,20,Masculino,3
4800,Pedro Vega,Sistemas,29,Femenino,8
4801,José Ramírez,Sistemas,29,Masculino,2
4802,Luis Pérez,Contabilidad,35,Masculino,4
4803,Ana Ruiz,Derecho,33,Masculino,10
4804,Daniela Ruiz,Psicología,27,Masculino,2
4805,Andrés Ruiz,Sistemas,27,Masculino,7
4806,Sofía López,Derecho,31,Femenino,1
4807,Luis Morales,Derecho,31,Femenino,2
4808,Andrés Ramírez,Derecho,30,Masculino,9
4809,Andrés López,Derecho,25,Femenino,9
4810,Andrés Díaz,Sistemas,20,Femenino,3
4811,Daniela Morales,Administración,23,Masculino,7
4812,Pedro Morales,Derecho,34,Masculino,10
4813,María Ramírez,Educación,30,Masculino,7
4814,Camila Torres,Administración,35,Masculino,8
4815,José Ruiz,Psicología,25,Femenino,10
4816,Andrés Gómez,Administración,28,Femenino,10
4817,Daniela Ramírez,Derecho,22,Femenino,6
4818,Sofía Ramírez,Derecho,27,Masculino,9
4819,María Vega,Contabilidad,35,Masculino,6
4820,Ana Gómez,Educación,27,Masculino,8
4821,Luis Morales,Contabilidad,33,Masculino,10
4822,Luis Torres,Psicología,29,Femenino,6
4823,Luis Vega,Psicología,32,Masculino,2
4824,José Vega,Derecho,19,Masculino,6
4825,Ana Pérez,Educación,23,Femenino,5
4826,Sofía Torres,Psicología,32,Femenino,6
4827,Daniela Pérez,Educación,25,Masculino,3
4828,Sofía López,Sistemas,21,Masculino,3
4829,Camila Pérez,Sistemas,34,Femenino,1
4830,Daniela Castillo,Administración,18,Femenino,10
4831,Camila Torres,Administración,23,Masculino,4
4832,Pedro Ruiz,Administración,21,Masculino,7
4833,Carlos Pérez,Sistemas,33,Masculino,1
4834,Carlos Castillo,Administración,30,Femenino,3
4835,José Ruiz,Derecho,29,Masculino,8
4836,José Pérez,Educación,28,Femenino,2
4837,José Castillo,Derecho,29,Femenino,8
4838,José Pérez,Educación,30,Femenino,4
4839,Camila Castillo,Contabilidad,29,Masculino,5
4840,Camila Gómez,Contabilidad,30,Femenino,9
4841,Andrés Morales,Contabilidad,34,Masculino,5
4842,Andrés López,Contabilidad,35,Masculino,6
4843,Andrés Morales,Educación,23,Femenino,8
4844,María Morales,Derecho,27,Femenino,4
4845,Carlos Pérez,Educación,32,Femenino,6
4846,Andrés Ramírez,Sistemas,34,Femenino,4
4847,Carlos Morales,Psicología,35,Masculino,5
4848,José López,Educación,31,Femenino,9
4849,Ana Díaz,Sistemas,27,Femenino,1
4850,Camila Pérez,Psicología,23,Femenino,7
4851,Daniela Torres,Educación,18,Masculino,8
4852,María Castillo,Administración,24,Masculino,8
4853,Daniela López,Educación,33,Masculino,10
4854,Camila Castillo,Educación,29,Masculino,4
4855,Andrés Pérez,Sistemas,31,Masculino,6
4856,Andrés Díaz,Sistemas,29,Masculino,3
4857,Ana Castillo,Contabilidad,18,Masculino,9
4858,Luis Castillo,Administración,28,Masculino,2
4859,Carlos Ramírez,Psicología,26,Masculino,4
4860,Daniela Ruiz,Contabilidad,24,Masculino,2
4861,Luis Torres,Administración,29,Masculino,5
4862,Carlos Morales,Contabilidad,23,Femenino,5
4863,Carlos Vega,Derecho,30,Masculino,6
4864,Luis Pérez,Psicología,29,Femenino,4
4865,Andrés López,Psicología,29,Femenino,5
4866,Camila Gómez,Contabilidad,31,Masculino,10
4867,Luis Ruiz,Administración,28,Masculino,2
4868,Daniela Castillo,Contabilidad,29,Femenino,4
4869,Daniela Pérez,Derecho,22,Femenino,3
4870,Andrés Gómez,Derecho,32,Masculino,4
4871,Daniela Castillo,Derecho,21,Masculino,2
4872,Camila Ramírez,Contabilidad,31,Masculino,7
4873,José Gómez,Administración,31,Masculino,9
4874,José Vega,Sistemas,34,Femenino,7
4875,Carlos Pérez,Psicología,19,Femenino,10
4876,María Gómez,Psicología,31,Masculino,1
4877,María Ruiz,Psicología,28,Masculino,7
4878,Daniela Pérez,Contabilidad,28,Masculino,6
4879,Sofía Ruiz,Psicología,22,Masculino,7
4880,Daniela López,Educación,21,Masculino,4
4881,José López,Psicología,35,Masculino,5
4882,Andrés Díaz,Sistemas,27,Masculino,1
4883,Carlos Díaz,Psicología,25,Femenino,5
4884,Camila Pérez,Educación,22,Masculino,4
4885,Luis López,Contabilidad,22,Femenino,6
4886,Camila Ramírez,Derecho,32,Masculino,10
4887,Sofía Gómez,Sistemas,28,Femenino,10
4888,Ana Castillo,Educación,26,Masculino,2
4889,Andrés López,Educación,27,Masculino,7
4890,Sofía Díaz,Administración,20,Masculino,3
4891,Sofía Ramírez,Derecho,21,Masculino,6
4892,Ana Morales,Administración,21,Femenino,10
4893,Carlos Morales,Contabilidad,20,Femenino,4
4894,Carlos Vega,Sistemas,31,Masculino,10
4895,Luis Pérez,Educación,34,Femenino,4
4896,Sofía Torres,Administración,21,Masculino,7
4897,Sofía Gómez,Contabilidad,32,Masculino,8
4898,Pedro Ramírez,Sistemas,18,Femenino,3
4899,Sofía Vega,Educación,32,Femenino,1
4900,Daniela Castillo,Contabilidad,20,Femenino,4
4901,Ana Castillo,Contabilidad,28,Masculino,1
4902,Carlos Pérez,Administración,30,Masculino,9
4903,Daniela Vega,Psicología,19,Masculino,5
4904,Camila Pérez,Administración,28,Femenino,8
4905,Pedro Pérez,Administración,19,Femenino,1
4906,Sofía López,Contabilidad,31,Femenino,6
4907,José Gómez,Psicología,22,Masculino,7
4908,Andrés Vega,Sistemas,19,Masculino,4
4909,Andrés Torres,Derecho,23,Masculino,1
4910,Camila Gómez,Administración,25,Femenino,7
4911,Ana Gómez,Psicología,27,Masculino,3
4912,Ana Gómez,Administración,35,Masculino,6
4913,María Torres,Sistemas,35,Masculino,2
4914,Pedro Vega,Sistemas,31,Masculino,7
4915,Ana López,Psicología,20,Femenino,4
4916,Pedro Ruiz,Sistemas,32,Femenino,8
4917,Pedro Ramírez,Administración,19,Masculino,1
4918,Camila Torres,Sistemas,26,Masculino,1
4919,Daniela Pérez,Derecho,21,Femenino,4
4920,José Vega,Contabilidad,18,Femenino,2
4921,Carlos López,Derecho,18,Femenino,2
4922,Luis Ruiz,Sistemas,26,Femenino,6
4923,José Díaz,Derecho,33,Masculino,10
4924,Pedro Díaz,Contabilidad,30,Masculino,10
4925,Carlos Ramírez,Derecho,33,Masculino,4
4926,Daniela Ramírez,Educación,21,Femenino,3
4927,Pedro López,Psicología,29,Femenino,2
4928,Carlos Morales,Derecho,32,Masculino,1
4929,Camila Díaz,Derecho,24,Femenino,2
4930,María Vega,Psicología,33,Femenino,1
4931,Carlos Torres,Administración,27,Femenino,2
4932,José Castillo,Derecho,30,Masculino,8
4933,Pedro López,Educación,24,Masculino,5
4934,Luis Gómez,Derecho,31,Masculino,5
4935,Carlos Gómez,Contabilidad,23,Femenino,9
4936,María Gómez,Psicología,30,Femenino,4
4937,Pedro Castillo,Derecho,18,Femenino,7
4938,Camila Morales,Psicología,30,Femenino,1
4939,María Morales,Psicología,35,Masculino,1
4940,Ana Castillo,Psicología,25,Femenino,10
4941,María Morales,Educación,25,Masculino,6
4942,Sofía Torres,Educación,22,Masculino,3
4943,Daniela Pérez,Derecho,28,Masculino,5
4944,Luis Pérez,Contabilidad,19,Femenino,3
4945,Sofía Gómez,Sistemas,35,Femenino,3
4946,Carlos Vega,Administración,26,Femenino,2
4947,Andrés López,Sistemas,20,Masculino,8
4948,Sofía Morales,Educación,19,Femenino,6
4949,Daniela Vega,Psicología,34,Femenino,10
4950,Daniela Castillo,Psicología,32,Masculino,6
4951,Carlos Torres,Sistemas,33,Masculino,2
4952,José Vega,Derecho,28,Femenino,6
4953,Andrés Gómez,Psicología,35,Masculino,1
4954,Pedro Gómez,Derecho,24,Femenino,7
4955,María Gómez,Derecho,24,Masculino,3
4956,Sofía Ramírez,Contabilidad,29,Femenino,3
4957,Pedro Gómez,Derecho,27,Femenino,4
4958,Daniela Vega,Psicología,20,Masculino,10
4959,María Vega,Educación,19,Femenino,9
4960,Carlos Pérez,Sistemas,24,Masculino,8
4961,Luis Morales,Derecho,29,Masculino,3
4962,Luis Morales,Administración,24,Femenino,2
4963,María Gómez,Derecho,34,Femenino,5
4964,Sofía Pérez,Sistemas,27,Masculino,4
4965,Daniela Torres,Psicología,29,Femenino,6
4966,Andrés Díaz,Psicología,25,Femenino,7
4967,María Ruiz,Psicología,35,Masculino,3
4968,Daniela Castillo,Educación,24,Masculino,3
4969,Camila Díaz,Sistemas,32,Femenino,2
4970,Sofía Torres,Contabilidad,35,Masculino,5
4971,Daniela Morales,Administración,21,Masculino,4
4972,Pedro Pérez,Sistemas,35,Femenino,4
4973,Sofía Ruiz,Contabilidad,29,Femenino,2
4974,María Vega,Contabilidad,28,Masculino,2
4975,Camila Morales,Administración,19,Masculino,1
4976,Daniela Ruiz,Derecho,34,Femenino,10
4977,Ana Ruiz,Derecho,27,Femenino,10
4978,Andrés Ramírez,Administración,26,Masculino,9
4979,Sofía Ruiz,Administración,21,Femenino,8
4980,María Díaz,Educación,20,Femenino,7
4981,Andrés Gómez,Sistemas,24,Masculino,10
4982,Daniela López,Derecho,32,Masculino,8
4983,Carlos Gómez,Derecho,25,Femenino,1
4984,Carlos Castillo,Administración,23,Masculino,5
4985,Luis Ruiz,Psicología,25,Masculino,7
4986,María Torres,Educación,25,Femenino,6
4987,José Pérez,Sistemas,35,Masculino,5
4988,José Castillo,Administración,27,Femenino,3
4989,Ana Torres,Educación,26,Masculino,6
4990,Ana Ruiz,Contabilidad,32,Femenino,6
4991,Luis Gómez,Educación,34,Femenino,2
4992,Camila Morales,Contabilidad,18,Femenino,2
4993,José Ramírez,Contabilidad,24,Masculino,4
4994,Daniela Pérez,Contabilidad,27,Masculino,5
4995,Camila Gómez,Educación,19,Masculino,7
4996,Luis Gómez,Sistemas,24,Femenino,7
4997,Camila Ruiz,Contabilidad,23,Masculino,1
4998,Carlos López,Derecho,30,Femenino,7
4999,Sofía Morales,Psicología,23,Masculino,10
5000,Camila López,Administración,35,Femenino,2
